movie_idx,movieId,title,genres
0,1,Toy Story (1995),Adventure|Animation|Children|Comedy|Fantasy
1,2,Jumanji (1995),Adventure|Children|Fantasy
2,3,Grumpier Old Men (1995),Comedy|Romance
3,4,Waiting to Exhale (1995),Comedy|Drama|Romance
4,5,Father of the Bride Part II (1995),Comedy
5,6,Heat (1995),Action|Crime|Thriller
6,7,Sabrina (1995),Comedy|Romance
7,8,Tom and Huck (1995),Adventure|Children
8,9,Sudden Death (1995),Action
9,10,GoldenEye (1995),Action|Adventure|Thriller
10,11,"American President, The (1995)",Comedy|Drama|Romance
11,12,Dracula: Dead and Loving It (1995),Comedy|Horror
12,13,Balto (1995),Adventure|Animation|Children
13,14,Nixon (1995),Drama
14,15,Cutthroat Island (1995),Action|Adventure|Romance
15,16,Casino (1995),Crime|Drama
16,17,Sense and Sensibility (1995),Drama|Romance
17,18,Four Rooms (1995),Comedy
18,19,Ace Ventura: When Nature Calls (1995),Comedy
19,20,Money Train (1995),Action|Comedy|Crime|Drama|Thriller
20,21,Get Shorty (1995),Comedy|Crime|Thriller
21,22,Copycat (1995),Crime|Drama|Horror|Mystery|Thriller
22,23,Assassins (1995),Action|Crime|Thriller
23,24,Powder (1995),Drama|Sci-Fi
24,25,Leaving Las Vegas (1995),Drama|Romance
25,26,Othello (1995),Drama
26,27,Now and Then (1995),Children|Drama
27,28,Persuasion (1995),Drama|Romance
28,29,"City of Lost Children, The (Cité des enfants perdus, La) (1995)",Adventure|Drama|Fantasy|Mystery|Sci-Fi
29,30,Shanghai Triad (Yao a yao yao dao waipo qiao) (1995),Crime|Drama
30,31,Dangerous Minds (1995),Drama
31,32,Twelve Monkeys (a.k.a. 12 Monkeys) (1995),Mystery|Sci-Fi|Thriller
32,33,Wings of Courage (1995),Adventure|Romance|IMAX
33,34,Babe (1995),Children|Drama
34,35,Carrington (1995),Drama|Romance
35,36,Dead Man Walking (1995),Crime|Drama
36,37,Across the Sea of Time (1995),Documentary|IMAX
37,38,It Takes Two (1995),Children|Comedy
38,39,Clueless (1995),Comedy|Romance
39,40,"Cry, the Beloved Country (1995)",Drama
40,41,Richard III (1995),Drama|War
41,42,Dead Presidents (1995),Action|Crime|Drama
42,43,Restoration (1995),Drama
43,44,Mortal Kombat (1995),Action|Adventure|Fantasy
44,45,To Die For (1995),Comedy|Drama|Thriller
45,46,How to Make an American Quilt (1995),Drama|Romance
46,47,Seven (a.k.a. Se7en) (1995),Mystery|Thriller
47,48,Pocahontas (1995),Animation|Children|Drama|Musical|Romance
48,49,When Night Is Falling (1995),Drama|Romance
49,50,"Usual Suspects, The (1995)",Crime|Mystery|Thriller
50,52,Mighty Aphrodite (1995),Comedy|Drama|Romance
51,53,Lamerica (1994),Adventure|Drama
52,54,"Big Green, The (1995)",Children|Comedy
53,55,Georgia (1995),Drama
54,56,Kids of the Round Table (1995),Adventure|Children|Fantasy
55,57,Home for the Holidays (1995),Drama
56,58,"Postman, The (Postino, Il) (1994)",Comedy|Drama|Romance
57,59,"Confessional, The (Confessionnal, Le) (1995)",Drama|Mystery
58,60,"Indian in the Cupboard, The (1995)",Adventure|Children|Fantasy
59,61,Eye for an Eye (1996),Drama|Thriller
60,62,Mr. Holland's Opus (1995),Drama
61,63,Don't Be a Menace to South Central While Drinking Your Juice in the Hood (1996),Comedy|Crime
62,64,Two if by Sea (1996),Comedy|Romance
63,65,Bio-Dome (1996),Comedy
64,66,Lawnmower Man 2: Beyond Cyberspace (1996),Action|Sci-Fi|Thriller
65,67,Two Bits (1995),Drama
66,68,French Twist (Gazon maudit) (1995),Comedy|Romance
67,69,Friday (1995),Comedy
68,70,From Dusk Till Dawn (1996),Action|Comedy|Horror|Thriller
69,71,Fair Game (1995),Action
70,72,Kicking and Screaming (1995),Comedy|Drama
71,73,"Misérables, Les (1995)",Drama|War
72,74,Bed of Roses (1996),Drama|Romance
73,75,Big Bully (1996),Comedy|Drama
74,76,Screamers (1995),Action|Sci-Fi|Thriller
75,77,Nico Icon (1995),Documentary
76,78,"Crossing Guard, The (1995)",Action|Crime|Drama|Thriller
77,79,"Juror, The (1996)",Drama|Thriller
78,80,"White Balloon, The (Badkonake sefid) (1995)",Children|Drama
79,81,Things to Do in Denver When You're Dead (1995),Crime|Drama|Romance
80,82,Antonia's Line (Antonia) (1995),Comedy|Drama
81,83,Once Upon a Time... When We Were Colored (1995),Drama|Romance
82,84,Last Summer in the Hamptons (1995),Comedy|Drama
83,85,Angels and Insects (1995),Drama|Romance
84,86,White Squall (1996),Action|Adventure|Drama
85,87,Dunston Checks In (1996),Children|Comedy
86,88,Black Sheep (1996),Comedy
87,89,Nick of Time (1995),Action|Thriller
88,90,"Journey of August King, The (1995)",Drama
89,92,Mary Reilly (1996),Drama|Horror|Thriller
90,93,Vampire in Brooklyn (1995),Comedy|Horror|Romance
91,94,Beautiful Girls (1996),Comedy|Drama|Romance
92,95,Broken Arrow (1996),Action|Adventure|Thriller
93,96,In the Bleak Midwinter (1995),Comedy|Drama
94,97,"Hate (Haine, La) (1995)",Crime|Drama
95,98,Shopping (1994),Action|Thriller
96,99,Heidi Fleiss: Hollywood Madam (1995),Documentary
97,100,City Hall (1996),Drama|Thriller
98,101,Bottle Rocket (1996),Adventure|Comedy|Crime|Romance
99,102,Mr. Wrong (1996),Comedy
100,103,Unforgettable (1996),Mystery|Sci-Fi|Thriller
101,104,Happy Gilmore (1996),Comedy
102,105,"Bridges of Madison County, The (1995)",Drama|Romance
103,106,Nobody Loves Me (Keiner liebt mich) (1994),Comedy|Drama
104,107,Muppet Treasure Island (1996),Adventure|Children|Comedy|Musical
105,108,Catwalk (1996),Documentary
106,110,Braveheart (1995),Action|Drama|War
107,111,Taxi Driver (1976),Crime|Drama|Thriller
108,112,Rumble in the Bronx (Hont faan kui) (1995),Action|Adventure|Comedy|Crime
109,113,Before and After (1996),Drama|Mystery
110,114,Margaret's Museum (1995),Drama
111,116,Anne Frank Remembered (1995),Documentary
112,117,"Young Poisoner's Handbook, The (1995)",Crime|Drama
113,118,If Lucy Fell (1996),Comedy|Romance
114,119,"Steal Big, Steal Little (1995)",Comedy
115,120,Race the Sun (1996),Adventure|Comedy|Drama
116,121,"Boys of St. Vincent, The (1992)",Drama
117,122,Boomerang (1992),Comedy|Romance
118,123,Chungking Express (Chung Hing sam lam) (1994),Drama|Mystery|Romance
119,124,"Star Maker, The (Uomo delle stelle, L') (1995)",Drama
120,125,Flirting With Disaster (1996),Comedy
121,126,"NeverEnding Story III, The (1994)",Adventure|Children|Fantasy
122,128,Jupiter's Wife (1994),Documentary
123,129,Pie in the Sky (1996),Comedy|Romance
124,131,Frankie Starlight (1995),Drama|Romance
125,132,Jade (1995),Thriller
126,135,Down Periscope (1996),Comedy
127,136,From the Journals of Jean Seberg (1995),Documentary
128,137,Man of the Year (1995),Documentary
129,138,"Neon Bible, The (1995)",Drama
130,140,Up Close and Personal (1996),Drama|Romance
131,141,"Birdcage, The (1996)",Comedy
132,144,"Brothers McMullen, The (1995)",Comedy
133,145,Bad Boys (1995),Action|Comedy|Crime|Drama|Thriller
134,146,"Amazing Panda Adventure, The (1995)",Adventure|Children
135,147,"Basketball Diaries, The (1995)",Drama
136,148,"Awfully Big Adventure, An (1995)",Drama
137,149,Amateur (1994),Crime|Drama|Thriller
138,150,Apollo 13 (1995),Adventure|Drama|IMAX
139,151,Rob Roy (1995),Action|Drama|Romance|War
140,152,"Addiction, The (1995)",Drama|Horror
141,153,Batman Forever (1995),Action|Adventure|Comedy|Crime
142,154,Beauty of the Day (Belle de jour) (1967),Drama
143,155,Beyond Rangoon (1995),Adventure|Drama|War
144,156,Blue in the Face (1995),Comedy|Drama
145,157,Canadian Bacon (1995),Comedy|War
146,158,Casper (1995),Adventure|Children
147,159,Clockers (1995),Crime|Drama|Mystery
148,160,Congo (1995),Action|Adventure|Mystery|Sci-Fi
149,161,Crimson Tide (1995),Drama|Thriller|War
150,162,Crumb (1994),Documentary
151,163,Desperado (1995),Action|Romance|Western
152,164,Devil in a Blue Dress (1995),Crime|Film-Noir|Mystery|Thriller
153,165,Die Hard: With a Vengeance (1995),Action|Crime|Thriller
154,166,"Doom Generation, The (1995)",Comedy|Crime|Drama
155,167,Feast of July (1995),Drama
156,168,First Knight (1995),Action|Drama|Romance
157,169,Free Willy 2: The Adventure Home (1995),Adventure|Children|Drama
158,170,Hackers (1995),Action|Adventure|Crime|Thriller
159,171,Jeffrey (1995),Comedy|Drama
160,172,Johnny Mnemonic (1995),Action|Sci-Fi|Thriller
161,173,Judge Dredd (1995),Action|Crime|Sci-Fi
162,174,Jury Duty (1995),Comedy
163,175,Kids (1995),Drama
164,176,Living in Oblivion (1995),Comedy
165,177,Lord of Illusions (1995),Horror
166,178,Love & Human Remains (1993),Comedy|Drama
167,179,Mad Love (1995),Drama|Romance
168,180,Mallrats (1995),Comedy|Romance
169,181,Mighty Morphin Power Rangers: The Movie (1995),Action|Children
170,182,Moonlight and Valentino (1995),Drama|Romance
171,183,Mute Witness (1994),Comedy|Horror|Thriller
172,184,Nadja (1994),Drama
173,185,"Net, The (1995)",Action|Crime|Thriller
174,186,Nine Months (1995),Comedy|Romance
175,187,Party Girl (1995),Comedy
176,188,"Prophecy, The (1995)",Fantasy|Horror|Mystery
177,189,Reckless (1995),Comedy|Fantasy
178,190,Safe (1995),Thriller
179,191,"Scarlet Letter, The (1995)",Drama|Romance
180,192,"Show, The (1995)",Documentary
181,193,Showgirls (1995),Drama
182,194,Smoke (1995),Comedy|Drama
183,195,Something to Talk About (1995),Comedy|Drama|Romance
184,196,Species (1995),Horror|Sci-Fi
185,197,"Stars Fell on Henrietta, The (1995)",Drama
186,198,Strange Days (1995),Action|Crime|Drama|Mystery|Sci-Fi|Thriller
187,199,"Umbrellas of Cherbourg, The (Parapluies de Cherbourg, Les) (1964)",Drama|Musical|Romance
188,200,"Tie That Binds, The (1995)",Thriller
189,201,Three Wishes (1995),Drama|Fantasy
190,202,Total Eclipse (1995),Drama|Romance
191,203,"To Wong Foo, Thanks for Everything! Julie Newmar (1995)",Comedy
192,204,Under Siege 2: Dark Territory (1995),Action
193,205,Unstrung Heroes (1995),Comedy|Drama
194,206,Unzipped (1995),Documentary
195,207,"Walk in the Clouds, A (1995)",Drama|Romance
196,208,Waterworld (1995),Action|Adventure|Sci-Fi
197,209,White Man's Burden (1995),Drama
198,210,Wild Bill (1995),Western
199,211,"Browning Version, The (1994)",Drama
200,212,Bushwhacked (1995),Adventure|Comedy|Crime|Mystery
201,213,Burnt by the Sun (Utomlyonnye solntsem) (1994),Drama
202,214,Before the Rain (Pred dozhdot) (1994),Drama|War
203,215,Before Sunrise (1995),Drama|Romance
204,216,Billy Madison (1995),Comedy
205,217,"Babysitter, The (1995)",Drama|Thriller
206,218,Boys on the Side (1995),Comedy|Drama
207,219,"Cure, The (1995)",Drama
208,220,Castle Freak (1995),Horror
209,222,Circle of Friends (1995),Drama|Romance
210,223,Clerks (1994),Comedy
211,224,Don Juan DeMarco (1995),Comedy|Drama|Romance
212,225,Disclosure (1994),Drama|Thriller
213,227,Drop Zone (1994),Action|Thriller
214,228,Destiny Turns on the Radio (1995),Comedy
215,229,Death and the Maiden (1994),Drama|Thriller
216,230,Dolores Claiborne (1995),Drama|Thriller
217,231,Dumb & Dumber (Dumb and Dumber) (1994),Adventure|Comedy
218,232,Eat Drink Man Woman (Yin shi nan nu) (1994),Comedy|Drama|Romance
219,233,Exotica (1994),Drama
220,234,Exit to Eden (1994),Comedy
221,235,Ed Wood (1994),Comedy|Drama
222,236,French Kiss (1995),Action|Comedy|Romance
223,237,Forget Paris (1995),Comedy|Romance
224,238,Far From Home: The Adventures of Yellow Dog (1995),Adventure|Children
225,239,"Goofy Movie, A (1995)",Animation|Children|Comedy|Romance
226,240,Hideaway (1995),Thriller
227,241,Fluke (1995),Children|Drama
228,242,Farinelli: il castrato (1994),Drama|Musical
229,243,Gordy (1995),Children|Comedy|Fantasy
230,244,Gumby: The Movie (1995),Animation|Children
231,245,"Glass Shield, The (1994)",Crime|Drama
232,246,Hoop Dreams (1994),Documentary
233,247,Heavenly Creatures (1994),Crime|Drama
234,248,Houseguest (1994),Comedy
235,249,Immortal Beloved (1994),Drama|Romance
236,250,Heavyweights (Heavy Weights) (1995),Children|Comedy
237,251,"Hunted, The (1995)",Action
238,252,I.Q. (1994),Comedy|Romance
239,253,Interview with the Vampire: The Vampire Chronicles (1994),Drama|Horror
240,254,Jefferson in Paris (1995),Drama
241,255,"Jerky Boys, The (1995)",Comedy
242,256,Junior (1994),Comedy|Sci-Fi
243,257,Just Cause (1995),Mystery|Thriller
244,258,"Kid in King Arthur's Court, A (1995)",Adventure|Children|Comedy|Fantasy|Romance
245,259,Kiss of Death (1995),Crime|Drama|Thriller
246,260,Star Wars: Episode IV - A New Hope (1977),Action|Adventure|Sci-Fi
247,261,Little Women (1994),Drama
248,262,"Little Princess, A (1995)",Children|Drama
249,263,Ladybird Ladybird (1994),Drama
250,264,"Enfer, L' (1994)",Drama
251,265,Like Water for Chocolate (Como agua para chocolate) (1992),Drama|Fantasy|Romance
252,266,Legends of the Fall (1994),Drama|Romance|War|Western
253,267,Major Payne (1995),Comedy
254,268,Little Odessa (1994),Crime|Drama
255,269,My Crazy Life (Mi vida loca) (1993),Drama
256,270,Love Affair (1994),Drama|Romance
257,271,Losing Isaiah (1995),Drama
258,272,"Madness of King George, The (1994)",Comedy|Drama
259,273,Mary Shelley's Frankenstein (Frankenstein) (1994),Drama|Horror|Sci-Fi
260,274,Man of the House (1995),Comedy
261,275,Mixed Nuts (1994),Comedy
262,276,Milk Money (1994),Comedy|Romance
263,277,Miracle on 34th Street (1994),Drama
264,278,Miami Rhapsody (1995),Comedy
265,279,My Family (1995),Drama
266,280,Murder in the First (1995),Drama|Thriller
267,281,Nobody's Fool (1994),Comedy|Drama|Romance
268,282,Nell (1994),Drama
269,283,New Jersey Drive (1995),Crime|Drama
270,285,Beyond Bedlam (1993),Drama|Horror
271,286,Nemesis 2: Nebula (1995),Action|Sci-Fi|Thriller
272,287,Nina Takes a Lover (1994),Comedy|Romance
273,288,Natural Born Killers (1994),Action|Crime|Thriller
274,289,Only You (1994),Comedy|Romance
275,290,Once Were Warriors (1994),Crime|Drama
276,291,Poison Ivy II (1996),Drama|Thriller
277,292,Outbreak (1995),Action|Drama|Sci-Fi|Thriller
278,293,Léon: The Professional (a.k.a. The Professional) (Léon) (1994),Action|Crime|Drama|Thriller
279,294,"Perez Family, The (1995)",Comedy|Romance
280,295,"Pyromaniac's Love Story, A (1995)",Comedy|Romance
281,296,Pulp Fiction (1994),Comedy|Crime|Drama|Thriller
282,297,Panther (1995),Drama
283,298,Pushing Hands (Tui shou) (1992),Drama
284,299,Priest (1994),Drama
285,300,Quiz Show (1994),Drama
286,301,Picture Bride (Bijo photo) (1994),Drama|Romance
287,302,"Queen Margot (Reine Margot, La) (1994)",Drama|Romance
288,303,"Quick and the Dead, The (1995)",Action|Thriller|Western
289,304,Roommates (1995),Comedy|Drama
290,305,Ready to Wear (Pret-A-Porter) (1994),Comedy
291,306,Three Colors: Red (Trois couleurs: Rouge) (1994),Drama
292,307,Three Colors: Blue (Trois couleurs: Bleu) (1993),Drama
293,308,Three Colors: White (Trzy kolory: Bialy) (1994),Comedy|Drama
294,309,"Red Firecracker, Green Firecracker (Pao Da Shuang Deng) (1994)",Drama
295,310,Rent-a-Kid (1995),Comedy
296,311,Relative Fear (1994),Horror|Thriller
297,312,Stuart Saves His Family (1995),Comedy
298,313,"Swan Princess, The (1994)",Animation|Children
299,314,"Secret of Roan Inish, The (1994)",Children|Drama|Fantasy|Mystery
300,315,"Specialist, The (1994)",Action|Drama|Thriller
301,316,Stargate (1994),Action|Adventure|Sci-Fi
302,317,"Santa Clause, The (1994)",Comedy|Drama|Fantasy
303,318,"Shawshank Redemption, The (1994)",Crime|Drama
304,319,Shallow Grave (1994),Comedy|Drama|Thriller
305,320,Suture (1993),Film-Noir|Thriller
306,321,Strawberry and Chocolate (Fresa y chocolate) (1993),Drama
307,322,Swimming with Sharks (1995),Comedy|Drama
308,324,"Sum of Us, The (1994)",Comedy|Drama
309,325,National Lampoon's Senior Trip (1995),Comedy
310,326,To Live (Huozhe) (1994),Drama
311,327,Tank Girl (1995),Action|Comedy|Sci-Fi
312,328,Tales from the Crypt Presents: Demon Knight (1995),Horror|Thriller
313,329,Star Trek: Generations (1994),Adventure|Drama|Sci-Fi
314,330,Tales from the Hood (1995),Action|Crime|Horror
315,331,Tom & Viv (1994),Drama
316,332,Village of the Damned (1995),Horror|Sci-Fi
317,333,Tommy Boy (1995),Comedy
318,334,Vanya on 42nd Street (1994),Drama
319,335,Underneath (1995),Mystery|Thriller
320,336,"Walking Dead, The (1995)",Drama|War
321,337,What's Eating Gilbert Grape (1993),Drama
322,338,Virtuosity (1995),Action|Sci-Fi|Thriller
323,339,While You Were Sleeping (1995),Comedy|Romance
324,340,"War, The (1994)",Adventure|Drama|War
325,341,Double Happiness (1994),Drama
326,342,Muriel's Wedding (1994),Comedy
327,343,"Baby-Sitters Club, The (1995)",Children
328,344,Ace Ventura: Pet Detective (1994),Comedy
329,345,"Adventures of Priscilla, Queen of the Desert, The (1994)",Comedy|Drama
330,346,Backbeat (1993),Drama|Musical
331,347,Bitter Moon (1992),Drama|Film-Noir|Romance
332,348,Bullets Over Broadway (1994),Comedy
333,349,Clear and Present Danger (1994),Action|Crime|Drama|Thriller
334,350,"Client, The (1994)",Drama|Mystery|Thriller
335,351,"Corrina, Corrina (1994)",Comedy|Drama|Romance
336,352,Crooklyn (1994),Comedy|Drama
337,353,"Crow, The (1994)",Action|Crime|Fantasy|Thriller
338,354,Cobb (1994),Drama
339,355,"Flintstones, The (1994)",Children|Comedy|Fantasy
340,356,Forrest Gump (1994),Comedy|Drama|Romance|War
341,357,Four Weddings and a Funeral (1994),Comedy|Romance
342,358,Higher Learning (1995),Drama
343,359,I Like It Like That (1994),Comedy|Drama|Romance
344,360,I Love Trouble (1994),Action|Comedy
345,361,It Could Happen to You (1994),Comedy|Drama|Romance
346,362,"Jungle Book, The (1994)",Adventure|Children|Romance
347,363,"Wonderful, Horrible Life of Leni Riefenstahl, The (Macht der Bilder: Leni Riefenstahl, Die) (1993)",Documentary
348,364,"Lion King, The (1994)",Adventure|Animation|Children|Drama|Musical|IMAX
349,365,Little Buddha (1993),Drama
350,366,"Wes Craven's New Nightmare (Nightmare on Elm Street Part 7: Freddy's Finale, A) (1994)",Drama|Horror|Mystery|Thriller
351,367,"Mask, The (1994)",Action|Comedy|Crime|Fantasy
352,368,Maverick (1994),Adventure|Comedy|Western
353,369,Mrs. Parker and the Vicious Circle (1994),Drama
354,370,Naked Gun 33 1/3: The Final Insult (1994),Action|Comedy
355,371,"Paper, The (1994)",Comedy|Drama
356,372,Reality Bites (1994),Comedy|Drama|Romance
357,373,Red Rock West (1992),Thriller
358,374,Richie Rich (1994),Children|Comedy
359,375,Safe Passage (1994),Drama
360,376,"River Wild, The (1994)",Action|Thriller
361,377,Speed (1994),Action|Romance|Thriller
362,378,Speechless (1994),Comedy|Romance
363,379,Timecop (1994),Action|Sci-Fi|Thriller
364,380,True Lies (1994),Action|Adventure|Comedy|Romance|Thriller
365,381,When a Man Loves a Woman (1994),Drama|Romance
366,382,Wolf (1994),Drama|Horror|Romance|Thriller
367,383,Wyatt Earp (1994),Western
368,384,Bad Company (1995),Action|Crime|Drama
369,385,"Man of No Importance, A (1994)",Drama
370,386,S.F.W. (1994),Drama
371,387,"Low Down Dirty Shame, A (1994)",Action|Comedy
372,388,Boys Life (1995),Drama
373,389,"Colonel Chabert, Le (1994)",Drama|Romance|War
374,390,Faster Pussycat! Kill! Kill! (1965),Action|Crime|Drama
375,391,Jason's Lyric (1994),Crime|Drama
376,392,"Secret Adventures of Tom Thumb, The (1993)",Adventure|Animation
377,393,Street Fighter (1994),Action|Adventure|Fantasy
378,394,Coldblooded (1995),Comedy
379,397,"Fear, The (1995)",Horror
380,398,Frank and Ollie (1995),Documentary
381,402,Open Season (1996),Comedy
382,404,Brother Minister: The Assassination of Malcolm X (1994),Documentary
383,405,Highlander III: The Sorcerer (a.k.a. Highlander: The Final Dimension) (1994),Action|Fantasy
384,406,Federal Hill (1994),Drama
385,407,In the Mouth of Madness (1995),Horror|Thriller
386,408,8 Seconds (1994),Drama
387,409,Above the Rim (1994),Crime|Drama
388,410,Addams Family Values (1993),Children|Comedy|Fantasy
389,411,Martin Lawrence: You So Crazy (1994),Comedy|Documentary
390,412,"Age of Innocence, The (1993)",Drama
391,413,Airheads (1994),Comedy
392,414,"Air Up There, The (1994)",Comedy
393,415,Another Stakeout (1993),Comedy|Thriller
394,416,Bad Girls (1994),Western
395,417,Barcelona (1994),Comedy|Romance
396,418,Being Human (1993),Drama
397,419,"Beverly Hillbillies, The (1993)",Comedy
398,420,Beverly Hills Cop III (1994),Action|Comedy|Crime|Thriller
399,421,Black Beauty (1994),Adventure|Children|Drama
400,422,Blink (1994),Thriller
401,423,Blown Away (1994),Action|Thriller
402,424,Blue Chips (1994),Drama
403,425,Blue Sky (1994),Drama|Romance
404,426,Body Snatchers (1993),Horror|Sci-Fi|Thriller
405,427,Boxing Helena (1993),Drama|Mystery|Romance|Thriller
406,428,"Bronx Tale, A (1993)",Drama
407,429,Cabin Boy (1994),Comedy
408,430,Calendar Girl (1993),Comedy|Drama
409,431,Carlito's Way (1993),Crime|Drama
410,432,City Slickers II: The Legend of Curly's Gold (1994),Adventure|Comedy|Western
411,433,Clean Slate (1994),Comedy
412,434,Cliffhanger (1993),Action|Adventure|Thriller
413,435,Coneheads (1993),Comedy|Sci-Fi
414,436,Color of Night (1994),Drama|Thriller
415,437,Cops and Robbersons (1994),Comedy
416,438,"Cowboy Way, The (1994)",Action|Comedy|Drama
417,439,Dangerous Game (1993),Drama
418,440,Dave (1993),Comedy|Romance
419,441,Dazed and Confused (1993),Comedy
420,442,Demolition Man (1993),Action|Adventure|Sci-Fi
421,443,"Endless Summer 2, The (1994)",Adventure|Documentary
422,444,Even Cowgirls Get the Blues (1993),Comedy|Romance
423,445,Fatal Instinct (1993),Comedy
424,446,Farewell My Concubine (Ba wang bie ji) (1993),Drama|Romance
425,447,"Favor, The (1994)",Comedy|Romance
426,448,Fearless (1993),Drama
427,449,Fear of a Black Hat (1994),Comedy
428,450,With Honors (1994),Comedy|Drama
429,451,Flesh and Bone (1993),Drama|Mystery|Romance
430,452,Widows' Peak (1994),Drama
431,453,For Love or Money (1993),Comedy|Romance
432,454,"Firm, The (1993)",Drama|Thriller
433,455,Free Willy (1993),Adventure|Children|Drama
434,456,Fresh (1994),Crime|Drama|Thriller
435,457,"Fugitive, The (1993)",Thriller
436,458,Geronimo: An American Legend (1993),Drama|Western
437,459,"Getaway, The (1994)",Action|Adventure|Crime|Drama|Romance|Thriller
438,460,Getting Even with Dad (1994),Comedy
439,461,Go Fish (1994),Drama|Romance
440,462,"Good Man in Africa, A (1994)",Action|Adventure
441,463,Guilty as Sin (1993),Crime|Drama|Thriller
442,464,Hard Target (1993),Action|Adventure|Crime|Thriller
443,465,Heaven & Earth (1993),Action|Drama|War
444,466,Hot Shots! Part Deux (1993),Action|Comedy|War
445,467,Live Nude Girls (1995),Comedy
446,468,"Englishman Who Went Up a Hill But Came Down a Mountain, The (1995)",Comedy|Romance
447,469,"House of the Spirits, The (1993)",Drama|Romance
448,470,House Party 3 (1994),Comedy
449,471,"Hudsucker Proxy, The (1994)",Comedy
450,472,I'll Do Anything (1994),Comedy|Drama
451,473,In the Army Now (1994),Comedy|War
452,474,In the Line of Fire (1993),Action|Thriller
453,475,In the Name of the Father (1993),Drama
454,476,"Inkwell, The (1994)",Comedy|Drama
455,477,What's Love Got to Do with It? (1993),Drama|Musical
456,478,Jimmy Hollywood (1994),Comedy|Crime|Drama
457,479,Judgment Night (1993),Action|Crime|Thriller
458,480,Jurassic Park (1993),Action|Adventure|Sci-Fi|Thriller
459,481,Kalifornia (1993),Drama|Thriller
460,482,Killing Zoe (1994),Crime|Drama|Thriller
461,483,King of the Hill (1993),Drama
462,484,Lassie (1994),Adventure|Children
463,485,Last Action Hero (1993),Action|Adventure|Comedy|Fantasy
464,486,Life with Mikey (1993),Comedy
465,487,Lightning Jack (1994),Comedy|Western
466,488,M. Butterfly (1993),Drama|Romance
467,489,Made in America (1993),Comedy
468,490,Malice (1993),Thriller
469,491,"Man Without a Face, The (1993)",Drama
470,492,Manhattan Murder Mystery (1993),Comedy|Mystery
471,493,Menace II Society (1993),Action|Crime|Drama
472,494,Executive Decision (1996),Action|Adventure|Thriller
473,495,In the Realm of the Senses (Ai no corrida) (1976),Drama
474,496,What Happened Was... (1994),Comedy|Drama|Romance|Thriller
475,497,Much Ado About Nothing (1993),Comedy|Romance
476,498,Mr. Jones (1993),Drama|Romance
477,499,Mr. Wonderful (1993),Comedy|Romance
478,500,Mrs. Doubtfire (1993),Comedy|Drama
479,501,Naked (1993),Drama
480,502,"Next Karate Kid, The (1994)",Action|Children|Romance
481,503,"New Age, The (1994)",Drama
482,504,No Escape (1994),Action|Drama|Sci-Fi
483,505,North (1994),Comedy
484,506,Orlando (1992),Drama|Fantasy|Romance
485,507,"Perfect World, A (1993)",Crime|Drama|Thriller
486,508,Philadelphia (1993),Drama
487,509,"Piano, The (1993)",Drama|Romance
488,510,Poetic Justice (1993),Drama
489,511,"Program, The (1993)",Action|Drama
490,512,"Puppet Masters, The (1994)",Horror|Sci-Fi
491,513,Radioland Murders (1994),Comedy|Mystery|Romance
492,514,"Ref, The (1994)",Comedy
493,515,"Remains of the Day, The (1993)",Drama|Romance
494,516,Renaissance Man (1994),Comedy|Drama
495,517,Rising Sun (1993),Action|Drama|Mystery
496,518,"Road to Wellville, The (1994)",Comedy
497,519,RoboCop 3 (1993),Action|Crime|Drama|Sci-Fi|Thriller
498,520,Robin Hood: Men in Tights (1993),Comedy
499,521,Romeo Is Bleeding (1993),Crime|Thriller
500,522,Romper Stomper (1992),Action|Drama
501,523,Ruby in Paradise (1993),Drama
502,524,Rudy (1993),Drama
503,525,"Saint of Fort Washington, The (1993)",Drama
504,526,"Savage Nights (Nuits fauves, Les) (1992)",Drama
505,527,Schindler's List (1993),Drama|War
506,528,"Scout, The (1994)",Comedy|Drama
507,529,Searching for Bobby Fischer (1993),Drama
508,531,"Secret Garden, The (1993)",Children|Drama
509,532,Serial Mom (1994),Comedy|Crime|Horror
510,533,"Shadow, The (1994)",Action|Adventure|Fantasy|Mystery
511,534,Shadowlands (1993),Drama|Romance
512,535,Short Cuts (1993),Drama
513,536,"Simple Twist of Fate, A (1994)",Drama
514,537,Sirens (1994),Drama
515,538,Six Degrees of Separation (1993),Drama
516,539,Sleepless in Seattle (1993),Comedy|Drama|Romance
517,540,Sliver (1993),Thriller
518,541,Blade Runner (1982),Action|Sci-Fi|Thriller
519,542,Son in Law (1993),Comedy|Drama|Romance
520,543,So I Married an Axe Murderer (1993),Comedy|Romance|Thriller
521,544,Striking Distance (1993),Action|Crime
522,545,Harem (1985),Drama
523,546,Super Mario Bros. (1993),Action|Adventure|Children|Comedy|Fantasy|Sci-Fi
524,547,Surviving the Game (1994),Action|Adventure|Thriller
525,548,Terminal Velocity (1994),Action|Mystery|Thriller
526,549,Thirty-Two Short Films About Glenn Gould (1993),Drama|Musical
527,550,Threesome (1994),Comedy|Romance
528,551,"Nightmare Before Christmas, The (1993)",Animation|Children|Fantasy|Musical
529,552,"Three Musketeers, The (1993)",Action|Adventure|Comedy|Romance
530,553,Tombstone (1993),Action|Drama|Western
531,554,Trial by Jury (1994),Crime|Drama|Thriller
532,555,True Romance (1993),Crime|Thriller
533,556,"War Room, The (1993)",Documentary
534,558,"Pagemaster, The (1994)",Action|Adventure|Animation|Children|Fantasy
535,561,Killer (Bulletproof Heart) (1994),Drama|Thriller
536,562,Welcome to the Dollhouse (1995),Comedy|Drama
537,563,Germinal (1993),Drama|Romance
538,564,Chasers (1994),Comedy
539,565,Cronos (1993),Drama|Horror
540,566,Naked in New York (1994),Comedy|Romance
541,567,Kika (1993),Comedy|Drama
542,568,Bhaji on the Beach (1993),Comedy|Drama
543,569,Little Big League (1994),Comedy|Drama
544,570,"Slingshot, The (Kådisbellan) (1993)",Comedy|Drama
545,571,"Wedding Gift, The (1994)",Drama|Romance
546,573,"Ciao, Professore! (Io speriamo che me la cavo) (1992)",Drama
547,574,Spanking the Monkey (1994),Comedy|Drama
548,575,"Little Rascals, The (1994)",Children|Comedy
549,577,Andre (1994),Adventure|Children|Drama
550,580,Princess Caraboo (1994),Drama
551,581,"Celluloid Closet, The (1995)",Documentary
552,582,Métisse (Café au Lait) (1993),Comedy|Drama
553,583,Dear Diary (Caro Diario) (1994),Comedy|Drama
554,585,"Brady Bunch Movie, The (1995)",Comedy
555,586,Home Alone (1990),Children|Comedy
556,587,Ghost (1990),Comedy|Drama|Fantasy|Romance|Thriller
557,588,Aladdin (1992),Adventure|Animation|Children|Comedy|Musical
558,589,Terminator 2: Judgment Day (1991),Action|Sci-Fi
559,590,Dances with Wolves (1990),Adventure|Drama|Western
560,592,Batman (1989),Action|Crime|Thriller
561,593,"Silence of the Lambs, The (1991)",Crime|Horror|Thriller
562,594,Snow White and the Seven Dwarfs (1937),Animation|Children|Drama|Fantasy|Musical
563,595,Beauty and the Beast (1991),Animation|Children|Fantasy|Musical|Romance|IMAX
564,596,Pinocchio (1940),Animation|Children|Fantasy|Musical
565,597,Pretty Woman (1990),Comedy|Romance
566,598,Window to Paris (Okno v Parizh) (1994),Comedy|Fantasy
567,599,"Wild Bunch, The (1969)",Adventure|Western
568,600,Love and a .45 (1994),Action|Comedy|Crime
569,601,"Wooden Man's Bride, The (Yan shen) (1994)",Drama
570,602,"Great Day in Harlem, A (1994)",Documentary
571,603,"Bye Bye, Love (1995)",Comedy
572,605,One Fine Day (1996),Drama|Romance
573,606,Candyman: Farewell to the Flesh (1995),Fantasy|Horror
574,608,Fargo (1996),Comedy|Crime|Drama|Thriller
575,609,Homeward Bound II: Lost in San Francisco (1996),Adventure|Children
576,610,Heavy Metal (1981),Action|Adventure|Animation|Horror|Sci-Fi
577,611,Hellraiser: Bloodline (1996),Action|Horror|Sci-Fi
578,612,"Pallbearer, The (1996)",Comedy
579,613,Jane Eyre (1996),Drama|Romance
580,614,Loaded (1994),Drama|Thriller
581,615,Bread and Chocolate (Pane e cioccolata) (1973),Comedy|Drama
582,616,"Aristocats, The (1970)",Animation|Children
583,617,"Flower of My Secret, The (La flor de mi secreto) (1995)",Comedy|Drama
584,618,Two Much (1995),Comedy|Romance
585,619,Ed (1996),Comedy
586,621,My Favorite Season (1993),Drama
587,626,"Thin Line Between Love and Hate, A (1996)",Comedy
588,627,"Last Supper, The (1995)",Drama|Thriller
589,628,Primal Fear (1996),Crime|Drama|Mystery|Thriller
590,630,Carried Away (1996),Drama|Romance
591,631,All Dogs Go to Heaven 2 (1996),Adventure|Animation|Children|Fantasy|Musical|Romance
592,632,Land and Freedom (Tierra y libertad) (1995),Drama|War
593,633,Denise Calls Up (1995),Comedy
594,634,Theodore Rex (1995),Comedy
595,635,"Family Thing, A (1996)",Comedy|Drama
596,637,Sgt. Bilko (1996),Comedy
597,638,Jack and Sarah (1995),Romance
598,639,Girl 6 (1996),Comedy|Drama
599,640,Diabolique (1996),Drama|Thriller
600,641,"Little Indian, Big City (Un indien dans la ville) (1994)",Adventure|Children|Comedy
601,645,Nelly & Monsieur Arnaud (1995),Drama
602,647,Courage Under Fire (1996),Action|Crime|Drama|War
603,648,Mission: Impossible (1996),Action|Adventure|Mystery|Thriller
604,649,Cold Fever (Á köldum klaka) (1995),Comedy|Drama
605,650,Moll Flanders (1996),Drama
606,652,"301, 302 (301/302) (1995)",Horror|Mystery|Thriller
607,653,Dragonheart (1996),Action|Adventure|Fantasy
608,656,Eddie (1996),Comedy
609,659,Purple Noon (Plein soleil) (1960),Crime|Drama|Thriller
610,660,August (1996),Drama
611,661,James and the Giant Peach (1996),Adventure|Animation|Children|Fantasy|Musical
612,662,Fear (1996),Thriller
613,663,Kids in the Hall: Brain Candy (1996),Comedy
614,664,Faithful (1996),Comedy
615,665,Underground (1995),Comedy|Drama|War
616,666,All Things Fair (Lust och fägring stor) (1995),Drama|Romance|War
617,667,Bloodsport 2 (a.k.a. Bloodsport II: The Next Kumite) (1996),Action
618,668,Song of the Little Road (Pather Panchali) (1955),Drama
619,670,"World of Apu, The (Apur Sansar) (1959)",Drama
620,671,Mystery Science Theater 3000: The Movie (1996),Comedy|Sci-Fi
621,673,Space Jam (1996),Adventure|Animation|Children|Comedy|Fantasy|Sci-Fi
622,674,Barbarella (1968),Adventure|Comedy|Sci-Fi
623,678,Some Folks Call It a Sling Blade (1993),Drama|Thriller
624,679,"Run of the Country, The (1995)",Drama
625,680,"Alphaville (Alphaville, une étrange aventure de Lemmy Caution) (1965)",Drama|Mystery|Romance|Sci-Fi|Thriller
626,681,Coup de torchon (Clean Slate) (1981),Crime
627,682,Tigrero: A Film That Was Never Made (1994),Documentary|Drama
628,685,It's My Party (1996),Drama
629,687,Country Life (1994),Drama|Romance
630,688,Operation Dumbo Drop (1995),Action|Adventure|Comedy|War
631,690,"Promise, The (Versprechen, Das) (1995)",Drama|Romance
632,691,Mrs. Winterbourne (1996),Comedy|Romance
633,692,Solo (1996),Action|Sci-Fi|Thriller
634,694,"Substitute, The (1996)",Action|Crime|Drama
635,695,True Crime (1996),Mystery|Thriller
636,696,Butterfly Kiss (1995),Drama|Thriller
637,697,Feeling Minnesota (1996),Drama|Romance
638,698,Delta of Venus (1995),Drama
639,700,Angus (1995),Comedy
640,701,Daens (1992),Drama
641,702,Faces (1968),Drama
642,703,Boys (1996),Drama
643,704,"Quest, The (1996)",Action|Adventure
644,705,Cosi (1996),Comedy
645,706,Sunset Park (1996),Drama
646,707,Mulholland Falls (1996),Crime|Drama|Thriller
647,708,"Truth About Cats & Dogs, The (1996)",Comedy|Romance
648,709,Oliver & Company (1988),Adventure|Animation|Children|Comedy|Musical
649,710,Celtic Pride (1996),Comedy
650,711,Flipper (1996),Adventure|Children
651,712,Captives (1994),Crime|Drama|Romance|Thriller
652,713,Of Love and Shadows (1994),Drama
653,714,Dead Man (1995),Drama|Mystery|Western
654,715,"Horseman on the Roof, The (Hussard sur le toit, Le) (1995)",Drama|Romance
655,716,Switchblade Sisters (1975),Crime
656,717,Mouth to Mouth (Boca a boca) (1995),Comedy
657,718,"Visitors, The (Visiteurs, Les) (1993)",Comedy|Fantasy|Sci-Fi
658,719,Multiplicity (1996),Comedy
659,720,Wallace & Gromit: The Best of Aardman Animation (1996),Adventure|Animation|Comedy
660,722,"Haunted World of Edward D. Wood Jr., The (1996)",Documentary
661,724,"Craft, The (1996)",Drama|Fantasy|Horror|Thriller
662,725,"Great White Hype, The (1996)",Comedy
663,726,Last Dance (1996),Drama
664,728,Cold Comfort Farm (1995),Comedy
665,729,"Institute Benjamenta, or This Dream People Call Human Life (1995)",Drama
666,730,Low Life (1994),Drama
667,731,Heaven's Prisoners (1996),Crime|Thriller
668,732,Original Gangstas (1996),Crime
669,733,"Rock, The (1996)",Action|Adventure|Thriller
670,734,Getting Away With Murder (1996),Comedy
671,735,Cemetery Man (Dellamorte Dellamore) (1994),Horror
672,736,Twister (1996),Action|Adventure|Romance|Thriller
673,737,Barb Wire (1996),Action|Sci-Fi
674,741,Ghost in the Shell (Kôkaku kidôtai) (1995),Animation|Sci-Fi
675,742,Thinner (1996),Horror|Thriller
676,743,Spy Hard (1996),Comedy
677,745,Wallace & Gromit: A Close Shave (1995),Animation|Children|Comedy
678,746,Force of Evil (1948),Film-Noir
679,747,"Stupids, The (1996)",Comedy
680,748,"Arrival, The (1996)",Action|Sci-Fi|Thriller
681,750,Dr. Strangelove or: How I Learned to Stop Worrying and Love the Bomb (1964),Comedy|War
682,751,Careful (1992),Comedy|Horror
683,753,"Month by the Lake, A (1995)",Comedy|Drama|Romance
684,754,Gold Diggers: The Secret of Bear Mountain (1995),Adventure|Children
685,755,Kim (1950),Children|Drama
686,756,Carmen Miranda: Bananas Is My Business (1994),Documentary
687,757,Ashes of Time (Dung che sai duk) (1994),Drama
688,759,Maya Lin: A Strong Clear Vision (1994),Documentary
689,760,Stalingrad (1993),Drama|War
690,761,"Phantom, The (1996)",Action|Adventure
691,762,Striptease (1996),Comedy|Crime
692,763,"Last of the High Kings, The (a.k.a. Summer Fling) (1996)",Comedy|Drama
693,764,Heavy (1995),Drama|Romance
694,765,Jack (1996),Comedy|Drama
695,766,I Shot Andy Warhol (1996),Drama
696,767,"Grass Harp, The (1995)",Comedy|Drama
697,769,Marlene Dietrich: Shadow and Light (1996),Documentary
698,771,"Life Is Rosy (a.k.a. Life Is Beautiful) (Vie est belle, La) (1987)",Comedy|Drama
699,775,Spirits of the Dead (1968),Horror|Mystery
700,778,Trainspotting (1996),Comedy|Crime|Drama
701,779,'Til There Was You (1997),Drama|Romance
702,780,Independence Day (a.k.a. ID4) (1996),Action|Adventure|Sci-Fi|Thriller
703,781,Stealing Beauty (1996),Drama
704,782,"Fan, The (1996)",Drama|Thriller
705,783,"Hunchback of Notre Dame, The (1996)",Animation|Children|Drama|Musical|Romance
706,784,"Cable Guy, The (1996)",Comedy|Thriller
707,785,Kingpin (1996),Comedy
708,786,Eraser (1996),Action|Drama|Thriller
709,787,"Gate of Heavenly Peace, The (1995)",Documentary
710,788,"Nutty Professor, The (1996)",Comedy|Fantasy|Romance|Sci-Fi
711,790,"Unforgettable Summer, An (Un été inoubliable) (1994)",Drama
712,791,"Last Klezmer: Leopold Kozlowski, His Life and Music, The (1994)",Documentary
713,793,My Life and Times With Antonin Artaud (En compagnie d'Antonin Artaud) (1993),Drama
714,794,Midnight Dancers (Sibak) (1994),Comedy|Drama
715,795,Somebody to Love (1994),Drama
716,797,"Old Lady Who Walked in the Sea, The (Vieille qui marchait dans la mer, La) (1991)",Comedy
717,798,Daylight (1996),Action|Adventure|Drama|Thriller
718,799,"Frighteners, The (1996)",Comedy|Horror|Thriller
719,800,Lone Star (1996),Drama|Mystery|Western
720,801,Harriet the Spy (1996),Children|Comedy
721,802,Phenomenon (1996),Drama|Romance
722,803,Walking and Talking (1996),Comedy|Drama|Romance
723,804,She's the One (1996),Comedy|Romance
724,805,"Time to Kill, A (1996)",Drama|Thriller
725,806,American Buffalo (1996),Crime|Drama
726,807,"Rendezvous in Paris (Rendez-vous de Paris, Les) (1995)",Comedy|Romance
727,808,Alaska (1996),Adventure|Children
728,809,Fled (1996),Action|Adventure
729,810,Kazaam (1996),Children|Comedy|Fantasy
730,813,Larger Than Life (1996),Comedy
731,816,Two Deaths (1995),Drama
732,818,"Very Brady Sequel, A (1996)",Comedy
733,819,Stefano Quantestorie (1993),Comedy|Drama
734,820,"Death in the Garden (Mort en ce jardin, La) (1956)",Drama
735,823,"Collector, The (La collectionneuse) (1967)",Drama
736,824,Kaspar Hauser (1993),Drama|Mystery
737,827,"Convent, The (O Convento) (1995)",Drama
738,828,"Adventures of Pinocchio, The (1996)",Adventure|Children
739,829,Joe's Apartment (1996),Comedy|Fantasy|Musical
740,830,"First Wives Club, The (1996)",Comedy
741,831,Stonewall (1995),Drama
742,832,Ransom (1996),Crime|Thriller
743,833,High School High (1996),Comedy
744,834,Phat Beach (1996),Comedy
745,835,Foxfire (1996),Drama
746,836,Chain Reaction (1996),Action|Adventure|Thriller
747,837,Matilda (1996),Children|Comedy|Fantasy
748,838,Emma (1996),Comedy|Drama|Romance
749,839,"Crow: City of Angels, The (1996)",Action|Thriller
750,840,House Arrest (1996),Children|Comedy
751,841,"Eyes Without a Face (Yeux sans visage, Les) (1959)",Horror
752,842,Tales from the Crypt Presents: Bordello of Blood (1996),Comedy|Horror
753,843,Lotto Land (1995),Drama
754,844,"Story of Xinghua, The (Xinghua san yue tian) (1994)",Drama
755,845,"Day the Sun Turned Cold, The (Tianguo niezi) (1994)",Drama
756,846,Flirt (1995),Drama
757,847,"Big Squeeze, The (1996)",Comedy|Drama
758,848,"Spitfire Grill, The (1996)",Drama
759,849,Escape from L.A. (1996),Action|Adventure|Sci-Fi|Thriller
760,850,Cyclo (Xich lo) (1995),Crime|Drama
761,851,Basquiat (1996),Drama
762,852,Tin Cup (1996),Comedy|Drama|Romance
763,853,Dingo (1991),Drama
764,854,"Ballad of Narayama, The (Narayama Bushiko) (1958)",Drama
765,856,Mille bolle blu (1993),Comedy
766,858,"Godfather, The (1972)",Crime|Drama
767,860,"Maybe, Maybe Not (Bewegte Mann, Der) (1994)",Comedy
768,861,Supercop (Police Story 3: Supercop) (Jing cha gu shi III: Chao ji jing cha) (1992),Action|Comedy|Crime|Thriller
769,862,Manny & Lo (1996),Drama
770,864,"Wife, The (1995)",Comedy|Drama
771,865,Small Faces (1996),Drama
772,866,Bound (1996),Crime|Drama|Romance|Thriller
773,867,Carpool (1996),Comedy|Crime
774,868,Death in Brunswick (1991),Comedy
775,869,Kansas City (1996),Crime|Drama|Musical|Thriller
776,870,Gone Fishin' (1997),Comedy
777,871,Lover's Knot (1996),Comedy
778,872,Vive L'Amour (Ai qing wan sui) (1994),Drama
779,874,Killer: A Journal of Murder (1995),Crime|Drama
780,875,Nothing to Lose (1994),Action|Crime|Drama
781,876,Supercop 2 (Project S) (Chao ji ji hua) (1993),Action|Comedy|Crime|Thriller
782,877,Girls Town (1996),Comedy|Drama
783,879,"Relic, The (1997)",Horror|Thriller
784,880,"Island of Dr. Moreau, The (1996)",Sci-Fi|Thriller
785,881,First Kid (1996),Children|Comedy
786,882,"Trigger Effect, The (1996)",Drama|Thriller
787,884,Sweet Nothing (1996),Drama
788,885,Bogus (1996),Children|Drama|Fantasy
789,886,Bulletproof (1996),Action|Comedy|Crime
790,888,Land Before Time III: The Time of the Great Giving (1995),Adventure|Animation|Children|Musical
791,889,1-900 (06) (1994),Drama|Romance
792,891,Halloween: The Curse of Michael Myers (Halloween 6: The Curse of Michael Myers) (1995),Horror|Thriller
793,892,Twelfth Night (1996),Comedy|Drama|Romance
794,893,Mother Night (1996),Drama
795,895,Venice/Venice (1992),Drama
796,896,Wild Reeds (Les roseaux sauvages) (1994),Drama
797,897,For Whom the Bell Tolls (1943),Adventure|Drama|Romance|War
798,898,"Philadelphia Story, The (1940)",Comedy|Drama|Romance
799,899,Singin' in the Rain (1952),Comedy|Musical|Romance
800,900,"American in Paris, An (1951)",Musical|Romance
801,901,Funny Face (1957),Comedy|Musical
802,902,Breakfast at Tiffany's (1961),Drama|Romance
803,903,Vertigo (1958),Drama|Mystery|Romance|Thriller
804,904,Rear Window (1954),Mystery|Thriller
805,905,It Happened One Night (1934),Comedy|Romance
806,906,Gaslight (1944),Drama|Thriller
807,907,"Gay Divorcee, The (1934)",Comedy|Musical|Romance
808,908,North by Northwest (1959),Action|Adventure|Mystery|Romance|Thriller
809,909,"Apartment, The (1960)",Comedy|Drama|Romance
810,910,Some Like It Hot (1959),Comedy|Crime
811,911,Charade (1963),Comedy|Crime|Mystery|Romance|Thriller
812,912,Casablanca (1942),Drama|Romance
813,913,"Maltese Falcon, The (1941)",Film-Noir|Mystery
814,914,My Fair Lady (1964),Comedy|Drama|Musical|Romance
815,915,Sabrina (1954),Comedy|Romance
816,916,Roman Holiday (1953),Comedy|Drama|Romance
817,917,"Little Princess, The (1939)",Children|Drama
818,918,Meet Me in St. Louis (1944),Musical
819,919,"Wizard of Oz, The (1939)",Adventure|Children|Fantasy|Musical
820,920,Gone with the Wind (1939),Drama|Romance|War
821,921,My Favorite Year (1982),Comedy
822,922,Sunset Blvd. (a.k.a. Sunset Boulevard) (1950),Drama|Film-Noir|Romance
823,923,Citizen Kane (1941),Drama|Mystery
824,924,2001: A Space Odyssey (1968),Adventure|Drama|Sci-Fi
825,925,Golden Earrings (1947),Adventure|Romance|War
826,926,All About Eve (1950),Drama
827,927,"Women, The (1939)",Comedy
828,928,Rebecca (1940),Drama|Mystery|Romance|Thriller
829,929,Foreign Correspondent (1940),Drama|Film-Noir|Mystery|Thriller
830,930,Notorious (1946),Film-Noir|Romance|Thriller
831,931,Spellbound (1945),Mystery|Romance|Thriller
832,932,"Affair to Remember, An (1957)",Drama|Romance
833,933,To Catch a Thief (1955),Crime|Mystery|Romance|Thriller
834,934,Father of the Bride (1950),Comedy
835,935,"Band Wagon, The (1953)",Comedy|Musical
836,936,Ninotchka (1939),Comedy|Romance
837,937,Love in the Afternoon (1957),Comedy|Romance
838,938,Gigi (1958),Musical
839,939,"Reluctant Debutante, The (1958)",Comedy|Drama
840,940,"Adventures of Robin Hood, The (1938)",Action|Adventure|Romance
841,941,"Mark of Zorro, The (1940)",Adventure
842,942,Laura (1944),Crime|Film-Noir|Mystery
843,943,"Ghost and Mrs. Muir, The (1947)",Drama|Fantasy|Romance
844,944,Lost Horizon (1937),Drama
845,945,Top Hat (1935),Comedy|Musical|Romance
846,946,To Be or Not to Be (1942),Comedy|Drama|War
847,947,My Man Godfrey (1936),Comedy|Romance
848,948,Giant (1956),Drama|Romance|Western
849,949,East of Eden (1955),Drama
850,950,"Thin Man, The (1934)",Comedy|Crime
851,951,His Girl Friday (1940),Comedy|Romance
852,952,Around the World in 80 Days (1956),Adventure|Comedy
853,953,It's a Wonderful Life (1946),Drama|Fantasy|Romance
854,954,Mr. Smith Goes to Washington (1939),Drama
855,955,Bringing Up Baby (1938),Comedy|Romance
856,956,Penny Serenade (1941),Drama|Romance
857,957,"Scarlet Letter, The (1926)",Drama
858,958,Lady of Burlesque (1943),Comedy|Mystery
859,959,Of Human Bondage (1934),Drama
860,960,Angel on My Shoulder (1946),Crime|Drama
861,961,Little Lord Fauntleroy (1936),Drama
862,962,They Made Me a Criminal (I Became a Criminal) (They Made Me a Fugitive) (1939),Crime|Drama
863,963,"Inspector General, The (1949)",Musical
864,964,Angel and the Badman (1947),Romance|Western
865,965,"39 Steps, The (1935)",Drama|Mystery|Thriller
866,966,"Walk in the Sun, A (1945)",War
867,967,"Outlaw, The (1943)",Western
868,968,Night of the Living Dead (1968),Horror|Sci-Fi|Thriller
869,969,"African Queen, The (1951)",Adventure|Comedy|Romance|War
870,970,Beat the Devil (1953),Adventure|Comedy|Crime|Drama|Romance
871,971,Cat on a Hot Tin Roof (1958),Drama
872,972,"Last Time I Saw Paris, The (1954)",Drama
873,973,Meet John Doe (1941),Comedy|Drama
874,974,Algiers (1938),Drama|Romance
875,976,"Farewell to Arms, A (1932)",Romance|War
876,980,"Yes, Madam (a.k.a. Police Assassins) (a.k.a. In the Line of Duty 2) (Huang gu shi jie) (1985)",Action
877,981,Dangerous Ground (1997),Drama
878,982,Picnic (1955),Drama
879,984,"Pompatus of Love, The (1996)",Comedy|Drama
880,985,Small Wonders (1995),Documentary
881,986,Fly Away Home (1996),Adventure|Children
882,987,Bliss (1997),Drama|Romance
883,988,Grace of My Heart (1996),Comedy|Drama
884,989,Brother of Sleep (Schlafes Bruder) (1995),Drama
885,990,Maximum Risk (1996),Action|Adventure|Thriller
886,991,Michael Collins (1996),Drama
887,992,"Rich Man's Wife, The (1996)",Thriller
888,993,Infinity (1996),Drama
889,994,Big Night (1996),Comedy|Drama
890,996,Last Man Standing (1996),Action|Crime|Drama|Thriller
891,997,Caught (1996),Drama|Thriller
892,998,Set It Off (1996),Action|Crime
893,999,2 Days in the Valley (1996),Crime|Film-Noir
894,1000,Curdled (1996),Crime
895,1002,Ed's Next Move (1996),Comedy|Romance
896,1003,Extreme Measures (1996),Drama|Thriller
897,1004,"Glimmer Man, The (1996)",Action|Thriller
898,1005,D3: The Mighty Ducks (1996),Children|Comedy
899,1006,"Chamber, The (1996)",Drama
900,1007,"Apple Dumpling Gang, The (1975)",Children|Comedy|Western
901,1008,"Davy Crockett, King of the Wild Frontier (1955)",Adventure|Western
902,1009,Escape to Witch Mountain (1975),Adventure|Children|Fantasy
903,1010,"Love Bug, The (1969)",Children|Comedy
904,1011,Herbie Rides Again (1974),Adventure|Children|Comedy
905,1012,Old Yeller (1957),Children|Drama
906,1013,"Parent Trap, The (1961)",Children|Comedy|Romance
907,1014,Pollyanna (1960),Children|Comedy|Drama
908,1015,Homeward Bound: The Incredible Journey (1993),Adventure|Children|Drama
909,1016,"Shaggy Dog, The (1959)",Children|Comedy
910,1017,Swiss Family Robinson (1960),Adventure|Children
911,1018,That Darn Cat! (1965),Children|Comedy|Mystery
912,1019,"20,000 Leagues Under the Sea (1954)",Adventure|Drama|Sci-Fi
913,1020,Cool Runnings (1993),Comedy
914,1021,Angels in the Outfield (1994),Children|Comedy
915,1022,Cinderella (1950),Animation|Children|Fantasy|Musical|Romance
916,1023,Winnie the Pooh and the Blustery Day (1968),Animation|Children|Musical
917,1024,"Three Caballeros, The (1945)",Animation|Children|Musical
918,1025,"Sword in the Stone, The (1963)",Animation|Children|Fantasy|Musical
919,1026,So Dear to My Heart (1949),Children|Drama
920,1027,Robin Hood: Prince of Thieves (1991),Adventure|Drama
921,1028,Mary Poppins (1964),Children|Comedy|Fantasy|Musical
922,1029,Dumbo (1941),Animation|Children|Drama|Musical
923,1030,Pete's Dragon (1977),Adventure|Animation|Children|Musical
924,1031,Bedknobs and Broomsticks (1971),Adventure|Children|Musical
925,1032,Alice in Wonderland (1951),Adventure|Animation|Children|Fantasy|Musical
926,1033,"Fox and the Hound, The (1981)",Animation|Children|Drama
927,1034,Freeway (1996),Comedy|Crime|Drama|Thriller
928,1035,"Sound of Music, The (1965)",Musical|Romance
929,1036,Die Hard (1988),Action|Crime|Thriller
930,1037,"Lawnmower Man, The (1992)",Action|Horror|Sci-Fi|Thriller
931,1038,Unhook the Stars (1996),Drama
932,1039,Synthetic Pleasures (1995),Documentary
933,1040,"Secret Agent, The (1996)",Drama
934,1041,Secrets & Lies (1996),Drama
935,1042,That Thing You Do! (1996),Comedy|Drama
936,1043,To Gillian on Her 37th Birthday (1996),Drama|Romance
937,1044,Surviving Picasso (1996),Drama
938,1046,Beautiful Thing (1996),Drama|Romance
939,1047,"Long Kiss Goodnight, The (1996)",Action|Drama|Thriller
940,1049,"Ghost and the Darkness, The (1996)",Action|Adventure
941,1050,Looking for Richard (1996),Documentary|Drama
942,1051,Trees Lounge (1996),Drama
943,1053,Normal Life (1996),Crime|Drama|Romance
944,1054,Get on the Bus (1996),Drama
945,1055,Shadow Conspiracy (1997),Thriller
946,1056,Jude (1996),Drama
947,1057,Everyone Says I Love You (1996),Comedy|Musical|Romance
948,1058,Bitter Sugar (Azúcar amarga) (1996),Drama
949,1059,William Shakespeare's Romeo + Juliet (1996),Drama|Romance
950,1060,Swingers (1996),Comedy|Drama
951,1061,Sleepers (1996),Thriller
952,1062,"Sunchaser, The (1996)",Drama
953,1063,Johns (1996),Drama
954,1064,Aladdin and the King of Thieves (1996),Animation|Children|Comedy|Fantasy|Musical|Romance
955,1066,Shall We Dance (1937),Comedy|Musical|Romance
956,1067,"Damsel in Distress, A (1937)",Comedy|Musical|Romance
957,1068,Crossfire (1947),Crime|Film-Noir
958,1069,"Murder, My Sweet (1944)",Crime|Film-Noir|Thriller
959,1070,Macao (1952),Adventure
960,1071,For the Moment (1994),Romance|War
961,1073,Willy Wonka & the Chocolate Factory (1971),Children|Comedy|Fantasy|Musical
962,1075,"Sexual Life of the Belgians, The (Vie sexuelle des Belges 1950-1978, La) (1994)",Comedy|Romance
963,1076,"Innocents, The (1961)",Drama|Horror|Thriller
964,1077,Sleeper (1973),Comedy|Sci-Fi
965,1078,Bananas (1971),Comedy|War
966,1079,"Fish Called Wanda, A (1988)",Comedy|Crime
967,1080,Monty Python's Life of Brian (1979),Comedy
968,1081,Victor/Victoria (1982),Comedy|Musical|Romance
969,1082,"Candidate, The (1972)",Drama
970,1083,"Great Race, The (1965)",Comedy|Musical
971,1084,Bonnie and Clyde (1967),Crime|Drama
972,1085,"Old Man and the Sea, The (1958)",Adventure|Drama
973,1086,Dial M for Murder (1954),Crime|Mystery|Thriller
974,1087,Madame Butterfly (1995),Musical
975,1088,Dirty Dancing (1987),Drama|Musical|Romance
976,1089,Reservoir Dogs (1992),Crime|Mystery|Thriller
977,1090,Platoon (1986),Drama|War
978,1091,Weekend at Bernie's (1989),Comedy
979,1092,Basic Instinct (1992),Crime|Mystery|Thriller
980,1093,"Doors, The (1991)",Drama
981,1094,"Crying Game, The (1992)",Drama|Romance|Thriller
982,1095,Glengarry Glen Ross (1992),Drama
983,1096,Sophie's Choice (1982),Drama
984,1097,E.T. the Extra-Terrestrial (1982),Children|Drama|Sci-Fi
985,1098,"Search for One-eye Jimmy, The (1996)",Comedy
986,1099,"Christmas Carol, A (1938)",Children|Drama|Fantasy
987,1100,Days of Thunder (1990),Action|Drama|Romance
988,1101,Top Gun (1986),Action|Romance
989,1102,American Strays (1996),Action
990,1103,Rebel Without a Cause (1955),Drama
991,1104,"Streetcar Named Desire, A (1951)",Drama
992,1105,Children of the Corn IV: The Gathering (1996),Horror
993,1107,Loser (1991),Comedy
994,1111,Microcosmos (Microcosmos: Le peuple de l'herbe) (1996),Documentary
995,1112,Palookaville (1996),Action|Comedy|Drama
996,1113,"Associate, The (1996)",Comedy
997,1114,"Funeral, The (1996)",Crime|Drama
998,1116,"Single Girl, A (Fille seule, La) (1995)",Drama
999,1117,"Eighth Day, The (Huitième jour, Le) (1996)",Drama
1000,1119,Drunks (1995),Drama
1001,1120,"People vs. Larry Flynt, The (1996)",Comedy|Drama
1002,1121,Glory Daze (1995),Drama
1003,1123,"Perfect Candidate, A (1996)",Documentary
1004,1124,On Golden Pond (1981),Drama
1005,1125,"Return of the Pink Panther, The (1975)",Comedy|Crime
1006,1126,Drop Dead Fred (1991),Comedy|Fantasy
1007,1127,"Abyss, The (1989)",Action|Adventure|Sci-Fi|Thriller
1008,1128,"Fog, The (1980)",Horror
1009,1129,Escape from New York (1981),Action|Adventure|Sci-Fi|Thriller
1010,1130,"Howling, The (1980)",Horror|Mystery
1011,1131,Jean de Florette (1986),Drama|Mystery
1012,1132,Manon of the Spring (Manon des sources) (1986),Drama
1013,1133,Talking About Sex (1994),Comedy|Drama
1014,1134,Johnny 100 Pesos (Johnny cien pesos) (1993),Action|Drama
1015,1135,Private Benjamin (1980),Comedy
1016,1136,Monty Python and the Holy Grail (1975),Adventure|Comedy|Fantasy
1017,1137,Hustler White (1996),Romance
1018,1138,Dadetown (1995),Drama
1019,1142,Get Over It (1996),Drama
1020,1143,Three Lives and Only One Death (Trois vies & une seule mort) (1996),Comedy
1021,1144,"Line King: The Al Hirschfeld Story, The (1996)",Documentary
1022,1145,Snowriders (1996),Documentary
1023,1147,When We Were Kings (1996),Documentary
1024,1148,Wallace & Gromit: The Wrong Trousers (1993),Animation|Children|Comedy|Crime
1025,1149,JLG/JLG (JLG/JLG - autoportrait de décembre) (1994),Documentary|Drama
1026,1150,"Return of Martin Guerre, The (Retour de Martin Guerre, Le) (1982)",Drama
1027,1151,Faust (1994),Animation|Comedy|Thriller
1028,1152,He Walked by Night (1948),Crime|Film-Noir|Thriller
1029,1153,Raw Deal (1948),Film-Noir
1030,1154,T-Men (1947),Film-Noir
1031,1161,"Tin Drum, The (Blechtrommel, Die) (1979)",Drama|War
1032,1162,"Ruling Class, The (1972)",Comedy|Drama
1033,1163,Mina Tannenbaum (1994),Drama
1034,1164,2 ou 3 choses que je sais d'elle (2 or 3 Things I Know About Her) (1967),Drama
1035,1167,Dear God (1996),Comedy
1036,1168,Bad Moon (1996),Action|Adventure|Horror
1037,1169,American Dream (1990),Documentary
1038,1170,Best of the Best 3: No Turning Back (1995),Action
1039,1171,Bob Roberts (1992),Comedy
1040,1172,Cinema Paradiso (Nuovo cinema Paradiso) (1989),Drama
1041,1173,"Cook the Thief His Wife & Her Lover, The (1989)",Comedy|Drama
1042,1174,Dead Tired (Grosse Fatigue) (1994),Comedy
1043,1175,Delicatessen (1991),Comedy|Drama|Romance
1044,1176,"Double Life of Veronique, The (Double Vie de Véronique, La) (1991)",Drama|Fantasy|Romance
1045,1177,Enchanted April (1992),Drama|Romance
1046,1178,Paths of Glory (1957),Drama|War
1047,1179,"Grifters, The (1990)",Crime|Drama|Film-Noir
1048,1180,Hear My Song (1991),Comedy
1049,1181,"Shooter, The (1997)",Western
1050,1183,"English Patient, The (1996)",Drama|Romance|War
1051,1184,Mediterraneo (1991),Comedy|Drama
1052,1185,My Left Foot (1989),Drama
1053,1186,"Sex, Lies, and Videotape (1989)",Drama
1054,1187,Passion Fish (1992),Drama
1055,1188,Strictly Ballroom (1992),Comedy|Romance
1056,1189,"Thin Blue Line, The (1988)",Documentary
1057,1190,Tie Me Up! Tie Me Down! (¡Átame!) (1990),Crime|Drama|Romance
1058,1191,Madonna: Truth or Dare (1991),Documentary|Musical
1059,1192,Paris Is Burning (1990),Documentary
1060,1193,One Flew Over the Cuckoo's Nest (1975),Drama
1061,1194,Cheech and Chong's Up in Smoke (1978),Comedy
1062,1196,Star Wars: Episode V - The Empire Strikes Back (1980),Action|Adventure|Sci-Fi
1063,1197,"Princess Bride, The (1987)",Action|Adventure|Comedy|Fantasy|Romance
1064,1198,Raiders of the Lost Ark (Indiana Jones and the Raiders of the Lost Ark) (1981),Action|Adventure
1065,1199,Brazil (1985),Fantasy|Sci-Fi
1066,1200,Aliens (1986),Action|Adventure|Horror|Sci-Fi
1067,1201,"Good, the Bad and the Ugly, The (Buono, il brutto, il cattivo, Il) (1966)",Action|Adventure|Western
1068,1202,Withnail & I (1987),Comedy
1069,1203,12 Angry Men (1957),Drama
1070,1204,Lawrence of Arabia (1962),Adventure|Drama|War
1071,1206,"Clockwork Orange, A (1971)",Crime|Drama|Sci-Fi|Thriller
1072,1207,To Kill a Mockingbird (1962),Drama
1073,1208,Apocalypse Now (1979),Action|Drama|War
1074,1209,Once Upon a Time in the West (C'era una volta il West) (1968),Action|Drama|Western
1075,1210,Star Wars: Episode VI - Return of the Jedi (1983),Action|Adventure|Sci-Fi
1076,1211,"Wings of Desire (Himmel über Berlin, Der) (1987)",Drama|Fantasy|Romance
1077,1212,"Third Man, The (1949)",Film-Noir|Mystery|Thriller
1078,1213,Goodfellas (1990),Crime|Drama
1079,1214,Alien (1979),Horror|Sci-Fi
1080,1215,Army of Darkness (1993),Action|Adventure|Comedy|Fantasy|Horror
1081,1216,"Big Blue, The (Grand bleu, Le) (1988)",Adventure|Drama|Romance
1082,1217,Ran (1985),Drama|War
1083,1218,"Killer, The (Die xue shuang xiong) (1989)",Action|Crime|Drama|Thriller
1084,1219,Psycho (1960),Crime|Horror
1085,1220,"Blues Brothers, The (1980)",Action|Comedy|Musical
1086,1221,"Godfather: Part II, The (1974)",Crime|Drama
1087,1222,Full Metal Jacket (1987),Drama|War
1088,1223,"Grand Day Out with Wallace and Gromit, A (1989)",Adventure|Animation|Children|Comedy|Sci-Fi
1089,1224,Henry V (1989),Action|Drama|Romance|War
1090,1225,Amadeus (1984),Drama
1091,1226,"Quiet Man, The (1952)",Drama|Romance
1092,1227,Once Upon a Time in America (1984),Crime|Drama
1093,1228,Raging Bull (1980),Drama
1094,1230,Annie Hall (1977),Comedy|Romance
1095,1231,"Right Stuff, The (1983)",Drama
1096,1232,Stalker (1979),Drama|Mystery|Sci-Fi
1097,1233,"Boot, Das (Boat, The) (1981)",Action|Drama|War
1098,1234,"Sting, The (1973)",Comedy|Crime
1099,1235,Harold and Maude (1971),Comedy|Drama|Romance
1100,1236,Trust (1990),Comedy|Drama|Romance
1101,1237,"Seventh Seal, The (Sjunde inseglet, Det) (1957)",Drama
1102,1238,Local Hero (1983),Comedy
1103,1240,"Terminator, The (1984)",Action|Sci-Fi|Thriller
1104,1241,Dead Alive (Braindead) (1992),Comedy|Fantasy|Horror
1105,1242,Glory (1989),Drama|War
1106,1243,Rosencrantz and Guildenstern Are Dead (1990),Comedy|Drama
1107,1244,Manhattan (1979),Comedy|Drama|Romance
1108,1245,Miller's Crossing (1990),Crime|Drama|Film-Noir|Thriller
1109,1246,Dead Poets Society (1989),Drama
1110,1247,"Graduate, The (1967)",Comedy|Drama|Romance
1111,1248,Touch of Evil (1958),Crime|Film-Noir|Thriller
1112,1249,"Femme Nikita, La (Nikita) (1990)",Action|Crime|Romance|Thriller
1113,1250,"Bridge on the River Kwai, The (1957)",Adventure|Drama|War
1114,1251,8 1/2 (8½) (1963),Drama|Fantasy
1115,1252,Chinatown (1974),Crime|Film-Noir|Mystery|Thriller
1116,1253,"Day the Earth Stood Still, The (1951)",Drama|Sci-Fi|Thriller
1117,1254,"Treasure of the Sierra Madre, The (1948)",Action|Adventure|Drama|Western
1118,1255,Bad Taste (1987),Comedy|Horror|Sci-Fi
1119,1256,Duck Soup (1933),Comedy|Musical|War
1120,1257,Better Off Dead... (1985),Comedy|Romance
1121,1258,"Shining, The (1980)",Horror
1122,1259,Stand by Me (1986),Adventure|Drama
1123,1260,M (1931),Crime|Film-Noir|Thriller
1124,1261,Evil Dead II (Dead by Dawn) (1987),Action|Comedy|Fantasy|Horror
1125,1262,"Great Escape, The (1963)",Action|Adventure|Drama|War
1126,1263,"Deer Hunter, The (1978)",Drama|War
1127,1264,Diva (1981),Action|Drama|Mystery|Romance|Thriller
1128,1265,Groundhog Day (1993),Comedy|Fantasy|Romance
1129,1266,Unforgiven (1992),Drama|Western
1130,1267,"Manchurian Candidate, The (1962)",Crime|Thriller|War
1131,1268,Pump Up the Volume (1990),Comedy|Drama
1132,1269,Arsenic and Old Lace (1944),Comedy|Mystery|Thriller
1133,1270,Back to the Future (1985),Adventure|Comedy|Sci-Fi
1134,1271,Fried Green Tomatoes (1991),Comedy|Crime|Drama
1135,1272,Patton (1970),Drama|War
1136,1273,Down by Law (1986),Comedy|Drama|Film-Noir
1137,1274,Akira (1988),Action|Adventure|Animation|Sci-Fi
1138,1275,Highlander (1986),Action|Adventure|Fantasy
1139,1276,Cool Hand Luke (1967),Drama
1140,1277,Cyrano de Bergerac (1990),Comedy|Drama|Romance
1141,1278,Young Frankenstein (1974),Comedy|Fantasy
1142,1279,Night on Earth (1991),Comedy|Drama
1143,1280,Raise the Red Lantern (Da hong deng long gao gao gua) (1991),Drama
1144,1281,"Great Dictator, The (1940)",Comedy|Drama|War
1145,1282,Fantasia (1940),Animation|Children|Fantasy|Musical
1146,1283,High Noon (1952),Drama|Western
1147,1284,"Big Sleep, The (1946)",Crime|Film-Noir|Mystery
1148,1285,Heathers (1989),Comedy
1149,1286,Somewhere in Time (1980),Drama|Romance
1150,1287,Ben-Hur (1959),Action|Adventure|Drama
1151,1288,This Is Spinal Tap (1984),Comedy
1152,1289,Koyaanisqatsi (a.k.a. Koyaanisqatsi: Life Out of Balance) (1983),Documentary
1153,1290,Some Kind of Wonderful (1987),Drama|Romance
1154,1291,Indiana Jones and the Last Crusade (1989),Action|Adventure
1155,1292,Being There (1979),Comedy|Drama
1156,1293,Gandhi (1982),Drama
1157,1295,"Unbearable Lightness of Being, The (1988)",Drama
1158,1296,"Room with a View, A (1986)",Drama|Romance
1159,1297,Real Genius (1985),Comedy
1160,1298,Pink Floyd: The Wall (1982),Drama|Musical
1161,1299,"Killing Fields, The (1984)",Drama|War
1162,1300,My Life as a Dog (Mitt liv som hund) (1985),Comedy|Drama
1163,1301,Forbidden Planet (1956),Drama|Sci-Fi
1164,1302,Field of Dreams (1989),Children|Drama|Fantasy
1165,1303,"Man Who Would Be King, The (1975)",Adventure|Drama
1166,1304,Butch Cassidy and the Sundance Kid (1969),Action|Western
1167,1305,"Paris, Texas (1984)",Drama|Romance
1168,1306,Until the End of the World (Bis ans Ende der Welt) (1991),Adventure|Drama|Sci-Fi
1169,1307,When Harry Met Sally... (1989),Comedy|Romance
1170,1310,Hype! (1996),Documentary
1171,1311,Santa with Muscles (1996),Comedy
1172,1312,Female Perversions (1996),Drama
1173,1313,Mad Dog Time (1996),Crime
1174,1315,Paris Was a Woman (1995),Documentary
1175,1317,I'm Not Rappaport (1996),Comedy
1176,1318,Blue Juice (1995),Comedy|Drama
1177,1320,Alien³ (a.k.a. Alien 3) (1992),Action|Horror|Sci-Fi|Thriller
1178,1321,"American Werewolf in London, An (1981)",Comedy|Horror|Thriller
1179,1322,Amityville 1992: It's About Time (1992),Horror
1180,1323,Amityville 3-D (1983),Horror
1181,1324,Amityville: Dollhouse (1996),Horror
1182,1325,Amityville: A New Generation (1993),Horror
1183,1326,Amityville II: The Possession (1982),Horror
1184,1327,"Amityville Horror, The (1979)",Drama|Horror|Mystery|Thriller
1185,1328,"Amityville Curse, The (1990)",Horror
1186,1329,Blood for Dracula (Andy Warhol's Dracula) (1974),Horror
1187,1330,April Fool's Day (1986),Horror
1188,1331,Audrey Rose (1977),Horror
1189,1332,"Believers, The (1987)",Horror|Thriller
1190,1333,"Birds, The (1963)",Horror|Thriller
1191,1334,"Blob, The (1958)",Horror|Sci-Fi
1192,1335,Blood Beach (1981),Horror|Mystery
1193,1336,Body Parts (1991),Horror|Thriller
1194,1337,"Body Snatcher, The (1945)",Drama|Horror|Thriller
1195,1339,Dracula (Bram Stoker's Dracula) (1992),Fantasy|Horror|Romance|Thriller
1196,1340,"Bride of Frankenstein, The (Bride of Frankenstein) (1935)",Drama|Horror|Sci-Fi
1197,1341,Burnt Offerings (1976),Horror
1198,1342,Candyman (1992),Horror|Thriller
1199,1343,Cape Fear (1991),Thriller
1200,1344,Cape Fear (1962),Crime|Drama|Thriller
1201,1345,Carrie (1976),Drama|Fantasy|Horror|Thriller
1202,1346,Cat People (1982),Drama|Fantasy|Horror
1203,1347,"Nightmare on Elm Street, A (1984)",Horror|Thriller
1204,1348,"Nosferatu (Nosferatu, eine Symphonie des Grauens) (1922)",Horror
1205,1349,Vampire in Venice (Nosferatu a Venezia) (Nosferatu in Venice) (1986),Horror
1206,1350,"Omen, The (1976)",Horror|Mystery|Thriller
1207,1351,Blood and Wine (Blood & Wine) (1996),Crime|Drama|Thriller
1208,1352,Albino Alligator (1996),Crime|Thriller
1209,1353,"Mirror Has Two Faces, The (1996)",Comedy|Drama|Romance
1210,1354,Breaking the Waves (1996),Drama|Mystery
1211,1355,Nightwatch (1997),Horror|Thriller
1212,1356,Star Trek: First Contact (1996),Action|Adventure|Sci-Fi|Thriller
1213,1357,Shine (1996),Drama|Romance
1214,1358,Sling Blade (1996),Drama
1215,1359,Jingle All the Way (1996),Children|Comedy
1216,1360,Identification of a Woman (Identificazione di una donna) (1982),Drama
1217,1361,Paradise Lost: The Child Murders at Robin Hood Hills (1996),Documentary
1218,1363,"Preacher's Wife, The (1996)",Drama
1219,1364,Zero Kelvin (Kjærlighetens kjøtere) (1995),Drama
1220,1365,Ridicule (1996),Drama
1221,1366,"Crucible, The (1996)",Drama
1222,1367,101 Dalmatians (1996),Adventure|Children|Comedy
1223,1369,I Can't Sleep (J'ai pas sommeil) (1994),Drama|Thriller
1224,1370,Die Hard 2 (1990),Action|Adventure|Thriller
1225,1371,Star Trek: The Motion Picture (1979),Adventure|Sci-Fi
1226,1372,Star Trek VI: The Undiscovered Country (1991),Action|Mystery|Sci-Fi
1227,1373,Star Trek V: The Final Frontier (1989),Action|Sci-Fi
1228,1374,Star Trek II: The Wrath of Khan (1982),Action|Adventure|Sci-Fi|Thriller
1229,1375,Star Trek III: The Search for Spock (1984),Action|Adventure|Sci-Fi
1230,1376,Star Trek IV: The Voyage Home (1986),Adventure|Comedy|Sci-Fi
1231,1377,Batman Returns (1992),Action|Crime
1232,1378,Young Guns (1988),Action|Comedy|Western
1233,1379,Young Guns II (1990),Action|Western
1234,1380,Grease (1978),Comedy|Musical|Romance
1235,1381,Grease 2 (1982),Comedy|Musical|Romance
1236,1382,Marked for Death (1990),Action|Drama
1237,1383,Adrenalin: Fear the Rush (1996),Action|Sci-Fi
1238,1384,"Substance of Fire, The (1996)",Drama
1239,1385,Under Siege (1992),Action|Drama|Thriller
1240,1387,Jaws (1975),Action|Horror
1241,1388,Jaws 2 (1978),Horror|Thriller
1242,1389,Jaws 3-D (1983),Action|Horror
1243,1390,My Fellow Americans (1996),Comedy
1244,1391,Mars Attacks! (1996),Action|Comedy|Sci-Fi
1245,1392,Citizen Ruth (1996),Comedy|Drama
1246,1393,Jerry Maguire (1996),Drama|Romance
1247,1394,Raising Arizona (1987),Comedy
1248,1395,Tin Men (1987),Comedy|Drama
1249,1396,Sneakers (1992),Action|Comedy|Crime|Drama|Sci-Fi
1250,1397,Bastard Out of Carolina (1996),Drama
1251,1398,In Love and War (1996),Romance|War
1252,1399,Marvin's Room (1996),Drama
1253,1401,Ghosts of Mississippi (1996),Drama
1254,1404,Night Falls on Manhattan (1996),Crime|Drama
1255,1405,Beavis and Butt-Head Do America (1996),Adventure|Animation|Comedy|Crime
1256,1406,"Judgement in Stone, A (Cérémonie, La) (1995)",Drama
1257,1407,Scream (1996),Comedy|Horror|Mystery|Thriller
1258,1408,"Last of the Mohicans, The (1992)",Action|Romance|War|Western
1259,1409,Michael (1996),Comedy|Drama|Fantasy|Romance
1260,1410,"Evening Star, The (1996)",Comedy|Drama
1261,1411,Hamlet (1996),Crime|Drama|Romance
1262,1412,Some Mother's Son (1996),Drama
1263,1413,"Whole Wide World, The (1996)",Drama
1264,1414,Mother (1996),Comedy
1265,1415,"Thieves (Voleurs, Les) (1996)",Crime|Drama|Romance
1266,1416,Evita (1996),Drama|Musical
1267,1417,"Portrait of a Lady, The (1996)",Drama
1268,1419,Walkabout (1971),Adventure|Drama
1269,1420,Message to Love: The Isle of Wight Festival (1996),Documentary
1270,1421,Grateful Dead (1995),Documentary
1271,1422,Murder at 1600 (1997),Crime|Drama|Mystery|Thriller
1272,1423,Hearts and Minds (1996),Drama
1273,1425,Fierce Creatures (1997),Comedy
1274,1426,Zeus and Roxanne (1997),Children
1275,1427,Turbulence (1997),Action|Thriller
1276,1428,Angel Baby (1995),Drama
1277,1429,First Strike (Police Story 4: First Strike) (Ging chaat goo si 4: Ji gaan daan yam mo) (1996),Action|Adventure|Comedy|Thriller
1278,1430,Underworld (1996),Comedy|Thriller
1279,1431,Beverly Hills Ninja (1997),Action|Comedy
1280,1432,Metro (1997),Action|Comedy|Crime|Drama|Thriller
1281,1433,"Machine, The (1994)",Comedy|Horror|Sci-Fi|Thriller
1282,1434,"Stranger, The (1994)",Action
1283,1436,Falling in Love Again (1980),Comedy
1284,1437,"Cement Garden, The (1993)",Drama
1285,1438,Dante's Peak (1997),Action|Thriller
1286,1439,Meet Wally Sparks (1997),Comedy
1287,1440,Amos & Andrew (1993),Comedy
1288,1441,Benny & Joon (1993),Comedy|Romance
1289,1442,Prefontaine (1997),Drama
1290,1444,Guantanamera (1994),Comedy
1291,1445,McHale's Navy (1997),Comedy|War
1292,1446,Kolya (Kolja) (1996),Comedy|Drama
1293,1447,Gridlock'd (1997),Crime
1294,1448,Fire on the Mountain (1996),Documentary
1295,1449,Waiting for Guffman (1996),Comedy
1296,1450,Prisoner of the Mountains (Kavkazsky plennik) (1996),War
1297,1453,"Beautician and the Beast, The (1997)",Comedy|Romance
1298,1454,SubUrbia (1997),Comedy|Drama
1299,1455,Hotel de Love (1996),Comedy|Romance
1300,1456,"Pest, The (1997)",Comedy
1301,1457,Fools Rush In (1997),Comedy|Drama|Romance
1302,1458,Touch (1997),Drama|Fantasy|Romance
1303,1459,Absolute Power (1997),Mystery|Thriller
1304,1460,That Darn Cat (1997),Children|Comedy|Mystery
1305,1461,Vegas Vacation (National Lampoon's Las Vegas Vacation) (1997),Comedy
1306,1463,That Old Feeling (1997),Comedy|Romance
1307,1464,Lost Highway (1997),Crime|Drama|Fantasy|Film-Noir|Mystery|Romance
1308,1465,Rosewood (1997),Action|Drama
1309,1466,Donnie Brasco (1997),Crime|Drama
1310,1468,Booty Call (1997),Comedy|Romance
1311,1470,Rhyme & Reason (1997),Documentary
1312,1471,Boys Life 2 (1997),Drama
1313,1472,City of Industry (1997),Crime|Thriller
1314,1473,Best Men (1997),Action|Comedy|Crime|Drama
1315,1474,Jungle2Jungle (a.k.a. Jungle 2 Jungle) (1997),Children|Comedy
1316,1475,Kama Sutra: A Tale of Love (1996),Romance
1317,1476,Private Parts (1997),Comedy|Drama
1318,1477,Love Jones (1997),Romance
1319,1479,"Saint, The (1997)",Action|Romance|Sci-Fi|Thriller
1320,1480,Smilla's Sense of Snow (1997),Drama|Thriller
1321,1482,"Van, The (1996)",Comedy|Drama
1322,1483,Crash (1996),Drama|Thriller
1323,1484,"Daytrippers, The (1996)",Comedy|Drama|Mystery|Romance
1324,1485,Liar Liar (1997),Comedy
1325,1486,"Quiet Room, The (1996)",Drama
1326,1487,Selena (1997),Drama|Musical
1327,1488,"Devil's Own, The (1997)",Action|Drama|Thriller
1328,1489,Cats Don't Dance (1997),Animation|Children|Musical
1329,1490,B*A*P*S (1997),Comedy
1330,1493,Love and Other Catastrophes (1996),Romance
1331,1495,Turbo: A Power Rangers Movie (1997),Action|Adventure|Children
1332,1496,Anna Karenina (1997),Drama|Romance
1333,1497,Double Team (1997),Action
1334,1498,Inventing the Abbotts (1997),Drama|Romance
1335,1499,Anaconda (1997),Action|Adventure|Thriller
1336,1500,Grosse Pointe Blank (1997),Comedy|Crime|Romance
1337,1501,Keys to Tulsa (1997),Crime
1338,1502,Kissed (1996),Drama|Romance
1339,1503,8 Heads in a Duffel Bag (1997),Comedy
1340,1504,Hollow Reed (1996),Drama
1341,1507,Paradise Road (1997),Drama|War
1342,1508,Traveller (1997),Drama
1343,1509,All Over Me (1997),Drama
1344,1511,"Chef in Love, A (Shekvarebuli kulinaris ataserti retsepti) (1997)",Comedy|Romance
1345,1513,Romy and Michele's High School Reunion (1997),Comedy
1346,1514,Temptress Moon (Feng Yue) (1996),Romance
1347,1515,Volcano (1997),Action|Drama|Thriller
1348,1516,Children of the Revolution (1996),Comedy
1349,1517,Austin Powers: International Man of Mystery (1997),Action|Adventure|Comedy
1350,1518,Breakdown (1997),Action|Thriller
1351,1519,Broken English (1996),Drama
1352,1520,Commandments (1997),Romance
1353,1523,"Truth or Consequences, N.M. (1997)",Action|Crime|Romance
1354,1525,Warriors of Virtue (1997),Action|Adventure|Children|Fantasy
1355,1526,Fathers' Day (1997),Comedy
1356,1527,"Fifth Element, The (1997)",Action|Adventure|Comedy|Sci-Fi
1357,1529,Nowhere (1997),Comedy|Drama
1358,1531,Losing Chase (1996),Drama
1359,1532,Sprung (1997),Comedy
1360,1533,"Promise, The (La promesse) (1996)",Drama
1361,1534,"Bonheur, Le (1965)",Drama
1362,1535,Love! Valour! Compassion! (1997),Drama|Romance
1363,1537,Shall We Dance? (Shall We Dansu?) (1996),Comedy|Drama|Romance
1364,1538,"Second Jungle Book: Mowgli & Baloo, The (1997)",Adventure|Children
1365,1539,Twin Town (1997),Comedy|Crime
1366,1541,Addicted to Love (1997),Comedy|Romance
1367,1542,Brassed Off (1996),Comedy|Drama|Romance
1368,1543,"Designated Mourner, The (1997)",Drama
1369,1544,"Lost World: Jurassic Park, The (1997)",Action|Adventure|Sci-Fi|Thriller
1370,1545,Ponette (1996),Drama
1371,1546,Schizopolis (1996),Comedy
1372,1547,Shiloh (1997),Children|Drama
1373,1549,Rough Magic (1995),Drama|Romance
1374,1550,Trial and Error (1997),Comedy|Romance
1375,1551,Buddy (1997),Adventure|Children|Drama
1376,1552,Con Air (1997),Action|Adventure|Thriller
1377,1554,"Pillow Book, The (1996)",Drama|Romance
1378,1555,"To Have, or Not (En avoir (ou pas)) (1995)",Drama
1379,1556,Speed 2: Cruise Control (1997),Action|Romance|Thriller
1380,1562,Batman & Robin (1997),Action|Adventure|Fantasy|Thriller
1381,1563,Dream With the Fishes (1997),Drama
1382,1564,For Roseanna (Roseanna's Grave) (1997),Comedy|Drama|Romance
1383,1565,Head Above Water (1996),Comedy|Thriller
1384,1566,Hercules (1997),Adventure|Animation|Children|Comedy|Musical
1385,1567,"Last Time I Committed Suicide, The (1997)",Drama
1386,1569,My Best Friend's Wedding (1997),Comedy|Romance
1387,1570,Tetsuo II: Body Hammer (1992),Horror|Sci-Fi
1388,1571,When the Cat's Away (Chacun cherche son chat) (1996),Comedy|Romance
1389,1572,"Contempt (Mépris, Le) (1963)",Drama
1390,1573,Face/Off (1997),Action|Crime|Drama|Thriller
1391,1574,Fall (1997),Romance
1392,1575,Gabbeh (1996),Drama
1393,1580,Men in Black (a.k.a. MIB) (1997),Action|Comedy|Sci-Fi
1394,1581,Out to Sea (1997),Comedy
1395,1582,Wild America (1997),Adventure|Children
1396,1583,"Simple Wish, A (1997)",Children|Fantasy
1397,1584,Contact (1997),Drama|Sci-Fi
1398,1585,Love Serenade (1996),Comedy
1399,1586,G.I. Jane (1997),Action|Drama
1400,1587,Conan the Barbarian (1982),Action|Adventure|Fantasy
1401,1588,George of the Jungle (1997),Children|Comedy
1402,1589,Cop Land (1997),Action|Crime|Drama|Thriller
1403,1590,Event Horizon (1997),Horror|Sci-Fi|Thriller
1404,1591,Spawn (1997),Action|Adventure|Sci-Fi|Thriller
1405,1592,Air Bud (1997),Children|Comedy
1406,1593,Picture Perfect (1997),Comedy|Romance
1407,1594,In the Company of Men (1997),Comedy|Drama
1408,1595,Free Willy 3: The Rescue (1997),Adventure|Children|Drama
1409,1596,Career Girls (1997),Drama
1410,1597,Conspiracy Theory (1997),Drama|Mystery|Romance|Thriller
1411,1598,Desperate Measures (1998),Crime|Drama|Thriller
1412,1599,Steel (1997),Action
1413,1600,She's So Lovely (1997),Drama|Romance
1414,1601,Hoodlum (1997),Crime|Drama|Film-Noir
1415,1602,Leave It to Beaver (1997),Comedy
1416,1603,Mimic (1997),Horror|Sci-Fi|Thriller
1417,1604,Money Talks (1997),Action|Comedy
1418,1605,Excess Baggage (1997),Adventure|Romance
1419,1606,Kull the Conqueror (1997),Action|Adventure
1420,1608,Air Force One (1997),Action|Thriller
1421,1609,187 (One Eight Seven) (1997),Drama|Thriller
1422,1610,"Hunt for Red October, The (1990)",Action|Adventure|Thriller
1423,1611,My Own Private Idaho (1991),Drama|Romance
1424,1612,"Kiss Me, Guido (1997)",Comedy
1425,1613,Star Maps (1997),Drama
1426,1614,In & Out (1997),Comedy
1427,1615,"Edge, The (1997)",Adventure|Drama
1428,1616,"Peacemaker, The (1997)",Action|Thriller|War
1429,1617,L.A. Confidential (1997),Crime|Film-Noir|Mystery|Thriller
1430,1619,Seven Years in Tibet (1997),Adventure|Drama|War
1431,1620,Kiss the Girls (1997),Crime|Drama|Mystery|Thriller
1432,1621,Soul Food (1997),Drama
1433,1622,Kicked in the Head (1997),Comedy|Drama
1434,1623,Wishmaster (1997),Horror
1435,1624,"Thousand Acres, A (1997)",Drama
1436,1625,"Game, The (1997)",Drama|Mystery|Thriller
1437,1626,Fire Down Below (1997),Action|Drama|Thriller
1438,1627,U Turn (1997),Crime|Drama|Mystery
1439,1629,"MatchMaker, The (1997)",Comedy|Romance
1440,1631,"Assignment, The (1997)",Action|Thriller
1441,1632,"Smile Like Yours, A (1997)",Comedy|Romance
1442,1633,Ulee's Gold (1997),Drama
1443,1635,"Ice Storm, The (1997)",Drama
1444,1636,Stag (1997),Action|Thriller
1445,1639,Chasing Amy (1997),Comedy|Drama|Romance
1446,1640,How to Be a Player (1997),Comedy
1447,1641,"Full Monty, The (1997)",Comedy|Drama
1448,1642,Indian Summer (a.k.a. Alive & Kicking) (1996),Comedy|Drama
1449,1643,"Mrs. Brown (a.k.a. Her Majesty, Mrs. Brown) (1997)",Drama|Romance
1450,1644,I Know What You Did Last Summer (1997),Horror|Mystery|Thriller
1451,1645,"Devil's Advocate, The (1997)",Drama|Mystery|Thriller
1452,1646,RocketMan (a.k.a. Rocket Man) (1997),Children|Comedy|Romance|Sci-Fi
1453,1647,Playing God (1997),Crime|Drama|Thriller
1454,1648,"House of Yes, The (1997)",Comedy|Drama
1455,1649,"Fast, Cheap & Out of Control (1997)",Documentary
1456,1650,Washington Square (1997),Drama
1457,1651,Telling Lies in America (1997),Drama
1458,1652,Year of the Horse (1997),Documentary
1459,1653,Gattaca (1997),Drama|Sci-Fi|Thriller
1460,1654,FairyTale: A True Story (1997),Children|Drama|Fantasy
1461,1655,Phantoms (1998),Drama|Horror|Thriller
1462,1656,Swept from the Sea (1997),Drama|Romance
1463,1657,Wonderland (1997),Comedy|Documentary
1464,1658,"Life Less Ordinary, A (1997)",Romance|Thriller
1465,1659,Hurricane Streets (1997),Drama
1466,1660,Eve's Bayou (1997),Drama
1467,1661,Switchback (1997),Crime|Mystery|Thriller
1468,1662,Gang Related (1997),Crime
1469,1663,Stripes (1981),Comedy|War
1470,1664,Nenette and Boni (Nénette et Boni) (1996),Drama
1471,1665,Bean (1997),Comedy
1472,1666,Hugo Pool (1997),Romance
1473,1667,Mad City (1997),Action|Drama
1474,1668,One Night Stand (1997),Drama
1475,1669,"Tango Lesson, The (1997)",Romance
1476,1670,Welcome to Sarajevo (1997),Drama|War
1477,1671,Deceiver (1997),Crime|Drama|Thriller
1478,1672,"Rainmaker, The (1997)",Drama
1479,1673,Boogie Nights (1997),Drama
1480,1674,Witness (1985),Drama|Romance|Thriller
1481,1675,Incognito (1997),Crime|Thriller
1482,1676,Starship Troopers (1997),Action|Sci-Fi
1483,1677,Critical Care (1997),Comedy|Drama
1484,1678,"Joy Luck Club, The (1993)",Drama|Romance
1485,1679,Chairman of the Board (1998),Comedy
1486,1680,Sliding Doors (1998),Drama|Romance
1487,1681,Mortal Kombat: Annihilation (1997),Action|Adventure|Fantasy
1488,1682,"Truman Show, The (1998)",Comedy|Drama|Sci-Fi
1489,1683,"Wings of the Dove, The (1997)",Drama|Romance
1490,1684,Mrs. Dalloway (1997),Drama|Romance
1491,1685,"I Love You, I Love You Not (1996)",Drama|Romance
1492,1686,Red Corner (1997),Crime|Thriller
1493,1687,"Jackal, The (1997)",Action|Thriller
1494,1688,Anastasia (1997),Adventure|Animation|Children|Drama|Musical
1495,1689,"Man Who Knew Too Little, The (1997)",Comedy|Crime|Thriller
1496,1690,Alien: Resurrection (1997),Action|Horror|Sci-Fi
1497,1692,Alien Escape (1995),Horror|Sci-Fi
1498,1693,Amistad (1997),Drama|Mystery
1499,1694,"Apostle, The (1997)",Drama
1500,1695,Artemisia (1997),Drama
1501,1696,Bent (1997),Drama|War
1502,1699,"Butcher Boy, The (1997)",Comedy|Drama
1503,1701,Deconstructing Harry (1997),Comedy|Drama
1504,1702,Flubber (1997),Children|Comedy|Fantasy
1505,1703,For Richer or Poorer (1997),Comedy
1506,1704,Good Will Hunting (1997),Drama|Romance
1507,1707,Home Alone 3 (1997),Children|Comedy
1508,1711,Midnight in the Garden of Good and Evil (1997),Crime|Drama|Mystery
1509,1713,Mouse Hunt (1997),Children|Comedy
1510,1715,Office Killer (1997),Thriller
1511,1717,Scream 2 (1997),Comedy|Horror|Mystery|Thriller
1512,1719,"Sweet Hereafter, The (1997)",Drama
1513,1720,Time Tracers (1995),Action|Adventure|Sci-Fi
1514,1721,Titanic (1997),Drama|Romance
1515,1722,Tomorrow Never Dies (1997),Action|Adventure|Thriller
1516,1723,Twisted (1996),Comedy|Drama
1517,1725,"Education of Little Tree, The (1997)",Drama
1518,1726,"Postman, The (1997)",Action|Adventure|Drama|Sci-Fi
1519,1727,"Horse Whisperer, The (1998)",Drama|Romance
1520,1728,"Winter Guest, The (1997)",Drama
1521,1729,Jackie Brown (1997),Crime|Drama|Thriller
1522,1730,Kundun (1997),Drama
1523,1731,Mr. Magoo (1997),Comedy
1524,1732,"Big Lebowski, The (1998)",Comedy|Crime
1525,1733,Afterglow (1997),Drama|Romance
1526,1734,My Life in Pink (Ma vie en rose) (1997),Comedy|Drama
1527,1735,Great Expectations (1998),Drama|Romance
1528,1739,3 Ninjas: High Noon On Mega Mountain (1998),Action|Children|Comedy
1529,1743,Arguing the World (1998),Documentary
1530,1744,Firestorm (1998),Action|Adventure|Thriller
1531,1746,Senseless (1998),Comedy
1532,1747,Wag the Dog (1997),Comedy
1533,1748,Dark City (1998),Adventure|Film-Noir|Sci-Fi|Thriller
1534,1749,"Leading Man, The (1996)",Romance
1535,1750,Star Kid (1997),Adventure|Children|Fantasy|Sci-Fi
1536,1752,Hard Rain (1998),Action|Crime|Thriller
1537,1753,Half Baked (1998),Comedy
1538,1754,Fallen (1998),Crime|Drama|Fantasy|Thriller
1539,1755,Shooting Fish (1997),Comedy|Romance
1540,1756,"Prophecy II, The (1998)",Horror
1541,1757,Fallen Angels (Duo luo tian shi) (1995),Drama|Romance
1542,1759,"Four Days in September (O Que É Isso, Companheiro?) (1997)",Drama
1543,1760,Spice World (1997),Comedy
1544,1762,Deep Rising (1998),Action|Horror|Sci-Fi
1545,1767,Music From Another Room (1998),Drama|Romance
1546,1769,"Replacement Killers, The (1998)",Action|Crime|Thriller
1547,1770,B. Monkey (1998),Crime|Romance|Thriller
1548,1771,Night Flier (1997),Horror
1549,1772,Blues Brothers 2000 (1998),Action|Comedy|Musical
1550,1773,Tokyo Fist (Tokyo ken) (1995),Action|Drama
1551,1777,"Wedding Singer, The (1998)",Comedy|Romance
1552,1779,Sphere (1998),Sci-Fi|Thriller
1553,1780,Ayn Rand: A Sense of Life (1997),Documentary
1554,1783,Palmetto (1998),Crime|Drama|Mystery|Romance|Thriller
1555,1784,As Good as It Gets (1997),Comedy|Drama|Romance
1556,1785,King of New York (1990),Crime|Thriller
1557,1788,Men with Guns (1997),Action|Drama
1558,1791,Twilight (1998),Crime|Drama|Thriller
1559,1792,U.S. Marshals (1998),Action|Crime|Thriller
1560,1793,Welcome to Woop-Woop (1997),Comedy
1561,1794,Love and Death on Long Island (1997),Comedy|Drama
1562,1795,"Callejón de los milagros, El (1995)",Drama
1563,1797,Everest (1998),Documentary|IMAX
1564,1798,Hush (1998),Thriller
1565,1799,Suicide Kings (1997),Comedy|Crime|Drama|Mystery|Thriller
1566,1801,"Man in the Iron Mask, The (1998)",Action|Adventure|Drama
1567,1804,"Newton Boys, The (1998)",Crime|Drama
1568,1805,Wild Things (1998),Crime|Drama|Mystery|Thriller
1569,1806,Paulie (1998),Adventure|Children|Comedy
1570,1807,"Cool, Dry Place, A (1998)",Drama
1571,1809,Fireworks (Hana-bi) (1997),Crime|Drama
1572,1810,Primary Colors (1998),Comedy|Drama
1573,1811,"Niagara, Niagara (1997)",Drama
1574,1812,Wide Awake (1998),Children|Comedy|Drama
1575,1814,"Price Above Rubies, A (1998)",Drama
1576,1816,Two Girls and a Guy (1997),Comedy|Drama
1577,1817,No Looking Back (1998),Drama|Romance
1578,1820,"Proposition, The (1998)",Drama|Romance
1579,1821,"Object of My Affection, The (1998)",Comedy|Romance
1580,1822,Meet the Deedles (1998),Children|Comedy
1581,1824,Homegrown (1998),Comedy|Thriller
1582,1825,"Player's Club, The (1998)",Comedy|Drama
1583,1826,Barney's Great Adventure (1998),Adventure|Children
1584,1827,"Big One, The (1997)",Comedy|Documentary
1585,1829,Chinese Box (1997),Drama|Romance
1586,1831,Lost in Space (1998),Action|Adventure|Sci-Fi
1587,1833,Mercury Rising (1998),Action|Drama|Thriller
1588,1834,"Spanish Prisoner, The (1997)",Crime|Drama|Mystery|Thriller
1589,1835,City of Angels (1998),Drama|Fantasy|Romance
1590,1836,"Last Days of Disco, The (1998)",Comedy|Drama
1591,1837,"Odd Couple II, The (1998)",Comedy
1592,1839,My Giant (1998),Comedy
1593,1840,He Got Game (1998),Drama
1594,1841,"Gingerbread Man, The (1998)",Drama|Thriller
1595,1844,Live Flesh (Carne trémula) (1997),Drama|Romance
1596,1845,Zero Effect (1998),Comedy|Mystery|Thriller
1597,1846,Nil By Mouth (1997),Drama
1598,1848,"Borrowers, The (1997)",Adventure|Children|Comedy|Fantasy
1599,1850,"I Love You, Don't Touch Me! (1998)",Drama|Romance
1600,1853,"Alan Smithee Film: Burn Hollywood Burn, An (1997)",Comedy
1601,1854,Kissing a Fool (1998),Comedy|Romance
1602,1855,Krippendorf's Tribe (1998),Comedy
1603,1856,Kurt & Courtney (1998),Documentary
1604,1857,"Real Blonde, The (1997)",Comedy
1605,1858,Mr. Nice Guy (Yat goh ho yan) (1997),Action|Comedy
1606,1859,Taste of Cherry (Ta'm e guilass) (1997),Drama
1607,1860,Character (Karakter) (1997),Drama
1608,1861,Junk Mail (Budbringeren) (1997),Comedy|Thriller
1609,1862,Species II (1998),Horror|Sci-Fi
1610,1863,Major League: Back to the Minors (1998),Comedy
1611,1864,Sour Grapes (1998),Comedy
1612,1865,Wild Man Blues (1997),Documentary
1613,1866,"Big Hit, The (1998)",Action|Comedy|Crime
1614,1867,Tarzan and the Lost City (1998),Action|Adventure
1615,1869,Black Dog (1998),Action|Thriller
1616,1870,"Dancer, Texas Pop. 81 (1998)",Comedy|Drama
1617,1871,"Friend of the Deceased, A (Priyatel pokonika) (1997)",Comedy|Drama
1618,1872,Go Now (1995),Drama
1619,1873,"Misérables, Les (1998)",Crime|Drama|Romance|War
1620,1874,Still Breathing (1997),Comedy|Romance
1621,1875,Clockwatchers (1997),Comedy
1622,1876,Deep Impact (1998),Drama|Sci-Fi|Thriller
1623,1878,Woo (1998),Comedy|Romance
1624,1879,"Hanging Garden, The (1997)",Drama|Romance
1625,1880,Lawn Dogs (1997),Drama
1626,1881,Quest for Camelot (1998),Adventure|Animation|Children|Fantasy|Musical
1627,1882,Godzilla (1998),Action|Sci-Fi|Thriller
1628,1883,Bulworth (1998),Comedy|Drama|Romance
1629,1884,Fear and Loathing in Las Vegas (1998),Adventure|Comedy|Drama
1630,1885,"Opposite of Sex, The (1998)",Comedy|Drama|Romance
1631,1886,I Got the Hook Up (1998),Comedy
1632,1887,Almost Heroes (1998),Adventure|Comedy|Western
1633,1888,Hope Floats (1998),Comedy|Drama|Romance
1634,1889,Insomnia (1997),Drama|Mystery|Thriller
1635,1890,Little Boy Blue (1997),Drama
1636,1891,"Ugly, The (1997)",Horror|Thriller
1637,1892,"Perfect Murder, A (1998)",Thriller
1638,1893,Beyond Silence (Jenseits der Stille) (1996),Drama
1639,1894,Six Days Seven Nights (1998),Adventure|Comedy|Romance
1640,1895,Can't Hardly Wait (1998),Comedy|Drama|Romance
1641,1896,Cousin Bette (1998),Comedy
1642,1897,High Art (1998),Drama|Romance
1643,1898,"Land Girls, The (1998)",Drama|War
1644,1899,Passion in the Desert (1998),Adventure|Drama
1645,1900,"Children of Heaven, The (Bacheha-Ye Aseman) (1997)",Comedy|Drama
1646,1901,Dear Jesse (1997),Documentary
1647,1902,Dream for an Insomniac (1996),Drama|Romance
1648,1903,Hav Plenty (1997),Comedy
1649,1904,Henry Fool (1997),Comedy|Drama
1650,1906,Mr. Jealousy (1997),Comedy|Romance
1651,1907,Mulan (1998),Adventure|Animation|Children|Comedy|Drama|Musical|Romance
1652,1909,"X-Files: Fight the Future, The (1998)",Action|Crime|Mystery|Sci-Fi|Thriller
1653,1910,I Went Down (1997),Comedy|Crime|Drama
1654,1911,Dr. Dolittle (1998),Comedy
1655,1912,Out of Sight (1998),Comedy|Crime|Drama|Romance|Thriller
1656,1913,Picnic at Hanging Rock (1975),Drama|Mystery
1657,1914,Smoke Signals (1998),Comedy|Drama
1658,1916,Buffalo '66 (a.k.a. Buffalo 66) (1998),Drama|Romance
1659,1917,Armageddon (1998),Action|Romance|Sci-Fi|Thriller
1660,1918,Lethal Weapon 4 (1998),Action|Comedy|Crime|Thriller
1661,1919,Madeline (1998),Children|Comedy
1662,1920,Small Soldiers (1998),Animation|Children|Fantasy|War
1663,1921,Pi (1998),Drama|Sci-Fi|Thriller
1664,1922,Whatever (1998),Drama
1665,1923,There's Something About Mary (1998),Comedy|Romance
1666,1924,Plan 9 from Outer Space (1959),Horror|Sci-Fi
1667,1925,Wings (1927),Action|Drama|Romance|War
1668,1926,"Broadway Melody, The (1929)",Musical
1669,1927,All Quiet on the Western Front (1930),Action|Drama|War
1670,1928,Cimarron (1931),Drama|Western
1671,1929,Grand Hotel (1932),Drama|Romance
1672,1930,Cavalcade (1933),Drama|Romance|War
1673,1931,Mutiny on the Bounty (1935),Adventure|Drama
1674,1932,"Great Ziegfeld, The (1936)",Drama|Musical
1675,1933,"Life of Emile Zola, The (1937)",Drama
1676,1934,You Can't Take It with You (1938),Comedy|Romance
1677,1935,How Green Was My Valley (1941),Drama|Musical|Romance
1678,1936,Mrs. Miniver (1942),Drama|War
1679,1937,Going My Way (1944),Comedy|Drama|Musical
1680,1938,"Lost Weekend, The (1945)",Drama
1681,1939,"Best Years of Our Lives, The (1946)",Drama|War
1682,1940,Gentleman's Agreement (1947),Drama
1683,1941,Hamlet (1948),Drama
1684,1942,All the King's Men (1949),Drama
1685,1943,"Greatest Show on Earth, The (1952)",Drama
1686,1944,From Here to Eternity (1953),Drama|Romance|War
1687,1945,On the Waterfront (1954),Crime|Drama
1688,1946,Marty (1955),Drama|Romance
1689,1947,West Side Story (1961),Drama|Musical|Romance
1690,1948,Tom Jones (1963),Adventure|Comedy|Romance
1691,1949,"Man for All Seasons, A (1966)",Drama
1692,1950,In the Heat of the Night (1967),Drama|Mystery
1693,1951,Oliver! (1968),Drama|Musical
1694,1952,Midnight Cowboy (1969),Drama
1695,1953,"French Connection, The (1971)",Action|Crime|Thriller
1696,1954,Rocky (1976),Drama
1697,1955,Kramer vs. Kramer (1979),Drama
1698,1956,Ordinary People (1980),Drama
1699,1957,Chariots of Fire (1981),Drama
1700,1958,Terms of Endearment (1983),Comedy|Drama
1701,1959,Out of Africa (1985),Drama|Romance
1702,1960,"Last Emperor, The (1987)",Drama
1703,1961,Rain Man (1988),Drama
1704,1962,Driving Miss Daisy (1989),Drama
1705,1963,Take the Money and Run (1969),Comedy|Crime
1706,1964,Klute (1971),Drama|Mystery
1707,1965,Repo Man (1984),Comedy|Sci-Fi
1708,1966,Metropolitan (1990),Comedy
1709,1967,Labyrinth (1986),Adventure|Fantasy|Musical
1710,1968,"Breakfast Club, The (1985)",Comedy|Drama
1711,1969,"Nightmare on Elm Street 2: Freddy's Revenge, A (1985)",Horror
1712,1970,"Nightmare on Elm Street 3: Dream Warriors, A (1987)",Horror|Thriller
1713,1971,"Nightmare on Elm Street 4: The Dream Master, A (1988)",Horror|Thriller
1714,1972,"Nightmare on Elm Street 5: The Dream Child, A (1989)",Horror
1715,1973,"Freddy's Dead: The Final Nightmare (Nightmare on Elm Street Part 6: Freddy's Dead, A) (1991)",Horror
1716,1974,Friday the 13th (1980),Horror|Mystery|Thriller
1717,1975,Friday the 13th Part 2 (1981),Horror
1718,1976,Friday the 13th Part 3: 3D (1982),Horror
1719,1977,Friday the 13th Part IV: The Final Chapter (1984),Horror
1720,1978,Friday the 13th Part V: A New Beginning (1985),Horror
1721,1979,Friday the 13th Part VI: Jason Lives (1986),Horror
1722,1980,Friday the 13th Part VII: The New Blood (1988),Horror
1723,1981,Friday the 13th Part VIII: Jason Takes Manhattan (1989),Horror
1724,1982,Halloween (1978),Horror
1725,1983,Halloween II (1981),Horror
1726,1984,Halloween III: Season of the Witch (1982),Horror
1727,1985,Halloween 4: The Return of Michael Myers (1988),Horror
1728,1986,Halloween 5: The Revenge of Michael Myers (1989),Horror
1729,1987,Prom Night (1980),Horror
1730,1988,Hello Mary Lou: Prom Night II (1987),Horror
1731,1989,Prom Night III: The Last Kiss (1989),Horror
1732,1990,Prom Night IV: Deliver Us From Evil (1992),Horror
1733,1991,Child's Play (1988),Horror|Thriller
1734,1992,Child's Play 2 (1990),Horror|Thriller
1735,1993,Child's Play 3 (1991),Comedy|Horror|Thriller
1736,1994,Poltergeist (1982),Horror|Thriller
1737,1995,Poltergeist II: The Other Side (1986),Horror|Thriller
1738,1996,Poltergeist III (1988),Horror|Thriller
1739,1997,"Exorcist, The (1973)",Horror|Mystery
1740,1998,Exorcist II: The Heretic (1977),Horror
1741,1999,"Exorcist III, The (1990)",Horror
1742,2000,Lethal Weapon (1987),Action|Comedy|Crime|Drama
1743,2001,Lethal Weapon 2 (1989),Action|Comedy|Crime|Drama
1744,2002,Lethal Weapon 3 (1992),Action|Comedy|Crime|Drama
1745,2003,Gremlins (1984),Comedy|Horror
1746,2004,Gremlins 2: The New Batch (1990),Comedy|Horror
1747,2005,"Goonies, The (1985)",Action|Adventure|Children|Comedy|Fantasy
1748,2006,"Mask of Zorro, The (1998)",Action|Comedy|Romance
1749,2007,Polish Wedding (1998),Comedy
1750,2008,"This World, Then the Fireworks (1997)",Crime|Drama|Film-Noir
1751,2009,Soylent Green (1973),Drama|Mystery|Sci-Fi|Thriller
1752,2010,Metropolis (1927),Drama|Sci-Fi
1753,2011,Back to the Future Part II (1989),Adventure|Comedy|Sci-Fi
1754,2012,Back to the Future Part III (1990),Adventure|Comedy|Sci-Fi|Western
1755,2013,"Poseidon Adventure, The (1972)",Action|Adventure|Drama
1756,2014,Freaky Friday (1977),Children|Comedy|Fantasy
1757,2015,"Absent-Minded Professor, The (1961)",Children|Comedy|Fantasy
1758,2016,"Apple Dumpling Gang Rides Again, The (1979)",Children|Comedy|Western
1759,2017,Babes in Toyland (1961),Children|Fantasy|Musical
1760,2018,Bambi (1942),Animation|Children|Drama
1761,2019,Seven Samurai (Shichinin no samurai) (1954),Action|Adventure|Drama
1762,2020,Dangerous Liaisons (1988),Drama|Romance
1763,2021,Dune (1984),Adventure|Sci-Fi
1764,2022,"Last Temptation of Christ, The (1988)",Drama
1765,2023,"Godfather: Part III, The (1990)",Crime|Drama|Mystery|Thriller
1766,2024,"Rapture, The (1991)",Drama|Mystery
1767,2025,Lolita (1997),Drama|Romance
1768,2026,Disturbing Behavior (1998),Horror|Thriller
1769,2027,Jane Austen's Mafia! (1998),Comedy|Crime
1770,2028,Saving Private Ryan (1998),Action|Drama|War
1771,2029,Billy's Hollywood Screen Kiss (1997),Comedy|Romance
1772,2031,"Million Dollar Duck, The (a.k.a. $1,000,000 Duck) (1971)",Children|Comedy
1773,2032,"Barefoot Executive, The (1971)",Children|Comedy
1774,2033,"Black Cauldron, The (1985)",Adventure|Animation|Children|Fantasy
1775,2034,"Black Hole, The (1979)",Children|Sci-Fi
1776,2035,Blackbeard's Ghost (1968),Children|Comedy
1777,2036,Blank Check (1994),Children|Comedy
1778,2037,Candleshoe (1977),Adventure|Children|Comedy
1779,2038,"Cat from Outer Space, The (1978)",Children|Comedy|Sci-Fi
1780,2039,Cheetah (1989),Adventure|Children
1781,2040,"Computer Wore Tennis Shoes, The (1969)",Children|Comedy
1782,2041,Condorman (1981),Action|Adventure|Children|Comedy
1783,2042,D2: The Mighty Ducks (1994),Children|Comedy
1784,2043,Darby O'Gill and the Little People (1959),Adventure|Children|Fantasy
1785,2044,"Devil and Max Devlin, The (1981)",Comedy|Fantasy
1786,2045,"Far Off Place, A (1993)",Adventure|Children|Drama|Romance
1787,2046,Flight of the Navigator (1986),Adventure|Children|Sci-Fi
1788,2047,"Gnome-Mobile, The (1967)",Adventure|Children|Fantasy|Musical
1789,2048,"Great Mouse Detective, The (1986)",Action|Animation|Children|Crime
1790,2049,"Happiest Millionaire, The (1967)",Comedy|Musical
1791,2050,Herbie Goes Bananas (1980),Adventure|Children|Comedy
1792,2051,Herbie Goes to Monte Carlo (1977),Adventure|Children|Comedy
1793,2052,Hocus Pocus (1993),Children|Comedy|Fantasy|Horror
1794,2053,"Honey, I Blew Up the Kid (1992)",Children|Comedy|Sci-Fi
1795,2054,"Honey, I Shrunk the Kids (1989)",Adventure|Children|Comedy|Fantasy|Sci-Fi
1796,2055,Hot Lead and Cold Feet (1978),Action|Comedy|Western
1797,2056,In Search of the Castaways (1962),Adventure|Children
1798,2057,"Incredible Journey, The (1963)",Adventure|Children
1799,2058,"Negotiator, The (1998)",Action|Crime|Drama|Mystery|Thriller
1800,2059,"Parent Trap, The (1998)",Children|Comedy|Romance
1801,2060,BASEketball (1998),Comedy
1802,2061,Full Tilt Boogie (1997),Documentary
1803,2062,"Governess, The (1998)",Drama|Romance
1804,2063,"Seventh Heaven (Septième ciel, Le) (1997)",Drama|Romance
1805,2064,Roger & Me (1989),Documentary
1806,2065,"Purple Rose of Cairo, The (1985)",Comedy|Drama|Fantasy|Romance
1807,2066,Out of the Past (1947),Film-Noir
1808,2067,Doctor Zhivago (1965),Drama|Romance|War
1809,2068,Fanny and Alexander (Fanny och Alexander) (1982),Drama|Fantasy|Mystery
1810,2069,"Trip to Bountiful, The (1985)",Drama
1811,2070,Tender Mercies (1983),Drama|Romance|Western
1812,2071,And the Band Played On (1993),Drama
1813,2072,"'burbs, The (1989)",Comedy
1814,2073,Fandango (1985),Comedy
1815,2074,"Night Porter, The (Portiere di notte, Il) (1974)",Crime|Drama|Romance
1816,2075,Mephisto (1981),Drama|War
1817,2076,Blue Velvet (1986),Drama|Mystery|Thriller
1818,2077,"Journey of Natty Gann, The (1985)",Adventure|Children
1819,2078,"Jungle Book, The (1967)",Animation|Children|Comedy|Musical
1820,2079,Kidnapped (1960),Adventure|Children|Drama
1821,2080,Lady and the Tramp (1955),Animation|Children|Comedy|Romance
1822,2081,"Little Mermaid, The (1989)",Animation|Children|Comedy|Musical|Romance
1823,2082,"Mighty Ducks, The (1992)",Children|Comedy
1824,2083,"Muppet Christmas Carol, The (1992)",Children|Comedy|Musical
1825,2084,Newsies (1992),Children|Musical
1826,2085,101 Dalmatians (One Hundred and One Dalmatians) (1961),Adventure|Animation|Children
1827,2086,One Magic Christmas (1985),Drama|Fantasy
1828,2087,Peter Pan (1953),Animation|Children|Fantasy|Musical
1829,2088,Popeye (1980),Adventure|Comedy|Musical
1830,2089,"Rescuers Down Under, The (1990)",Adventure|Animation|Children
1831,2090,"Rescuers, The (1977)",Adventure|Animation|Children|Crime|Drama
1832,2091,Return from Witch Mountain (1978),Children|Sci-Fi
1833,2092,"Return of Jafar, The (1994)",Adventure|Animation|Children|Fantasy|Musical|Romance
1834,2093,Return to Oz (1985),Adventure|Children|Fantasy
1835,2094,"Rocketeer, The (1991)",Action|Adventure|Sci-Fi
1836,2095,"Shaggy D.A., The (1976)",Children|Comedy
1837,2096,Sleeping Beauty (1959),Animation|Children|Musical
1838,2097,Something Wicked This Way Comes (1983),Children|Drama|Fantasy|Mystery|Thriller
1839,2098,Son of Flubber (1963),Children|Comedy
1840,2099,Song of the South (1946),Adventure|Animation|Children|Musical
1841,2100,Splash (1984),Comedy|Fantasy|Romance
1842,2101,Squanto: A Warrior's Tale (1994),Adventure|Drama
1843,2102,Steamboat Willie (1928),Animation|Children|Comedy|Musical
1844,2103,Tall Tale (1995),Adventure|Children|Fantasy|Western
1845,2104,Tex (1982),Drama
1846,2105,Tron (1982),Action|Adventure|Sci-Fi
1847,2106,Swing Kids (1993),Drama|War
1848,2107,Halloween H20: 20 Years Later (Halloween 7: The Revenge of Laurie Strode) (1998),Horror|Thriller
1849,2108,L.A. Story (1991),Comedy|Romance
1850,2109,"Jerk, The (1979)",Comedy
1851,2110,Dead Men Don't Wear Plaid (1982),Comedy|Crime|Thriller
1852,2111,"Man with Two Brains, The (1983)",Comedy
1853,2112,Grand Canyon (1991),Crime|Drama
1854,2113,Graveyard Shift (Stephen King's Graveyard Shift) (1990),Horror|Thriller
1855,2114,"Outsiders, The (1983)",Drama
1856,2115,Indiana Jones and the Temple of Doom (1984),Action|Adventure|Fantasy
1857,2116,"Lord of the Rings, The (1978)",Adventure|Animation|Children|Fantasy
1858,2117,1984 (Nineteen Eighty-Four) (1984),Drama|Sci-Fi
1859,2118,"Dead Zone, The (1983)",Thriller
1860,2119,Maximum Overdrive (1986),Horror
1861,2120,Needful Things (1993),Drama|Horror
1862,2121,Cujo (1983),Horror|Thriller
1863,2122,Children of the Corn (1984),Horror|Thriller
1864,2123,All Dogs Go to Heaven (1989),Animation|Children|Comedy|Drama|Fantasy
1865,2124,"Addams Family, The (1991)",Children|Comedy|Fantasy
1866,2125,Ever After: A Cinderella Story (1998),Comedy|Drama|Romance
1867,2126,Snake Eyes (1998),Action|Crime|Mystery|Thriller
1868,2128,Safe Men (1998),Comedy
1869,2129,"Saltmen of Tibet, The (Salzmänner von Tibet, Die) (1997)",Documentary
1870,2130,Atlantic City (1980),Crime|Drama|Romance
1871,2131,Autumn Sonata (Höstsonaten) (1978),Drama
1872,2132,Who's Afraid of Virginia Woolf? (1966),Drama
1873,2133,Adventures in Babysitting (1987),Adventure|Comedy
1874,2134,Weird Science (1985),Comedy|Fantasy|Sci-Fi
1875,2135,Doctor Dolittle (1967),Adventure|Children|Musical
1876,2136,"Nutty Professor, The (1963)",Comedy|Sci-Fi
1877,2137,Charlotte's Web (1973),Animation|Children
1878,2138,Watership Down (1978),Adventure|Animation|Children|Drama|Fantasy
1879,2139,"Secret of NIMH, The (1982)",Adventure|Animation|Children|Drama
1880,2140,"Dark Crystal, The (1982)",Adventure|Fantasy
1881,2141,"American Tail, An (1986)",Adventure|Animation|Children|Comedy
1882,2142,"American Tail: Fievel Goes West, An (1991)",Adventure|Animation|Children|Musical|Western
1883,2143,Legend (1985),Adventure|Fantasy|Romance
1884,2144,Sixteen Candles (1984),Comedy|Romance
1885,2145,Pretty in Pink (1986),Comedy|Drama|Romance
1886,2146,St. Elmo's Fire (1985),Drama|Romance
1887,2147,"Clan of the Cave Bear, The (1986)",Adventure|Drama|Fantasy
1888,2148,House (1986),Comedy|Fantasy|Horror
1889,2149,House II: The Second Story (1987),Comedy|Fantasy|Horror
1890,2150,"Gods Must Be Crazy, The (1980)",Adventure|Comedy
1891,2151,"Gods Must Be Crazy II, The (1989)",Comedy
1892,2152,Air Bud: Golden Receiver (1998),Children|Comedy
1893,2153,"Avengers, The (1998)",Action|Adventure
1894,2154,How Stella Got Her Groove Back (1998),Drama|Romance
1895,2155,"Slums of Beverly Hills, The (1998)",Comedy|Drama
1896,2156,"Best Man, The (Testimone dello sposo, Il) (1998)",Comedy|Drama|Romance
1897,2157,"Chambermaid on the Titanic, The (Femme de chambre du Titanic, La) (1998)",Romance
1898,2158,"Henry: Portrait of a Serial Killer, Part 2 (1998)",Crime|Horror
1899,2159,Henry: Portrait of a Serial Killer (1986),Crime|Horror|Thriller
1900,2160,Rosemary's Baby (1968),Drama|Horror|Thriller
1901,2161,"NeverEnding Story, The (1984)",Adventure|Children|Fantasy
1902,2162,"NeverEnding Story II: The Next Chapter, The (1990)",Adventure|Children|Fantasy
1903,2163,Attack of the Killer Tomatoes! (1978),Comedy|Horror
1904,2164,Surf Nazis Must Die (1987),Action|Comedy|Drama|Horror
1905,2165,Your Friends and Neighbors (1998),Comedy|Drama
1906,2166,Return to Paradise (1998),Crime|Drama|Romance|Thriller
1907,2167,Blade (1998),Action|Horror|Thriller
1908,2168,Dance with Me (1998),Drama|Romance
1909,2169,Dead Man on Campus (1998),Comedy
1910,2170,Wrongfully Accused (1998),Action|Comedy
1911,2171,Next Stop Wonderland (1998),Comedy|Drama|Romance
1912,2172,"Strike! (a.k.a. All I Wanna Do, The Hairy Bird) (1998)",Comedy|Drama
1913,2173,"Navigator: A Mediaeval Odyssey, The (1988)",Adventure|Fantasy|Sci-Fi
1914,2174,Beetlejuice (1988),Comedy|Fantasy
1915,2175,Déjà Vu (1997),Drama|Romance
1916,2176,Rope (1948),Crime|Drama|Thriller
1917,2177,Family Plot (1976),Comedy|Thriller
1918,2178,Frenzy (1972),Thriller
1919,2179,Topaz (1969),Thriller
1920,2180,Torn Curtain (1966),Thriller
1921,2181,Marnie (1964),Drama|Mystery|Romance|Thriller
1922,2182,"Wrong Man, The (1956)",Drama|Film-Noir|Thriller
1923,2183,"Man Who Knew Too Much, The (1956)",Adventure|Drama|Mystery|Thriller
1924,2184,"Trouble with Harry, The (1955)",Comedy|Mystery
1925,2185,I Confess (1953),Thriller
1926,2186,Strangers on a Train (1951),Crime|Drama|Film-Noir|Thriller
1927,2187,Stage Fright (1950),Mystery|Romance|Thriller
1928,2188,54 (1998),Drama
1929,2189,I Married A Strange Person! (1997),Animation|Comedy|Fantasy|Sci-Fi
1930,2190,Why Do Fools Fall In Love? (1998),Drama
1931,2191,"Merry War, A (1997)",Comedy
1932,2192,See the Sea (1997),Thriller
1933,2193,Willow (1988),Action|Adventure|Fantasy
1934,2194,"Untouchables, The (1987)",Action|Crime|Drama
1935,2195,Dirty Work (1998),Comedy
1936,2196,Knock Off (1998),Action
1937,2197,Firelight (1997),Drama
1938,2198,Modulations (1998),Documentary
1939,2199,Phoenix (1998),Crime|Drama
1940,2200,Under Capricorn (1949),Drama
1941,2201,"Paradine Case, The (1947)",Drama
1942,2202,Lifeboat (1944),Drama|War
1943,2203,Shadow of a Doubt (1943),Crime|Drama|Thriller
1944,2204,Saboteur (1942),Mystery|Thriller
1945,2205,Mr. & Mrs. Smith (1941),Comedy|Romance
1946,2206,Suspicion (1941),Film-Noir|Mystery|Thriller
1947,2207,Jamaica Inn (1939),Drama
1948,2208,"Lady Vanishes, The (1938)",Drama|Mystery|Thriller
1949,2209,Young and Innocent (1937),Crime|Thriller
1950,2210,Sabotage (1936),Thriller
1951,2211,Secret Agent (1936),Thriller
1952,2212,"Man Who Knew Too Much, The (1934)",Drama|Thriller
1953,2214,Number Seventeen (a.k.a. Number 17) (1932),Thriller
1954,2215,Rich and Strange (1931),Comedy|Romance
1955,2219,Murder! (1930),Mystery|Thriller
1956,2221,Blackmail (1929),Drama|Thriller
1957,2226,"Ring, The (1927)",Drama
1958,2227,"Lodger: A Story of the London Fog, The (1927)",Crime|Drama|Thriller
1959,2231,Rounders (1998),Drama
1960,2232,Cube (1997),Horror|Mystery|Sci-Fi|Thriller
1961,2233,Digging to China (1998),Drama
1962,2234,Let's Talk About Sex (1998),Drama
1963,2236,Simon Birch (1998),Drama
1964,2237,Without Limits (1998),Drama
1965,2238,Seven Beauties (Pasqualino Settebellezze) (1976),Comedy|Drama
1966,2239,Swept Away (Travolti da un insolito destino nell'azzurro mare d'Agosto) (1975),Comedy|Drama
1967,2240,My Bodyguard (1980),Drama
1968,2241,Class (1983),Comedy
1969,2242,"Grandview, U.S.A. (1984)",Drama
1970,2243,Broadcast News (1987),Comedy|Drama|Romance
1971,2244,"Allnighter, The (1987)",Comedy|Romance
1972,2245,Working Girl (1988),Comedy|Drama|Romance
1973,2246,Stars and Bars (1988),Action|Comedy|Romance
1974,2247,Married to the Mob (1988),Comedy
1975,2248,Say Anything... (1989),Comedy|Drama|Romance
1976,2249,My Blue Heaven (1990),Comedy
1977,2250,Men Don't Leave (1990),Drama
1978,2252,Hero (1992),Comedy|Drama
1979,2253,Toys (1992),Comedy|Fantasy
1980,2255,Young Doctors in Love (1982),Comedy
1981,2256,Parasite (1982),Horror|Sci-Fi
1982,2257,No Small Affair (1984),Comedy|Romance
1983,2259,Blame It on Rio (1984),Comedy|Romance
1984,2260,Wisdom (1986),Crime|Drama
1985,2261,One Crazy Summer (1986),Comedy
1986,2262,About Last Night... (1986),Comedy|Drama|Romance
1987,2263,"Seventh Sign, The (1988)",Drama|Fantasy|Thriller
1988,2264,We're No Angels (1989),Comedy|Crime
1989,2265,Nothing But Trouble (1991),Adventure|Comedy
1990,2266,"Butcher's Wife, The (1991)",Comedy|Romance
1991,2267,Mortal Thoughts (1991),Mystery|Thriller
1992,2268,"Few Good Men, A (1992)",Crime|Drama|Thriller
1993,2269,Indecent Proposal (1993),Drama|Romance
1994,2271,Permanent Midnight (1998),Drama
1995,2272,One True Thing (1998),Drama
1996,2273,Rush Hour (1998),Action|Comedy|Crime|Thriller
1997,2275,Six-String Samurai (1998),Action|Adventure|Sci-Fi
1998,2276,"Soldier's Daughter Never Cries, A (1998)",Drama
1999,2278,Ronin (1998),Action|Crime|Thriller
2000,2279,Urban Legend (1998),Horror|Thriller
2001,2280,Clay Pigeons (1998),Crime
2002,2281,Monument Ave. (1998),Action|Crime|Drama
2003,2282,Pecker (1998),Comedy|Drama
2004,2283,"Sheltering Sky, The (1990)",Drama
2005,2284,Bandit Queen (1994),Drama
2006,2285,If.... (1968),Drama
2007,2286,"Fiendish Plot of Dr. Fu Manchu, The (1980)",Comedy
2008,2287,Them! (1954),Horror|Sci-Fi|Thriller
2009,2288,"Thing, The (1982)",Action|Horror|Sci-Fi|Thriller
2010,2289,"Player, The (1992)",Comedy|Crime|Drama
2011,2290,Stardust Memories (1980),Comedy|Drama
2012,2291,Edward Scissorhands (1990),Drama|Fantasy|Romance
2013,2292,Overnight Delivery (1998),Comedy|Romance
2014,2293,Shadrach (1998),Drama
2015,2294,Antz (1998),Adventure|Animation|Children|Comedy|Fantasy
2016,2295,"Impostors, The (1998)",Comedy
2017,2296,"Night at the Roxbury, A (1998)",Comedy
2018,2297,What Dreams May Come (1998),Adventure|Drama|Fantasy|Romance
2019,2298,Strangeland (1998),Thriller
2020,2300,"Producers, The (1968)",Comedy
2021,2301,History of the World: Part I (1981),Comedy|Musical
2022,2302,My Cousin Vinny (1992),Comedy
2023,2303,Nashville (1975),Drama|Musical
2024,2304,Love Is the Devil (1998),Drama
2025,2305,Slam (1998),Drama
2026,2306,Holy Man (1998),Comedy
2027,2307,One Tough Cop (1998),Action|Crime
2028,2310,"Mighty, The (1998)",Drama
2029,2311,2010: The Year We Make Contact (1984),Sci-Fi
2030,2312,Children of a Lesser God (1986),Drama
2031,2313,"Elephant Man, The (1980)",Drama
2032,2314,Beloved (1998),Drama
2033,2315,Bride of Chucky (Child's Play 4) (1998),Comedy|Horror|Thriller
2034,2316,Practical Magic (1998),Drama|Fantasy|Mystery|Romance
2035,2317,"Alarmist, The (a.k.a. Life During Wartime) (1997)",Comedy
2036,2318,Happiness (1998),Comedy|Drama
2037,2320,Apt Pupil (1998),Drama|Thriller
2038,2321,Pleasantville (1998),Comedy|Drama|Fantasy
2039,2322,Soldier (1998),Action|Sci-Fi|War
2040,2323,"Cruise, The (1998)",Documentary
2041,2324,Life Is Beautiful (La Vita è bella) (1997),Comedy|Drama|Romance|War
2042,2325,Orgazmo (1997),Comedy
2043,2327,Tales from the Darkside: The Movie (1990),Fantasy|Horror|Thriller
2044,2328,Vampires (1998),Horror|Western
2045,2329,American History X (1998),Crime|Drama
2046,2330,Hands on a Hard Body (1996),Comedy|Documentary
2047,2331,Living Out Loud (1998),Comedy|Drama|Romance
2048,2332,Belly (1998),Crime|Drama
2049,2333,Gods and Monsters (1998),Drama
2050,2334,"Siege, The (1998)",Action|Thriller
2051,2335,"Waterboy, The (1998)",Comedy
2052,2336,Elizabeth (1998),Drama
2053,2337,Velvet Goldmine (1998),Drama
2054,2338,I Still Know What You Did Last Summer (1998),Horror|Mystery|Thriller
2055,2339,I'll Be Home For Christmas (1998),Comedy|Romance
2056,2340,Meet Joe Black (1998),Romance
2057,2341,Dancing at Lughnasa (1998),Drama
2058,2342,Hard Core Logo (1996),Comedy|Drama
2059,2344,Runaway Train (1985),Action|Adventure|Drama|Thriller
2060,2345,Desert Bloom (1986),Drama
2061,2346,"Stepford Wives, The (1975)",Mystery|Sci-Fi|Thriller
2062,2347,"Pope of Greenwich Village, The (1984)",Drama
2063,2348,Sid and Nancy (1986),Drama
2064,2349,Mona Lisa (1986),Comedy|Thriller
2065,2350,Heart Condition (1990),Comedy
2066,2351,"Nights of Cabiria (Notti di Cabiria, Le) (1957)",Drama
2067,2352,"Big Chill, The (1983)",Comedy|Drama
2068,2353,Enemy of the State (1998),Action|Thriller
2069,2354,"Rugrats Movie, The (1998)",Animation|Children|Comedy
2070,2355,"Bug's Life, A (1998)",Adventure|Animation|Children|Comedy
2071,2356,Celebrity (1998),Comedy
2072,2357,Central Station (Central do Brasil) (1998),Drama
2073,2358,Savior (1998),Drama|War
2074,2359,Waking Ned Devine (a.k.a. Waking Ned) (1998),Comedy
2075,2360,"Celebration, The (Festen) (1998)",Drama
2076,2361,Pink Flamingos (1972),Comedy
2077,2362,Glen or Glenda (1953),Drama
2078,2363,Godzilla (Gojira) (1954),Drama|Horror|Sci-Fi
2079,2364,"Godzilla 1985: The Legend Is Reborn (Gojira) (Godzilla) (Return of Godzilla, The) (1984)",Action|Horror|Sci-Fi|Thriller
2080,2365,King Kong vs. Godzilla (Kingukongu tai Gojira) (1962),Action|Sci-Fi
2081,2366,King Kong (1933),Action|Adventure|Fantasy|Horror
2082,2367,King Kong (1976),Adventure|Fantasy|Romance|Sci-Fi|Thriller
2083,2368,King Kong Lives (1986),Adventure|Sci-Fi
2084,2369,Desperately Seeking Susan (1985),Comedy|Drama|Romance
2085,2370,"Emerald Forest, The (1985)",Action|Adventure|Drama
2086,2371,Fletch (1985),Comedy|Crime|Mystery
2087,2372,Fletch Lives (1989),Comedy
2088,2373,Red Sonja (1985),Action|Adventure|Fantasy
2089,2374,Gung Ho (1986),Comedy|Drama
2090,2375,"Money Pit, The (1986)",Comedy
2091,2376,"View to a Kill, A (1985)",Action|Adventure|Thriller
2092,2377,Lifeforce (1985),Horror|Sci-Fi
2093,2378,Police Academy (1984),Comedy|Crime
2094,2379,Police Academy 2: Their First Assignment (1985),Comedy|Crime
2095,2380,Police Academy 3: Back in Training (1986),Comedy|Crime
2096,2381,Police Academy 4: Citizens on Patrol (1987),Comedy|Crime
2097,2382,Police Academy 5: Assignment: Miami Beach (1988),Comedy|Crime
2098,2383,Police Academy 6: City Under Siege (1989),Comedy|Crime
2099,2384,Babe: Pig in the City (1998),Adventure|Children|Drama
2100,2385,Home Fries (1998),Comedy|Romance
2101,2386,Jerry Springer: Ringmaster (1998),Comedy|Drama
2102,2387,Very Bad Things (1998),Comedy|Crime
2103,2388,Steam: The Turkish Bath (Hamam) (1997),Drama|Romance
2104,2389,Psycho (1998),Crime|Horror|Thriller
2105,2390,Little Voice (1998),Comedy
2106,2391,"Simple Plan, A (1998)",Crime|Drama|Thriller
2107,2392,Jack Frost (1998),Children|Comedy|Drama
2108,2393,Star Trek: Insurrection (1998),Action|Drama|Romance|Sci-Fi
2109,2394,"Prince of Egypt, The (1998)",Animation|Musical
2110,2395,Rushmore (1998),Comedy|Drama
2111,2396,Shakespeare in Love (1998),Comedy|Drama|Romance
2112,2397,Mass Appeal (1984),Drama
2113,2398,Miracle on 34th Street (1947),Comedy|Drama
2114,2399,Santa Claus: The Movie (1985),Adventure|Children|Fantasy
2115,2400,Prancer (1989),Children|Drama|Fantasy
2116,2401,Pale Rider (1985),Western
2117,2402,Rambo: First Blood Part II (1985),Action|Adventure|Thriller
2118,2403,First Blood (Rambo: First Blood) (1982),Action|Adventure|Drama|Thriller
2119,2404,Rambo III (1988),Action|Adventure|Thriller|War
2120,2405,"Jewel of the Nile, The (1985)",Action|Adventure|Comedy|Romance
2121,2406,Romancing the Stone (1984),Action|Adventure|Comedy|Romance
2122,2407,Cocoon (1985),Comedy|Sci-Fi
2123,2408,Cocoon: The Return (1988),Comedy|Sci-Fi
2124,2409,Rocky II (1979),Action|Drama
2125,2410,Rocky III (1982),Action|Drama
2126,2411,Rocky IV (1985),Action|Drama
2127,2412,Rocky V (1990),Action|Drama
2128,2413,Clue (1985),Comedy|Crime|Mystery|Thriller
2129,2414,Young Sherlock Holmes (1985),Action|Adventure|Children|Fantasy|Mystery|Thriller
2130,2415,Violets Are Blue... (1986),Drama|Romance
2131,2416,Back to School (1986),Comedy
2132,2417,Heartburn (1986),Comedy|Drama
2133,2418,Nothing in Common (1986),Comedy
2134,2419,Extremities (1986),Drama|Thriller
2135,2420,"Karate Kid, The (1984)",Drama
2136,2421,"Karate Kid, Part II, The (1986)",Action|Adventure|Drama
2137,2422,"Karate Kid, Part III, The (1989)",Action|Adventure|Children|Drama
2138,2423,Christmas Vacation (National Lampoon's Christmas Vacation) (1989),Comedy
2139,2424,You've Got Mail (1998),Comedy|Romance
2140,2425,"General, The (1998)",Crime
2141,2426,"Theory of Flight, The (1998)",Comedy|Drama|Romance
2142,2427,"Thin Red Line, The (1998)",Action|Drama|War
2143,2428,"Faculty, The (1998)",Horror|Sci-Fi
2144,2429,Mighty Joe Young (1998),Action|Adventure|Drama|Fantasy|Thriller
2145,2430,Mighty Joe Young (1949),Adventure|Children|Drama
2146,2431,Patch Adams (1998),Comedy|Drama
2147,2432,Stepmom (1998),Drama
2148,2433,"Civil Action, A (1998)",Drama
2149,2434,Down in the Delta (1998),Drama
2150,2435,Hurlyburly (1998),Drama
2151,2436,Tea with Mussolini (1999),Comedy|Drama|War
2152,2437,Wilde (1997),Drama
2153,2439,Affliction (1997),Drama
2154,2440,Another Day in Paradise (1998),Drama
2155,2441,"Hi-Lo Country, The (1998)",Drama|Romance|Western
2156,2442,Hilary and Jackie (1998),Drama
2157,2443,Playing by Heart (1998),Drama|Romance
2158,2444,24 7: Twenty Four Seven (1997),Comedy|Drama
2159,2445,At First Sight (1999),Drama
2160,2446,In Dreams (1999),Horror|Thriller
2161,2447,Varsity Blues (1999),Comedy|Drama
2162,2448,Virus (1999),Horror|Sci-Fi
2163,2449,"Garbage Pail Kids Movie, The (1987)",Adventure|Children|Comedy
2164,2450,Howard the Duck (1986),Adventure|Comedy|Sci-Fi
2165,2451,"Gate, The (1987)",Horror
2166,2452,"Gate II: Trespassers, The (1990)",Horror
2167,2453,"Boy Who Could Fly, The (1986)",Drama|Fantasy
2168,2454,"Fly, The (1958)",Horror|Mystery|Sci-Fi
2169,2455,"Fly, The (1986)",Drama|Horror|Sci-Fi|Thriller
2170,2456,"Fly II, The (1989)",Horror|Sci-Fi
2171,2457,Running Scared (1986),Action|Comedy
2172,2458,Armed and Dangerous (1986),Comedy|Crime
2173,2459,"Texas Chainsaw Massacre, The (1974)",Horror
2174,2460,"Texas Chainsaw Massacre 2, The (1986)",Horror
2175,2461,Leatherface: Texas Chainsaw Massacre III (1990),Comedy|Horror|Thriller
2176,2462,Texas Chainsaw Massacre: The Next Generation (a.k.a. The Return of the Texas Chainsaw Massacre) (1994),Horror
2177,2463,Ruthless People (1986),Comedy
2178,2464,Trick or Treat (1986),Horror
2179,2465,Deadly Friend (1986),Horror
2180,2466,Belizaire the Cajun (1986),Drama
2181,2467,"Name of the Rose, The (Name der Rose, Der) (1986)",Crime|Drama|Mystery|Thriller
2182,2468,Jumpin' Jack Flash (1986),Action|Comedy|Romance|Thriller
2183,2469,Peggy Sue Got Married (1986),Comedy|Drama
2184,2470,Crocodile Dundee (1986),Adventure|Comedy
2185,2471,Crocodile Dundee II (1988),Action|Adventure|Comedy
2186,2472,Tough Guys (1986),Comedy
2187,2473,Soul Man (1986),Comedy
2188,2474,"Color of Money, The (1986)",Drama
2189,2475,52 Pick-Up (1986),Action|Mystery|Thriller
2190,2476,Heartbreak Ridge (1986),Action|War
2191,2477,Firewalker (1986),Adventure
2192,2478,¡Three Amigos! (1986),Comedy|Western
2193,2479,Gloria (1999),Drama|Thriller
2194,2481,My Name Is Joe (1998),Drama|Romance
2195,2482,Still Crazy (1998),Comedy|Romance
2196,2483,"Day of the Beast, The (Día de la Bestia, El) (1995)",Adventure|Comedy|Thriller
2197,2485,She's All That (1999),Comedy|Romance
2198,2486,"24 Hour Woman, The (1998)",Comedy|Drama
2199,2487,"Blood, Guts, Bullets and Octane (1998)",Action|Comedy
2200,2488,Peeping Tom (1960),Drama|Horror|Thriller
2201,2490,Payback (1999),Action|Thriller
2202,2491,Simply Irresistible (1999),Comedy|Romance
2203,2492,20 Dates (1998),Comedy|Romance
2204,2493,"Harmonists, The (1997)",Drama
2205,2494,"Last Days, The (1998)",Documentary
2206,2495,"Fantastic Planet, The (Planète sauvage, La) (1973)",Animation|Sci-Fi
2207,2496,Blast from the Past (1999),Comedy|Romance
2208,2497,Message in a Bottle (1999),Romance
2209,2498,My Favorite Martian (1999),Comedy|Sci-Fi
2210,2499,God Said 'Ha!' (1998),Comedy
2211,2500,Jawbreaker (1999),Comedy
2212,2501,October Sky (1999),Drama
2213,2502,Office Space (1999),Comedy|Crime
2214,2503,"Apple, The (Sib) (1998)",Drama
2215,2504,200 Cigarettes (1999),Comedy|Drama
2216,2505,8MM (1999),Drama|Mystery|Thriller
2217,2506,"Other Sister, The (1999)",Comedy|Drama|Romance
2218,2507,Breakfast of Champions (1999),Comedy|Sci-Fi
2219,2509,Eight Days a Week (1997),Comedy
2220,2510,Just the Ticket (1999),Comedy|Romance
2221,2511,"Long Goodbye, The (1973)",Crime|Film-Noir
2222,2512,"Ballad of Narayama, The (Narayama bushiko) (1983)",Drama
2223,2513,Pet Sematary (1989),Horror
2224,2514,Pet Sematary II (1992),Comedy|Horror
2225,2515,Children of the Corn II: The Final Sacrifice (1993),Horror
2226,2516,Children of the Corn III (1994),Horror
2227,2517,Christine (1983),Horror
2228,2518,Night Shift (1982),Comedy
2229,2519,House on Haunted Hill (1959),Drama|Horror|Thriller
2230,2520,Airport (1970),Drama
2231,2521,Airport 1975 (1974),Action|Drama|Thriller
2232,2522,Airport '77 (1977),Drama
2233,2523,Rollercoaster (1977),Drama|Thriller
2234,2524,"Towering Inferno, The (1974)",Action|Adventure|Drama|Thriller
2235,2525,Alligator (1980),Action|Horror|Sci-Fi
2236,2526,Meteor (1979),Sci-Fi
2237,2527,Westworld (1973),Action|Sci-Fi|Thriller|Western
2238,2528,Logan's Run (1976),Action|Adventure|Sci-Fi
2239,2529,Planet of the Apes (1968),Action|Drama|Sci-Fi
2240,2530,Beneath the Planet of the Apes (1970),Action|Sci-Fi
2241,2531,Battle for the Planet of the Apes (1973),Action|Sci-Fi
2242,2532,Conquest of the Planet of the Apes (1972),Action|Sci-Fi
2243,2533,Escape from the Planet of the Apes (1971),Action|Sci-Fi
2244,2534,Avalanche (1978),Action
2245,2535,Earthquake (1974),Action|Drama|Thriller
2246,2536,"Concorde: Airport '79, The (1979)",Drama
2247,2537,Beyond the Poseidon Adventure (1979),Adventure
2248,2539,Analyze This (1999),Comedy
2249,2540,"Corruptor, The (1999)",Action|Crime|Drama|Thriller
2250,2541,Cruel Intentions (1999),Drama
2251,2542,"Lock, Stock & Two Smoking Barrels (1998)",Comedy|Crime|Thriller
2252,2544,"School of Flesh, The (École de la chair, L') (1998)",Drama|Romance
2253,2545,Relax... It's Just Sex (1998),Comedy
2254,2546,"Deep End of the Ocean, The (1999)",Drama
2255,2548,"Rage: Carrie 2, The (1999)",Horror
2256,2549,Wing Commander (1999),Action|Sci-Fi
2257,2550,"Haunting, The (1963)",Horror|Thriller
2258,2551,Dead Ringers (1988),Drama|Horror|Thriller
2259,2552,My Boyfriend's Back (1993),Comedy
2260,2553,Village of the Damned (1960),Horror|Sci-Fi|Thriller
2261,2554,Children of the Damned (1963),Horror|Sci-Fi|Thriller
2262,2555,Baby Geniuses (1999),Comedy
2263,2557,I Stand Alone (Seul contre tous) (1998),Drama|Thriller
2264,2558,Forces of Nature (1999),Comedy|Romance
2265,2559,"King and I, The (1999)",Animation|Children
2266,2560,Ravenous (1999),Horror|Thriller
2267,2561,True Crime (1999),Crime|Thriller
2268,2562,Bandits (1997),Drama
2269,2563,Dangerous Beauty (1998),Drama
2270,2565,"King and I, The (1956)",Drama|Musical|Romance
2271,2566,Doug's 1st Movie (1999),Animation|Children
2272,2567,EDtv (1999),Comedy
2273,2568,"Mod Squad, The (1999)",Action|Crime
2274,2569,Among Giants (1998),Comedy|Drama|Romance
2275,2570,"Walk on the Moon, A (1999)",Drama|Romance
2276,2571,"Matrix, The (1999)",Action|Sci-Fi|Thriller
2277,2572,10 Things I Hate About You (1999),Comedy|Romance
2278,2573,Tango (1998),Drama|Musical
2279,2574,"Out-of-Towners, The (1999)",Comedy
2280,2575,"Dreamlife of Angels, The (Vie rêvée des anges, La) (1998)",Drama
2281,2577,Metroland (1997),Comedy|Drama
2282,2578,"Sticky Fingers of Time, The (1997)",Sci-Fi
2283,2579,Following (1998),Crime|Mystery|Thriller
2284,2580,Go (1999),Comedy|Crime
2285,2581,Never Been Kissed (1999),Comedy|Romance
2286,2582,Twin Dragons (Shuang long hui) (1992),Action|Comedy
2287,2583,Cookie's Fortune (1999),Comedy|Drama
2288,2585,"Lovers of the Arctic Circle, The (Los Amantes del Círculo Polar) (1998)",Drama|Romance
2289,2586,Goodbye Lover (1999),Comedy|Crime|Thriller
2290,2587,Life (1999),Comedy|Crime|Drama
2291,2589,Friends & Lovers (1999),Comedy|Drama|Romance
2292,2590,Hideous Kinky (1998),Drama
2293,2593,"Monster, The (Mostro, Il) (1994)",Comedy
2294,2594,Open Your Eyes (Abre los ojos) (1997),Drama|Romance|Sci-Fi|Thriller
2295,2596,SLC Punk! (1998),Comedy|Drama
2296,2597,Lost & Found (1999),Comedy|Romance
2297,2598,Pushing Tin (1999),Comedy
2298,2599,Election (1999),Comedy
2299,2600,eXistenZ (1999),Action|Sci-Fi|Thriller
2300,2602,Mighty Peking Man (a.k.a. Goliathon) (Xing xing wang) (1977),Action|Adventure|Horror|Sci-Fi
2301,2605,Entrapment (1999),Crime|Thriller
2302,2606,Idle Hands (1999),Comedy|Horror
2303,2607,Get Real (1998),Drama|Romance
2304,2609,"King of Masks, The (Bian Lian) (1996)",Drama
2305,2610,Three Seasons (1999),Drama
2306,2611,"Winslow Boy, The (1999)",Drama
2307,2612,Mildred Pierce (1945),Drama|Film-Noir
2308,2613,Night of the Comet (1984),Comedy|Horror|Sci-Fi
2309,2614,Chopping Mall (a.k.a. Killbots) (1986),Action|Horror|Sci-Fi
2310,2615,My Science Project (1985),Adventure|Sci-Fi
2311,2616,Dick Tracy (1990),Action|Crime
2312,2617,"Mummy, The (1999)",Action|Adventure|Comedy|Fantasy|Horror|Thriller
2313,2618,"Castle, The (1997)",Comedy
2314,2620,This Is My Father (1998),Drama|Romance
2315,2621,Xiu Xiu: The Sent-Down Girl (Tian yu) (1998),Drama
2316,2622,William Shakespeare's A Midsummer Night's Dream (1999),Comedy|Fantasy
2317,2624,After Life (Wandafuru raifu) (1998),Drama|Fantasy
2318,2625,Black Mask (Hak hap) (1996),Action|Adventure|Crime|Sci-Fi|Thriller
2319,2626,Edge of Seventeen (1998),Comedy|Drama|Romance
2320,2627,Endurance (1999),Documentary|Drama
2321,2628,Star Wars: Episode I - The Phantom Menace (1999),Action|Adventure|Sci-Fi
2322,2629,"Love Letter, The (1999)",Comedy|Romance
2323,2630,Besieged (a.k.a. L' Assedio) (1998),Drama
2324,2632,"Saragossa Manuscript, The (Rekopis znaleziony w Saragossie) (1965)",Adventure|Drama|Mystery
2325,2633,"Mummy, The (1932)",Horror|Romance
2326,2634,"Mummy, The (1959)",Horror
2327,2635,"Mummy's Curse, The (1944)",Horror
2328,2636,"Mummy's Ghost, The (1944)",Horror
2329,2637,"Mummy's Hand, The (1940)",Horror
2330,2638,"Mummy's Tomb, The (1942)",Horror
2331,2639,Mommie Dearest (1981),Drama
2332,2640,Superman (1978),Action|Adventure|Sci-Fi
2333,2641,Superman II (1980),Action|Sci-Fi
2334,2642,Superman III (1983),Action|Adventure|Sci-Fi
2335,2643,Superman IV: The Quest for Peace (1987),Action|Adventure|Sci-Fi
2336,2644,Dracula (1931),Horror
2337,2646,House of Dracula (1945),Horror
2338,2647,House of Frankenstein (1944),Horror
2339,2648,Frankenstein (1931),Drama|Horror|Sci-Fi
2340,2649,Son of Frankenstein (1939),Horror
2341,2650,"Ghost of Frankenstein, The (1942)",Horror
2342,2651,Frankenstein Meets the Wolf Man (1943),Horror
2343,2652,"Curse of Frankenstein, The (1957)",Horror
2344,2653,Son of Dracula (1943),Horror
2345,2654,"Wolf Man, The (1941)",Drama|Fantasy|Horror
2346,2655,Howling II: Your Sister Is a Werewolf (1985),Horror
2347,2656,Tarantula (1955),Horror|Sci-Fi
2348,2657,"Rocky Horror Picture Show, The (1975)",Comedy|Horror|Musical|Sci-Fi
2349,2659,It Came from Hollywood (1982),Comedy|Documentary
2350,2660,"Thing from Another World, The (1951)",Horror|Sci-Fi
2351,2661,It Came from Outer Space (1953),Sci-Fi
2352,2662,"War of the Worlds, The (1953)",Action|Drama|Sci-Fi
2353,2663,It Came from Beneath the Sea (1955),Sci-Fi
2354,2664,Invasion of the Body Snatchers (1956),Horror|Sci-Fi|Thriller
2355,2665,Earth vs. the Flying Saucers (1956),Sci-Fi
2356,2666,It Conquered the World (1956),Sci-Fi
2357,2667,"Mole People, The (1956)",Horror|Sci-Fi
2358,2668,Swamp Thing (1982),Horror|Sci-Fi
2359,2669,Pork Chop Hill (1959),War
2360,2670,Run Silent Run Deep (1958),War
2361,2671,Notting Hill (1999),Comedy|Romance
2362,2672,"Thirteenth Floor, The (1999)",Drama|Sci-Fi|Thriller
2363,2673,Eternity and a Day (Mia aoniotita kai mia mera) (1998),Drama
2364,2674,"Loss of Sexual Innocence, The (1999)",Drama|Fantasy
2365,2675,"Twice Upon a Yesterday (a.k.a. Man with Rain in His Shoes, The) (1998)",Comedy|Drama|Romance
2366,2676,Instinct (1999),Drama|Thriller
2367,2677,Buena Vista Social Club (1999),Documentary|Musical
2368,2678,Desert Blue (1999),Comedy
2369,2679,Finding North (1998),Comedy|Drama|Romance
2370,2681,Free Enterprise (1998),Comedy|Romance|Sci-Fi
2371,2682,Limbo (1999),Drama
2372,2683,Austin Powers: The Spy Who Shagged Me (1999),Action|Adventure|Comedy
2373,2685,"Red Dwarf, The (Nain rouge, Le) (1998)",Comedy|Drama
2374,2686,"Red Violin, The (Violon rouge, Le) (1998)",Drama|Mystery
2375,2687,Tarzan (1999),Adventure|Animation|Children|Drama
2376,2688,"General's Daughter, The (1999)",Crime|Drama|Mystery|Thriller
2377,2689,Get Bruce (1999),Documentary
2378,2690,"Ideal Husband, An (1999)",Comedy|Romance
2379,2691,"Legend of 1900, The (a.k.a. The Legend of the Pianist on the Ocean) (Leggenda del pianista sull'oceano) (1998)",Drama
2380,2692,Run Lola Run (Lola rennt) (1998),Action|Crime
2381,2693,Trekkies (1997),Documentary
2382,2694,Big Daddy (1999),Comedy
2383,2695,"Boys, The (1998)",Drama
2384,2696,"Dinner Game, The (Dîner de cons, Le) (1998)",Comedy
2385,2697,My Son the Fanatic (1997),Comedy|Drama|Romance
2386,2699,Arachnophobia (1990),Comedy|Horror
2387,2700,"South Park: Bigger, Longer and Uncut (1999)",Animation|Comedy|Musical
2388,2701,Wild Wild West (1999),Action|Comedy|Sci-Fi|Western
2389,2702,Summer of Sam (1999),Drama
2390,2704,"Lovers on the Bridge, The (Amants du Pont-Neuf, Les) (1991)",Drama|Romance
2391,2705,"Late August, Early September (Fin août, début septembre) (1998)",Drama
2392,2706,American Pie (1999),Comedy|Romance
2393,2707,Arlington Road (1999),Thriller
2394,2708,"Autumn Tale, An (Conte d'automne) (1998)",Romance
2395,2709,Muppets From Space (1999),Children|Comedy
2396,2710,"Blair Witch Project, The (1999)",Drama|Horror|Thriller
2397,2711,My Life So Far (1999),Drama
2398,2712,Eyes Wide Shut (1999),Drama|Mystery|Thriller
2399,2713,Lake Placid (1999),Horror|Thriller
2400,2714,"Wood, The (1999)",Drama
2401,2715,"Velocity of Gary, The (1998)",Comedy|Romance
2402,2716,Ghostbusters (a.k.a. Ghost Busters) (1984),Action|Comedy|Sci-Fi
2403,2717,Ghostbusters II (1989),Comedy|Fantasy|Sci-Fi
2404,2718,Drop Dead Gorgeous (1999),Comedy
2405,2719,"Haunting, The (1999)",Horror|Thriller
2406,2720,Inspector Gadget (1999),Action|Adventure|Children|Comedy
2407,2721,Trick (1999),Comedy|Romance
2408,2722,Deep Blue Sea (1999),Action|Horror|Sci-Fi|Thriller
2409,2723,Mystery Men (1999),Action|Comedy|Fantasy
2410,2724,Runaway Bride (1999),Comedy|Romance
2411,2725,Twin Falls Idaho (1999),Drama
2412,2726,"Killing, The (1956)",Crime|Film-Noir
2413,2727,Killer's Kiss (1955),Crime|Film-Noir
2414,2728,Spartacus (1960),Action|Drama|Romance|War
2415,2729,Lolita (1962),Drama|Romance
2416,2730,Barry Lyndon (1975),Drama|Romance|War
2417,2731,"400 Blows, The (Les quatre cents coups) (1959)",Crime|Drama
2418,2732,Jules and Jim (Jules et Jim) (1961),Drama|Romance
2419,2733,Vibes (1988),Adventure|Comedy|Romance
2420,2734,"Mosquito Coast, The (1986)",Adventure|Drama|Thriller
2421,2735,"Golden Child, The (1986)",Action|Adventure|Comedy|Fantasy|Mystery
2422,2736,Brighton Beach Memoirs (1986),Comedy
2423,2737,Assassination (1987),Action|Drama|Thriller
2424,2738,Crimes of the Heart (1986),Comedy|Drama
2425,2739,"Color Purple, The (1985)",Drama
2426,2740,"Kindred, The (1986)",Horror|Sci-Fi
2427,2741,No Mercy (1986),Action|Crime|Thriller
2428,2743,Native Son (1986),Drama
2429,2744,Otello (1986),Drama
2430,2745,"Mission, The (1986)",Drama
2431,2746,Little Shop of Horrors (1986),Comedy|Horror|Musical
2432,2747,"Little Shop of Horrors, The (1960)",Comedy|Horror
2433,2748,Allan Quatermain and the Lost City of Gold (1987),Action|Adventure|Comedy
2434,2749,"Morning After, The (1986)",Drama|Mystery
2435,2750,Radio Days (1987),Comedy|Drama
2436,2751,From the Hip (1987),Comedy|Drama
2437,2752,Outrageous Fortune (1987),Comedy|Mystery
2438,2753,"Bedroom Window, The (1987)",Thriller
2439,2754,Deadtime Stories (1987),Horror
2440,2755,Light of Day (1987),Drama
2441,2756,Wanted: Dead or Alive (1987),Action
2442,2757,Frances (1982),Drama
2443,2758,Plenty (1985),Drama
2444,2759,Dick (1999),Comedy
2445,2761,"Iron Giant, The (1999)",Adventure|Animation|Children|Drama|Sci-Fi
2446,2762,"Sixth Sense, The (1999)",Drama|Horror|Mystery
2447,2763,"Thomas Crown Affair, The (1999)",Action|Mystery
2448,2764,"Thomas Crown Affair, The (1968)",Crime|Drama|Romance|Thriller
2449,2765,"Acid House, The (1998)",Comedy|Drama
2450,2766,"Adventures of Sebastian Cole, The (1998)",Comedy|Drama
2451,2767,Illuminata (1998),Comedy
2452,2768,Stiff Upper Lips (1998),Comedy
2453,2769,"Yards, The (2000)",Crime|Drama
2454,2770,Bowfinger (1999),Comedy
2455,2771,Brokedown Palace (1999),Drama
2456,2772,Detroit Rock City (1999),Comedy
2457,2773,Alice and Martin (Alice et Martin) (1998),Drama
2458,2774,Better Than Chocolate (1999),Comedy|Romance
2459,2775,Head On (1998),Drama
2460,2776,"Marcello Mastroianni: I Remember Yes, I Remember (Marcello Mastroianni: mi ricordo, sì, io mi ricordo) (1997)",Documentary
2461,2777,Cobra (1925),Drama
2462,2778,Never Talk to Strangers (1995),Crime|Drama|Romance|Thriller
2463,2779,Heaven Can Wait (1978),Comedy
2464,2780,"Raven, The (1963)",Comedy|Horror
2465,2781,"Tingler, The (1959)",Horror
2466,2782,"Pit and the Pendulum, The (1961)",Horror
2467,2783,"Tomb of Ligeia, The (1965)",Horror
2468,2784,"Masque of the Red Death, The (1964)",Horror
2469,2785,Tales of Terror (1962),Horror
2470,2786,Haunted Honeymoon (1986),Comedy
2471,2787,Cat's Eye (1985),Horror
2472,2788,Monty Python's And Now for Something Completely Different (1971),Comedy
2473,2789,Damien: Omen II (1978),Horror
2474,2790,"Final Conflict, The (a.k.a. Omen III: The Final Conflict) (1981)",Horror|Thriller
2475,2791,Airplane! (1980),Comedy
2476,2792,Airplane II: The Sequel (1982),Comedy
2477,2793,"American Werewolf in Paris, An (1997)",Comedy|Horror|Romance|Thriller
2478,2794,European Vacation (aka National Lampoon's European Vacation) (1985),Adventure|Comedy|Romance
2479,2795,National Lampoon's Vacation (1983),Comedy
2480,2796,Funny Farm (1988),Comedy
2481,2797,Big (1988),Comedy|Drama|Fantasy|Romance
2482,2798,Problem Child (1990),Children|Comedy
2483,2799,Problem Child 2 (1991),Comedy
2484,2800,Little Nemo: Adventures in Slumberland (1992),Adventure|Animation|Children|Drama|Fantasy
2485,2801,Oscar and Lucinda (a.k.a. Oscar & Lucinda) (1997),Drama|Romance
2486,2802,Tequila Sunrise (1988),Action|Drama|Romance|Thriller
2487,2803,"Pelican Brief, The (1993)",Crime|Drama|Mystery|Romance|Thriller
2488,2804,"Christmas Story, A (1983)",Children|Comedy
2489,2805,Mickey Blue Eyes (1999),Comedy|Romance
2490,2806,Teaching Mrs. Tingle (1999),Comedy|Thriller
2491,2807,Universal Soldier: The Return (1999),Action|Sci-Fi
2492,2808,Universal Soldier (1992),Action|Sci-Fi
2493,2809,Love Stinks (1999),Comedy
2494,2810,Perfect Blue (1997),Animation|Horror|Mystery|Thriller
2495,2812,In Too Deep (1999),Action|Thriller
2496,2813,"Source, The (1999)",Documentary
2497,2814,"Bat, The (1959)",Horror
2498,2815,Iron Eagle (1986),Action|War
2499,2816,Iron Eagle II (1988),Action|War
2500,2817,Aces: Iron Eagle III (1992),Action
2501,2818,Iron Eagle IV (1995),Action|War
2502,2819,Three Days of the Condor (3 Days of the Condor) (1975),Drama|Mystery|Romance|Thriller
2503,2820,Hamlet (1964),Drama
2504,2822,Medicine Man (1992),Adventure|Romance
2505,2824,On the Ropes (1999),Documentary|Drama
2506,2825,Rosie (1998),Drama
2507,2826,"13th Warrior, The (1999)",Action|Adventure|Fantasy
2508,2827,"Astronaut's Wife, The (1999)",Horror|Sci-Fi|Thriller
2509,2828,Dudley Do-Right (1999),Children|Comedy
2510,2829,"Muse, The (1999)",Comedy
2511,2830,Cabaret Balkan (Bure Baruta) (1998),Drama
2512,2831,"Dog of Flanders, A (1999)",Drama
2513,2833,Lucie Aubrac (1997),Romance|War
2514,2834,"Very Thought of You, The (1998)",Comedy|Romance
2515,2835,Chill Factor (1999),Action|Adventure|Comedy|Thriller
2516,2836,Outside Providence (1999),Comedy
2517,2837,Bedrooms & Hallways (1998),Comedy|Romance
2518,2839,West Beirut (West Beyrouth) (1998),Drama
2519,2840,Stigmata (1999),Drama|Thriller
2520,2841,Stir of Echoes (1999),Horror|Mystery|Thriller
2521,2842,Best Laid Plans (1999),Crime|Drama
2522,2843,"Black Cat, White Cat (Crna macka, beli macor) (1998)",Comedy|Romance
2523,2844,"Minus Man, The (1999)",Drama|Mystery
2524,2846,"Adventures of Milo and Otis, The (Koneko monogatari) (1986)",Adventure|Children|Comedy|Drama
2525,2847,Only Angels Have Wings (1939),Adventure|Drama|Romance
2526,2848,"Othello (Tragedy of Othello: The Moor of Venice, The) (1952)",Drama
2527,2849,Queens Logic (1991),Comedy|Drama
2528,2850,Public Access (1993),Drama|Thriller
2529,2851,Saturn 3 (1980),Adventure|Sci-Fi|Thriller
2530,2852,"Soldier's Story, A (1984)",Drama
2531,2853,"Alice, Sweet Alice (a.k.a. Communion) (a.k.a. Holy Terror) (1976)",Horror|Mystery
2532,2854,Don't Look in the Basement! (1973),Horror
2533,2855,Nightmares (1983),Horror
2534,2856,I Saw What You Did (1965),Thriller
2535,2857,Yellow Submarine (1968),Adventure|Animation|Comedy|Fantasy|Musical
2536,2858,American Beauty (1999),Comedy|Drama
2537,2859,Stop Making Sense (1984),Documentary|Musical
2538,2860,Blue Streak (1999),Comedy
2539,2861,For Love of the Game (1999),Comedy|Drama
2540,2862,Caligula (1979),Drama
2541,2863,"Hard Day's Night, A (1964)",Adventure|Comedy|Musical
2542,2864,Splendor (1999),Comedy
2543,2865,Sugar Town (1999),Comedy
2544,2866,"Buddy Holly Story, The (1978)",Drama
2545,2867,Fright Night (1985),Comedy|Horror|Thriller
2546,2868,Fright Night Part II (1988),Horror
2547,2869,"Separation, The (Séparation, La) (1994)",Drama
2548,2870,Barefoot in the Park (1967),Comedy
2549,2871,Deliverance (1972),Adventure|Drama|Thriller
2550,2872,Excalibur (1981),Adventure|Fantasy
2551,2873,Lulu on the Bridge (1998),Drama|Mystery|Romance
2552,2874,"Pajama Game, The (1957)",Comedy|Musical|Romance
2553,2875,Sommersby (1993),Drama|Mystery|Romance
2554,2876,Thumbelina (1994),Animation|Children|Fantasy
2555,2877,Tommy (1975),Drama|Musical
2556,2878,Hell Night (1981),Horror
2557,2879,Armour of God II: Operation Condor (Operation Condor) (Fei ying gai wak) (1991),Action|Adventure|Comedy
2558,2880,Armour of God (Long xiong hu di) (1987),Action|Adventure|Comedy
2559,2881,Double Jeopardy (1999),Action|Crime|Drama|Thriller
2560,2882,Jakob the Liar (1999),Drama
2561,2883,Mumford (1999),Comedy|Drama
2562,2884,Dog Park (1998),Comedy|Romance
2563,2885,Guinevere (1999),Drama|Romance
2564,2886,"Adventures of Elmo in Grouchland, The (1999)",Children|Comedy
2565,2887,Simon Sez (1999),Action|Comedy
2566,2888,Drive Me Crazy (1999),Comedy|Romance
2567,2889,"Mystery, Alaska (1999)",Children|Comedy
2568,2890,Three Kings (1999),Action|Adventure|Comedy|Drama|War
2569,2891,"Happy, Texas (1999)",Comedy
2570,2892,New Rose Hotel (1998),Action|Drama
2571,2893,Plunkett & MaCleane (1999),Action|Adventure|Drama
2572,2894,Romance (1999),Drama|Romance
2573,2896,Alvarez Kelly (1966),Western
2574,2897,And the Ship Sails On (E la nave va) (1983),Comedy|War
2575,2898,"Dark Half, The (1993)",Horror|Mystery
2576,2899,Gulliver's Travels (1939),Adventure|Animation|Children
2577,2900,Monkey Shines (1988),Horror|Sci-Fi
2578,2901,Phantasm (1979),Horror|Sci-Fi
2579,2902,Psycho II (1983),Horror|Mystery|Thriller
2580,2903,Psycho III (1986),Horror|Thriller
2581,2904,Rain (1932),Drama
2582,2905,Sanjuro (Tsubaki Sanjûrô) (1962),Action|Adventure|Drama
2583,2906,Random Hearts (1999),Drama|Romance
2584,2907,Superstar (1999),Comedy
2585,2908,Boys Don't Cry (1999),Drama
2586,2910,"Ennui, L' (1998)",Drama|Romance
2587,2911,"Grandfather, The (Abuelo, El) (1998)",Drama
2588,2912,"Limey, The (1999)",Crime|Drama|Thriller
2589,2913,"Mating Habits of the Earthbound Human, The (1999)",Comedy|Sci-Fi
2590,2914,Molly (1999),Comedy|Drama
2591,2915,Risky Business (1983),Comedy
2592,2916,Total Recall (1990),Action|Adventure|Sci-Fi|Thriller
2593,2917,Body Heat (1981),Crime|Thriller
2594,2918,Ferris Bueller's Day Off (1986),Comedy
2595,2919,"Year of Living Dangerously, The (1982)",Drama|Romance|War
2596,2920,Children of Paradise (Les enfants du paradis) (1945),Drama|Romance
2597,2921,High Plains Drifter (1973),Western
2598,2922,Hang 'Em High (1968),Crime|Drama|Western
2599,2923,Handle with Care (a.k.a. Citizen's Band) (1977),Comedy
2600,2924,Drunken Master (Jui kuen) (1978),Action|Comedy
2601,2925,"Conformist, The (Conformista, Il) (1970)",Drama
2602,2926,Hairspray (1988),Comedy|Drama
2603,2927,Brief Encounter (1946),Drama|Romance
2604,2928,"Razor's Edge, The (1984)",Drama
2605,2929,Reds (1981),Drama|Romance
2606,2930,Return with Honor (1998),Documentary
2607,2931,Time of the Gypsies (Dom za vesanje) (1989),Comedy|Crime|Drama|Fantasy
2608,2932,Days of Heaven (1978),Drama
2609,2933,"Fire Within, The (Feu follet, Le) (1963)",Drama
2610,2935,"Lady Eve, The (1941)",Comedy|Romance
2611,2936,Sullivan's Travels (1941),Adventure|Comedy|Romance
2612,2937,"Palm Beach Story, The (1942)",Comedy
2613,2938,Man Facing Southeast (Hombre mirando al sudeste) (1986),Drama|Sci-Fi
2614,2939,Niagara (1953),Drama|Thriller
2615,2940,Gilda (1946),Drama|Film-Noir|Mystery|Romance
2616,2941,South Pacific (1958),Musical|Romance|War
2617,2942,Flashdance (1983),Drama|Romance
2618,2943,Indochine (1992),Drama|Romance
2619,2944,"Dirty Dozen, The (1967)",Action|Drama|War
2620,2945,Mike's Murder (1984),Mystery
2621,2946,Help! (1965),Comedy|Musical
2622,2947,Goldfinger (1964),Action|Adventure|Thriller
2623,2948,From Russia with Love (1963),Action|Adventure|Thriller
2624,2949,Dr. No (1962),Action|Adventure|Thriller
2625,2950,"Blue Lagoon, The (1980)",Adventure|Drama|Romance
2626,2951,"Fistful of Dollars, A (Per un pugno di dollari) (1964)",Action|Western
2627,2952,Sydney (Hard Eight) (1996),Crime|Drama|Thriller
2628,2953,Home Alone 2: Lost in New York (1992),Children|Comedy
2629,2956,Someone to Watch Over Me (1987),Action|Crime|Thriller
2630,2959,Fight Club (1999),Action|Crime|Drama|Thriller
2631,2960,Beefcake (1999),Drama
2632,2961,"Story of Us, The (1999)",Comedy|Drama
2633,2962,Fever Pitch (1997),Comedy|Romance
2634,2963,Joe the King (1999),Crime|Drama
2635,2964,Julien Donkey-Boy (1999),Drama
2636,2965,"Omega Code, The (1999)",Action
2637,2966,"Straight Story, The (1999)",Adventure|Drama
2638,2967,"Bad Seed, The (1956)",Drama|Thriller
2639,2968,Time Bandits (1981),Adventure|Comedy|Fantasy|Sci-Fi
2640,2969,"Man and a Woman, A (Un homme et une femme) (1966)",Drama|Romance
2641,2970,Fitzcarraldo (1982),Adventure|Drama
2642,2971,All That Jazz (1979),Drama|Fantasy|Musical
2643,2972,Red Sorghum (Hong gao liang) (1987),Drama|War
2644,2973,Crimes and Misdemeanors (1989),Comedy|Crime|Drama
2645,2974,Bats (1999),Horror|Thriller
2646,2975,"Best Man, The (1999)",Comedy|Drama
2647,2976,Bringing Out the Dead (1999),Drama
2648,2977,Crazy in Alabama (1999),Comedy|Drama
2649,2978,Three to Tango (1999),Comedy|Romance
2650,2979,Body Shots (1999),Drama
2651,2981,"Brother, Can You Spare a Dime? (1975)",Documentary
2652,2982,"Guardian, The (1990)",Horror|Thriller
2653,2983,"Ipcress File, The (1965)",Thriller
2654,2984,On Any Sunday (1971),Documentary
2655,2985,RoboCop (1987),Action|Crime|Drama|Sci-Fi|Thriller
2656,2986,RoboCop 2 (1990),Action|Crime|Sci-Fi|Thriller
2657,2987,Who Framed Roger Rabbit? (1988),Adventure|Animation|Children|Comedy|Crime|Fantasy|Mystery
2658,2988,Melvin and Howard (1980),Drama
2659,2989,For Your Eyes Only (1981),Action|Adventure|Thriller
2660,2990,Licence to Kill (1989),Action|Adventure|Thriller
2661,2991,Live and Let Die (1973),Action|Adventure|Thriller
2662,2992,Rawhead Rex (1986),Horror|Thriller
2663,2993,Thunderball (1965),Action|Adventure|Thriller
2664,2994,"City, The (Ciudad, La) (1998)",Drama
2665,2995,House on Haunted Hill (1999),Horror|Thriller
2666,2996,Music of the Heart (1999),Drama
2667,2997,Being John Malkovich (1999),Comedy|Drama|Fantasy
2668,2998,Dreaming of Joseph Lees (1999),Drama|Romance
2669,2999,Man of the Century (1999),Comedy
2670,3000,Princess Mononoke (Mononoke-hime) (1997),Action|Adventure|Animation|Drama|Fantasy
2671,3001,"Suburbans, The (1999)",Drama
2672,3002,My Best Fiend (Mein liebster Feind) (1999),Documentary
2673,3003,Train of Life (Train de vie) (1998),Comedy|Drama|Romance|War
2674,3004,"Bachelor, The (1999)",Comedy|Romance
2675,3005,"Bone Collector, The (1999)",Thriller
2676,3006,"Insider, The (1999)",Drama|Thriller
2677,3007,American Movie (1999),Documentary
2678,3008,Last Night (1998),Drama|Sci-Fi
2679,3010,Rosetta (1999),Drama
2680,3011,"They Shoot Horses, Don't They? (1969)",Drama
2681,3012,Battling Butler (1926),Comedy
2682,3013,Bride of Re-Animator (1990),Comedy|Horror
2683,3014,Bustin' Loose (1981),Comedy
2684,3015,Coma (1978),Thriller
2685,3016,Creepshow (1982),Horror
2686,3017,Creepshow 2 (1987),Horror
2687,3018,Re-Animator (1985),Comedy|Horror|Sci-Fi
2688,3019,Drugstore Cowboy (1989),Crime|Drama
2689,3020,Falling Down (1993),Action|Drama
2690,3021,"Funhouse, The (1981)",Horror
2691,3022,"General, The (1926)",Comedy|War
2692,3024,Piranha (1978),Horror|Sci-Fi
2693,3025,Rough Night in Jericho (1967),Western
2694,3026,Slaughterhouse (1987),Comedy|Horror
2695,3028,"Taming of the Shrew, The (1967)",Comedy
2696,3029,Nighthawks (1981),Action|Drama
2697,3030,Yojimbo (1961),Action|Adventure
2698,3031,Repossessed (1990),Comedy
2699,3032,"Omega Man, The (1971)",Action|Drama|Sci-Fi|Thriller
2700,3033,Spaceballs (1987),Comedy|Sci-Fi
2701,3034,Robin Hood (1973),Adventure|Animation|Children|Comedy|Musical
2702,3035,Mister Roberts (1955),Comedy|Drama|War
2703,3036,"Quest for Fire (Guerre du feu, La) (1981)",Adventure|Drama
2704,3037,Little Big Man (1970),Western
2705,3038,"Face in the Crowd, A (1957)",Drama
2706,3039,Trading Places (1983),Comedy
2707,3040,Meatballs (1979),Comedy
2708,3041,Meatballs Part II (1984),Comedy
2709,3042,Meatballs III (1987),Comedy
2710,3043,Meatballs 4 (1992),Comedy
2711,3044,Dead Again (1991),Mystery|Romance|Thriller
2712,3045,Peter's Friends (1992),Comedy|Drama
2713,3046,"Incredibly True Adventure of Two Girls in Love, The (1995)",Comedy|Romance
2714,3047,Experience Preferred... But Not Essential (1982),Drama
2715,3048,Under the Rainbow (1981),Comedy
2716,3049,How I Won the War (1967),Comedy|War
2717,3050,Light It Up (1999),Drama
2718,3051,Anywhere But Here (1999),Comedy|Drama
2719,3052,Dogma (1999),Adventure|Comedy|Fantasy
2720,3053,"Messenger: The Story of Joan of Arc, The (1999)",Drama|War
2721,3054,Pokémon: The First Movie (1998),Adventure|Animation|Children|Fantasy|Sci-Fi
2722,3055,Felicia's Journey (1999),Thriller
2723,3056,Oxygen (1999),Crime|Drama|Thriller
2724,3057,Where's Marlowe? (1998),Comedy
2725,3058,"Ape, The (1940)",Horror|Sci-Fi
2726,3060,"Commitments, The (1991)",Comedy|Drama|Musical
2727,3061,Holiday Inn (1942),Comedy|Musical
2728,3062,"Longest Day, The (1962)",Action|Drama|War
2729,3063,Poison Ivy (1992),Drama|Thriller
2730,3064,Poison Ivy: New Seduction (1997),Drama|Thriller
2731,3066,Tora! Tora! Tora! (1970),Action|Drama|War
2732,3067,Women on the Verge of a Nervous Breakdown (Mujeres al borde de un ataque de nervios) (1988),Comedy|Drama
2733,3068,"Verdict, The (1982)",Drama|Mystery
2734,3069,"Effect of Gamma Rays on Man-in-the-Moon Marigolds, The (1972)",Drama
2735,3070,"Adventures of Buckaroo Banzai Across the 8th Dimension, The (1984)",Adventure|Comedy|Sci-Fi
2736,3071,Stand and Deliver (1988),Comedy|Drama
2737,3072,Moonstruck (1987),Comedy|Romance
2738,3073,"Sandpiper, The (1965)",Drama|Romance
2739,3074,Jeremiah Johnson (1972),Western
2740,3075,Repulsion (1965),Drama|Horror
2741,3076,Irma la Douce (1963),Comedy
2742,3077,42 Up (1998),Documentary
2743,3078,Liberty Heights (1999),Drama
2744,3079,Mansfield Park (1999),Comedy|Drama|Romance
2745,3081,Sleepy Hollow (1999),Fantasy|Horror|Mystery|Romance
2746,3082,"World Is Not Enough, The (1999)",Action|Adventure|Thriller
2747,3083,All About My Mother (Todo sobre mi madre) (1999),Drama
2748,3086,March of the Wooden Soldiers (a.k.a. Babes in Toyland) (1934),Children|Comedy|Fantasy
2749,3087,Scrooged (1988),Comedy|Fantasy|Romance
2750,3088,Harvey (1950),Comedy|Fantasy
2751,3089,Bicycle Thieves (a.k.a. The Bicycle Thief) (a.k.a. The Bicycle Thieves) (Ladri di biciclette) (1948),Drama
2752,3090,Matewan (1987),Drama
2753,3091,Kagemusha (1980),Drama|War
2754,3092,"47 Samurai (Chûshingura) (Loyal 47 Ronin, The) (1962)",Drama
2755,3093,McCabe & Mrs. Miller (1971),Drama|Western
2756,3094,Maurice (1987),Drama|Romance
2757,3095,"Grapes of Wrath, The (1940)",Drama
2758,3096,My Man Godfrey (1957),Comedy
2759,3097,"Shop Around the Corner, The (1940)",Comedy|Drama|Romance
2760,3098,"Natural, The (1984)",Drama
2761,3099,Shampoo (1975),Comedy|Drama|Romance
2762,3100,"River Runs Through It, A (1992)",Drama
2763,3101,Fatal Attraction (1987),Drama|Thriller
2764,3102,Jagged Edge (1985),Crime|Romance|Thriller
2765,3103,Stanley & Iris (1990),Drama|Romance
2766,3104,Midnight Run (1988),Action|Comedy|Crime|Thriller
2767,3105,Awakenings (1990),Drama|Mystery
2768,3106,Come See the Paradise (1990),Drama|Romance
2769,3107,Backdraft (1991),Action|Drama
2770,3108,"Fisher King, The (1991)",Comedy|Drama|Fantasy|Romance
2771,3109,"River, The (1984)",Drama
2772,3110,Country (1984),Drama
2773,3111,Places in the Heart (1984),Drama
2774,3112,'night Mother (1986),Drama
2775,3113,End of Days (1999),Action|Fantasy|Horror|Mystery|Thriller
2776,3114,Toy Story 2 (1999),Adventure|Animation|Children|Comedy|Fantasy
2777,3115,Flawless (1999),Drama
2778,3117,Ride with the Devil (1999),Drama|Romance|War
2779,3118,Tumbleweeds (1999),Drama
2780,3119,Bay of Blood (a.k.a. Twitch of the Death Nerve) (Reazione a catena) (1971),Horror
2781,3120,"Distinguished Gentleman, The (1992)",Comedy
2782,3121,"Hitch-Hiker, The (1953)",Drama|Film-Noir
2783,3122,Santa Fe Trail (1940),Drama|Romance|Western
2784,3124,Agnes Browne (1999),Comedy|Drama
2785,3125,"End of the Affair, The (1999)",Drama
2786,3126,"End of the Affair, The (1955)",Drama
2787,3127,Holy Smoke (1999),Comedy|Drama
2788,3128,"Map of the World, A (1999)",Drama
2789,3129,Sweet and Lowdown (1999),Comedy|Drama
2790,3130,Bonfire of the Vanities (1990),Comedy|Crime|Drama
2791,3132,Daddy Long Legs (1919),Comedy|Drama
2792,3133,Go West (1925),Comedy|Western
2793,3134,Grand Illusion (La grande illusion) (1937),Drama|War
2794,3135,"Great Santini, The (1979)",Drama
2795,3137,"Sea Wolves, The (1980)",Action|War
2796,3138,Stealing Home (1988),Drama
2797,3139,Tarzan the Fearless (1933),Action|Adventure
2798,3140,Three Ages (1923),Comedy
2799,3141,"Two Jakes, The (1990)",Drama
2800,3142,U2: Rattle and Hum (1988),Documentary|Musical
2801,3143,Hell in the Pacific (1968),Drama|War
2802,3144,"Glass Bottom Boat, The (1966)",Comedy|Romance
2803,3145,Cradle Will Rock (1999),Drama
2804,3146,Deuce Bigalow: Male Gigolo (1999),Comedy
2805,3147,"Green Mile, The (1999)",Crime|Drama
2806,3148,"Cider House Rules, The (1999)",Drama
2807,3149,Diamonds (1999),Mystery
2808,3150,"War Zone, The (1999)",Drama|Thriller
2809,3152,"Last Picture Show, The (1971)",Drama
2810,3153,"7th Voyage of Sinbad, The (1958)",Action|Adventure|Fantasy
2811,3155,Anna and the King (1999),Drama|Romance
2812,3156,Bicentennial Man (1999),Drama|Romance|Sci-Fi
2813,3157,Stuart Little (1999),Children|Comedy|Fantasy
2814,3158,"Emperor and the Assassin, The (Jing ke ci qin wang) (1999)",Drama
2815,3159,Fantasia 2000 (1999),Animation|Children|Musical|IMAX
2816,3160,Magnolia (1999),Drama
2817,3161,Onegin (1999),Drama|Romance
2818,3162,Simpatico (1999),Comedy|Drama
2819,3163,Topsy-Turvy (1999),Comedy|Drama|Musical
2820,3165,Boiling Point (1993),Action|Drama
2821,3166,Brenda Starr (1989),Adventure
2822,3167,Carnal Knowledge (1971),Comedy|Drama
2823,3168,Easy Rider (1969),Adventure|Drama
2824,3169,"Falcon and the Snowman, The (1985)",Drama|Thriller
2825,3171,Room at the Top (1959),Drama
2826,3173,Any Given Sunday (1999),Drama
2827,3174,Man on the Moon (1999),Comedy|Drama
2828,3175,Galaxy Quest (1999),Adventure|Comedy|Sci-Fi
2829,3176,"Talented Mr. Ripley, The (1999)",Drama|Mystery|Thriller
2830,3177,Next Friday (2000),Comedy
2831,3178,"Hurricane, The (1999)",Drama
2832,3179,Angela's Ashes (1999),Drama
2833,3180,Play it to the Bone (1999),Comedy|Drama
2834,3181,Titus (1999),Drama
2835,3182,"Mr. Death: The Rise and Fall of Fred A. Leuchter, Jr. (1999)",Documentary
2836,3183,"Third Miracle, The (1999)",Drama
2837,3185,Snow Falling on Cedars (1999),Drama
2838,3186,"Girl, Interrupted (1999)",Drama
2839,3188,"Life and Times of Hank Greenberg, The (1998)",Documentary
2840,3189,My Dog Skip (1999),Children|Drama
2841,3190,Supernova (2000),Adventure|Sci-Fi|Thriller
2842,3192,"Terrorist, The (a.k.a. Malli) (Theeviravaathi) (1998)",Drama
2843,3194,"Way We Were, The (1973)",Drama|Romance
2844,3196,Stalag 17 (1953),Drama|War
2845,3197,"Presidio, The (1988)",Action|Crime|Romance|Thriller
2846,3198,Papillon (1973),Crime|Drama
2847,3199,Pal Joey (1957),Comedy|Drama|Musical|Romance
2848,3200,"Last Detail, The (1973)",Comedy|Drama
2849,3201,Five Easy Pieces (1970),Drama
2850,3202,Even Dwarfs Started Small (Auch Zwerge haben klein angefangen) (1971),Drama|Horror
2851,3203,Dead Calm (1989),Thriller
2852,3204,"Boys from Brazil, The (1978)",Action|Mystery|Thriller
2853,3205,Black Sunday (La maschera del demonio) (1960),Horror
2854,3206,Against All Odds (1984),Romance
2855,3207,"Snows of Kilimanjaro, The (1952)",Adventure
2856,3208,Loaded Weapon 1 (National Lampoon's Loaded Weapon 1) (1993),Action|Comedy
2857,3210,Fast Times at Ridgemont High (1982),Comedy|Drama|Romance
2858,3211,"Cry in the Dark, A (1988)",Drama
2859,3213,Batman: Mask of the Phantasm (1993),Animation|Children
2860,3214,American Flyers (1985),Drama
2861,3215,Voyage of the Damned (1976),Drama
2862,3216,"Vampyros Lesbos (Vampiras, Las) (1971)",Fantasy|Horror|Thriller
2863,3217,"Star Is Born, A (1937)",Drama
2864,3218,Poison (1991),Drama
2865,3219,Pacific Heights (1990),Mystery|Thriller
2866,3221,"Draughtsman's Contract, The (1982)",Drama
2867,3222,Carmen (1984),Drama
2868,3223,"Zed & Two Noughts, A (1985)",Drama
2869,3224,Woman in the Dunes (Suna no onna) (1964),Drama
2870,3225,Down to You (2000),Comedy|Romance
2871,3230,"Odessa File, The (1974)",Thriller
2872,3232,Seven Chances (1925),Comedy
2873,3235,Where the Buffalo Roam (1980),Comedy
2874,3238,Eye of the Beholder (1999),Thriller
2875,3239,Isn't She Great? (2000),Comedy
2876,3240,"Big Tease, The (1999)",Comedy
2877,3241,"Cup, The (Phörpa) (1999)",Comedy
2878,3242,Santitos (1999),Comedy
2879,3243,Encino Man (1992),Comedy
2880,3244,"Goodbye Girl, The (1977)",Comedy|Romance
2881,3245,I Am Cuba (Soy Cuba/Ya Kuba) (1964),Drama
2882,3246,Malcolm X (1992),Drama
2883,3247,Sister Act (1992),Comedy|Crime
2884,3248,Sister Act 2: Back in the Habit (1993),Comedy
2885,3249,"Hand That Rocks the Cradle, The (1992)",Drama|Thriller
2886,3250,Alive (1993),Drama
2887,3251,Agnes of God (1985),Drama|Mystery
2888,3252,Scent of a Woman (1992),Drama
2889,3253,Wayne's World (1992),Comedy
2890,3254,Wayne's World 2 (1993),Comedy
2891,3255,"League of Their Own, A (1992)",Comedy|Drama
2892,3256,Patriot Games (1992),Action|Thriller
2893,3257,"Bodyguard, The (1992)",Drama|Romance|Thriller
2894,3258,Death Becomes Her (1992),Comedy|Fantasy
2895,3259,Far and Away (1992),Adventure|Drama|Romance
2896,3260,Howards End (1992),Drama
2897,3261,Singles (1992),Comedy|Drama|Romance
2898,3262,Twin Peaks: Fire Walk with Me (1992),Crime|Drama|Mystery|Thriller
2899,3263,White Men Can't Jump (1992),Comedy|Drama
2900,3264,Buffy the Vampire Slayer (1992),Action|Comedy|Horror
2901,3265,Hard-Boiled (Lat sau san taam) (1992),Action|Crime|Drama|Thriller
2902,3266,Man Bites Dog (C'est arrivé près de chez vous) (1992),Comedy|Crime|Drama|Thriller
2903,3267,"Mariachi, El (1992)",Action|Crime|Thriller|Western
2904,3268,Stop! Or My Mom Will Shoot (1992),Action|Comedy
2905,3269,Forever Young (1992),Drama|Romance|Sci-Fi
2906,3270,"Cutting Edge, The (1992)",Comedy|Drama|Romance
2907,3271,Of Mice and Men (1992),Drama
2908,3272,Bad Lieutenant (1992),Crime|Drama
2909,3273,Scream 3 (2000),Comedy|Horror|Mystery|Thriller
2910,3274,Single White Female (1992),Drama|Thriller
2911,3275,"Boondock Saints, The (2000)",Action|Crime|Drama|Thriller
2912,3276,Gun Shy (2000),Comedy
2913,3281,"Brandon Teena Story, The (1998)",Documentary
2914,3282,Different for Girls (1996),Comedy
2915,3283,Minnie and Moskowitz (1971),Action
2916,3284,They Might Be Giants (1971),Comedy|Mystery|Romance
2917,3285,"Beach, The (2000)",Adventure|Drama
2918,3286,Snow Day (2000),Comedy
2919,3287,"Tigger Movie, The (2000)",Animation|Children
2920,3289,Not One Less (Yi ge dou bu neng shao) (1999),Drama
2921,3292,"Big Combo, The (1955)",Film-Noir
2922,3295,Raining Stones (1993),Drama
2923,3296,To Sir with Love (1967),Drama
2924,3298,Boiler Room (2000),Crime|Drama|Thriller
2925,3299,Hanging Up (2000),Comedy|Drama
2926,3300,Pitch Black (2000),Horror|Sci-Fi|Thriller
2927,3301,"Whole Nine Yards, The (2000)",Comedy|Crime
2928,3302,Beautiful People (1999),Comedy
2929,3303,Black Tar Heroin: The Dark End of the Street (2000),Documentary
2930,3304,Blue Collar (1978),Crime|Drama
2931,3306,"Circus, The (1928)",Comedy
2932,3307,City Lights (1931),Comedy|Drama|Romance
2933,3308,"Flamingo Kid, The (1984)",Comedy|Drama
2934,3309,"Dog's Life, A (1918)",Comedy
2935,3310,"Kid, The (1921)",Comedy|Drama
2936,3311,"Man from Laramie, The (1955)",Western
2937,3313,Class Reunion (1982),Comedy
2938,3316,Reindeer Games (2000),Action|Thriller
2939,3317,Wonder Boys (2000),Comedy|Drama
2940,3318,Deterrence (1999),Drama|Thriller
2941,3319,Judy Berlin (1999),Drama
2942,3320,Mifune's Last Song (Mifunes sidste sang) (1999),Comedy|Drama|Romance
2943,3322,3 Strikes (2000),Comedy
2944,3323,Chain of Fools (2000),Comedy|Crime
2945,3324,Drowning Mona (2000),Comedy
2946,3325,"Next Best Thing, The (2000)",Comedy|Drama
2947,3326,What Planet Are You From? (2000),Comedy|Sci-Fi
2948,3327,Beyond the Mat (1999),Documentary
2949,3328,Ghost Dog: The Way of the Samurai (1999),Crime|Drama
2950,3329,"Year My Voice Broke, The (1987)",Drama
2951,3330,Splendor in the Grass (1961),Drama|Romance
2952,3331,My Tutor (1983),Drama
2953,3333,"Killing of Sister George, The (1968)",Drama
2954,3334,Key Largo (1948),Crime|Drama|Film-Noir|Thriller
2955,3335,Jail Bait (1954),Crime|Drama
2956,3338,For All Mankind (1989),Documentary
2957,3339,Cross of Iron (1977),War
2958,3340,Bride of the Monster (1955),Horror|Sci-Fi
2959,3341,Born Yesterday (1950),Comedy
2960,3342,Birdy (1984),Drama|War
2961,3343,And God Created Woman (1988),Comedy|Drama|Romance
2962,3344,Blood Feast (1963),Horror
2963,3345,"Charlie, the Lonesome Cougar (1967)",Adventure|Children
2964,3347,Never Cry Wolf (1983),Adventure|Drama
2965,3349,"Perils of Pauline, The (1947)",Comedy
2966,3350,"Raisin in the Sun, A (1961)",Drama
2967,3351,Two Thousand Maniacs! (1964),Horror
2968,3354,Mission to Mars (2000),Sci-Fi
2969,3355,"Ninth Gate, The (1999)",Fantasy|Horror|Mystery|Thriller
2970,3357,East-West (Est-ouest) (1999),Drama|Romance
2971,3358,Defending Your Life (1991),Comedy|Drama|Fantasy|Romance
2972,3359,Breaking Away (1979),Comedy|Drama
2973,3360,Hoosiers (a.k.a. Best Shot) (1986),Drama|Romance
2974,3361,Bull Durham (1988),Comedy|Drama|Romance
2975,3362,Dog Day Afternoon (1975),Crime|Drama
2976,3363,American Graffiti (1973),Comedy|Drama
2977,3364,"Asphalt Jungle, The (1950)",Crime|Film-Noir
2978,3365,"Searchers, The (1956)",Drama|Western
2979,3367,"Devil's Brigade, The (1968)",War
2980,3368,"Big Country, The (1958)",Romance|Western
2981,3370,Betrayed (1988),Drama|Thriller
2982,3371,Bound for Glory (1976),Drama
2983,3372,"Bridge at Remagen, The (1969)",Action|War
2984,3374,Daughters of the Dust (1991),Drama
2985,3375,Destination Moon (1950),Sci-Fi
2986,3378,"Ogre, The (Unhold, Der) (1996)",Drama
2987,3379,On the Beach (1959),Drama
2988,3384,"Taking of Pelham One Two Three, The (1974)",Action|Crime
2989,3385,Volunteers (1985),Comedy
2990,3386,JFK (1991),Drama|Mystery|Thriller
2991,3387,Who's Harry Crumb? (1989),Comedy|Mystery
2992,3388,Harry and the Hendersons (1987),Children|Comedy
2993,3389,Let's Get Harry (1986),Action|Adventure
2994,3390,Shanghai Surprise (1986),Adventure|Crime|Drama|Romance
2995,3391,Who's That Girl? (1987),Comedy
2996,3392,She-Devil (1989),Comedy
2997,3393,Date with an Angel (1987),Comedy|Fantasy|Romance
2998,3394,Blind Date (1987),Comedy|Romance
2999,3395,Nadine (1987),Comedy
3000,3396,"Muppet Movie, The (1979)",Adventure|Children|Comedy|Musical
3001,3397,"Great Muppet Caper, The (1981)",Children|Comedy
3002,3398,"Muppets Take Manhattan, The (1984)",Children|Comedy|Musical
3003,3399,Sesame Street Presents Follow That Bird (1985),Children|Comedy
3004,3400,We're Back! A Dinosaur's Story (1993),Adventure|Animation|Children|Fantasy
3005,3401,Baby... Secret of the Lost Legend (1985),Adventure|Sci-Fi
3006,3402,Turtle Diary (1985),Comedy|Drama|Romance
3007,3403,Raise the Titanic (1980),Drama|Thriller
3008,3404,Titanic (1953),Action|Drama
3009,3405,"Night to Remember, A (1958)",Action|Drama
3010,3406,Captain Horatio Hornblower R.N. (1951),Action|Adventure|Drama|War
3011,3408,Erin Brockovich (2000),Drama
3012,3409,Final Destination (2000),Drama|Thriller
3013,3410,Soft Fruit (1999),Comedy|Drama
3014,3412,"Bear, The (Ours, L') (1988)",Adventure|Children|Drama
3015,3414,Love Is a Many-Splendored Thing (1955),Drama|Romance|War
3016,3415,"Mirror, The (Zerkalo) (1975)",Drama
3017,3417,"Crimson Pirate, The (1952)",Adventure|Comedy
3018,3418,Thelma & Louise (1991),Adventure|Crime|Drama
3019,3419,Something for Everyone (1970),Comedy|Crime
3020,3420,...And Justice for All (1979),Drama|Thriller
3021,3421,Animal House (1978),Comedy
3022,3422,She's Gotta Have It (1986),Comedy|Romance
3023,3423,School Daze (1988),Drama
3024,3424,Do the Right Thing (1989),Drama
3025,3425,Mo' Better Blues (1990),Drama|Musical
3026,3426,Jungle Fever (1991),Drama|Romance
3027,3427,Coogan's Bluff (1968),Crime
3028,3428,"Champ, The (1979)",Drama
3029,3429,Creature Comforts (1989),Animation|Comedy
3030,3430,Death Wish (1974),Action|Crime|Drama
3031,3431,Death Wish 2 (1982),Action|Drama
3032,3432,Death Wish 3 (1985),Action|Drama
3033,3433,Death Wish 4: The Crackdown (1987),Action|Drama
3034,3434,Death Wish 5: The Face of Death (1994),Action|Drama
3035,3435,Double Indemnity (1944),Crime|Drama|Film-Noir
3036,3436,Dying Young (1991),Drama|Romance
3037,3437,Cool as Ice (1991),Drama
3038,3438,Teenage Mutant Ninja Turtles (1990),Action|Children|Comedy|Fantasy|Sci-Fi
3039,3439,Teenage Mutant Ninja Turtles II: The Secret of the Ooze (1991),Action|Children|Fantasy
3040,3440,Teenage Mutant Ninja Turtles III (1993),Action|Adventure|Children|Comedy|Fantasy
3041,3441,Red Dawn (1984),Action|Drama|War
3042,3442,Band of the Hand (1986),Action|Crime|Drama
3043,3443,Born American (1986),Action|Drama|Thriller
3044,3444,Bloodsport (1988),Action
3045,3445,Eyes of Laura Mars (1978),Mystery|Thriller
3046,3446,Funny Bones (1995),Comedy|Drama
3047,3447,"Good Earth, The (1937)",Drama
3048,3448,"Good Morning, Vietnam (1987)",Comedy|Drama|War
3049,3449,"Good Mother, The (1988)",Drama
3050,3450,Grumpy Old Men (1993),Comedy
3051,3451,Guess Who's Coming to Dinner (1967),Drama
3052,3452,Romeo Must Die (2000),Action|Crime|Romance|Thriller
3053,3453,Here on Earth (2000),Drama|Romance
3054,3454,Whatever It Takes (2000),Comedy|Romance
3055,3456,"Color of Paradise, The (Rang-e khoda) (1999)",Drama
3056,3457,Waking the Dead (2000),Drama|Thriller
3057,3459,Gothic (1986),Drama|Horror
3058,3461,Lord of the Flies (1963),Adventure|Drama|Thriller
3059,3462,Modern Times (1936),Comedy|Drama|Romance
3060,3463,Last Resort (National Lampoon's Last Resort) (1994),Comedy
3061,3464,Solar Crisis (1990),Sci-Fi|Thriller
3062,3465,That's Life! (1986),Drama
3063,3466,Heart and Souls (1993),Comedy|Fantasy
3064,3467,Hud (1963),Drama|Western
3065,3468,"Hustler, The (1961)",Drama
3066,3469,Inherit the Wind (1960),Drama
3067,3470,Dersu Uzala (1975),Adventure|Drama
3068,3471,Close Encounters of the Third Kind (1977),Adventure|Drama|Sci-Fi
3069,3472,"Horror Hotel (a.k.a. City of the Dead, The) (1960)",Horror|Thriller
3070,3473,Jonah Who Will Be 25 in the Year 2000 (Jonas qui aura 25 ans en l'an 2000) (1976),Comedy
3071,3474,Retroactive (1997),Sci-Fi|Thriller
3072,3475,"Place in the Sun, A (1951)",Drama|Romance
3073,3476,Jacob's Ladder (1990),Horror|Mystery
3074,3477,Empire Records (1995),Comedy|Drama
3075,3478,"Bamba, La (1987)",Drama
3076,3479,Ladyhawke (1985),Adventure|Fantasy|Romance
3077,3480,Lucas (1986),Drama|Romance
3078,3481,High Fidelity (2000),Comedy|Drama|Romance
3079,3483,"Road to El Dorado, The (2000)",Animation|Children
3080,3484,"Skulls, The (2000)",Thriller
3081,3486,Devil Girl From Mars (1954),Sci-Fi
3082,3487,El Dorado (1966),Western
3083,3488,"Hideous Sun Demon, The (1959)",Horror|Sci-Fi
3084,3489,Hook (1991),Adventure|Comedy|Fantasy
3085,3490,Horror Express (1972),Horror
3086,3491,My Chauffeur (1986),Comedy
3087,3492,"Son of the Sheik, The (1926)",Adventure|Comedy|Romance
3088,3494,True Grit (1969),Adventure|Drama|Western
3089,3495,Roadside Prophets (1992),Comedy|Drama
3090,3496,Madame Sousatzka (1988),Drama
3091,3497,Max Dugan Returns (1983),Comedy
3092,3498,Midnight Express (1978),Drama
3093,3499,Misery (1990),Drama|Horror|Thriller
3094,3500,Mr. Saturday Night (1992),Comedy|Drama
3095,3501,Murphy's Romance (1985),Comedy|Romance
3096,3502,My Life (1993),Drama
3097,3503,Solaris (Solyaris) (1972),Drama|Mystery|Sci-Fi
3098,3504,Network (1976),Comedy|Drama
3099,3505,No Way Out (1987),Drama|Mystery|Thriller
3100,3506,North Dallas Forty (1979),Comedy|Drama
3101,3507,"Odd Couple, The (1968)",Comedy
3102,3508,"Outlaw Josey Wales, The (1976)",Action|Adventure|Drama|Thriller|Western
3103,3509,Black and White (1999),Drama
3104,3510,Frequency (2000),Drama|Thriller
3105,3511,Ready to Rumble (2000),Comedy
3106,3512,Return to Me (2000),Drama|Romance
3107,3513,Rules of Engagement (2000),Drama|Thriller
3108,3514,Joe Gould's Secret (2000),Drama
3109,3515,Me Myself I (2000),Comedy|Romance
3110,3516,"Bell, Book and Candle (1958)",Comedy|Fantasy|Romance
3111,3518,"End of Violence, The (1997)",Drama|Thriller
3112,3519,Force 10 from Navarone (1978),Action|Drama|War
3113,3520,How to Stuff a Wild Bikini (1965),Comedy
3114,3521,Mystery Train (1989),Comedy|Drama
3115,3524,Arthur (1981),Comedy|Romance
3116,3525,Bachelor Party (1984),Comedy
3117,3526,Parenthood (1989),Comedy|Drama
3118,3527,Predator (1987),Action|Sci-Fi|Thriller
3119,3528,"Prince of Tides, The (1991)",Drama|Romance
3120,3529,"Postman Always Rings Twice, The (1981)",Crime|Thriller
3121,3531,All the Vermeers in New York (1990),Comedy|Drama|Romance
3122,3533,"Actor's Revenge, An (Yukinojô henge) (1963)",Drama
3123,3534,28 Days (2000),Drama
3124,3535,American Psycho (2000),Crime|Horror|Mystery|Thriller
3125,3536,Keeping the Faith (2000),Comedy|Drama|Romance
3126,3537,Where the Money Is (2000),Comedy|Drama
3127,3538,East is East (1999),Comedy
3128,3539,"Filth and the Fury, The (2000)",Documentary
3129,3540,Passion of Mind (2000),Drama|Mystery|Romance
3130,3543,Diner (1982),Comedy|Drama
3131,3544,Shakes the Clown (1992),Comedy
3132,3545,Cabaret (1972),Drama|Musical
3133,3546,What Ever Happened to Baby Jane? (1962),Drama|Horror|Thriller
3134,3547,Prick Up Your Ears (1987),Comedy|Drama
3135,3548,Auntie Mame (1958),Comedy|Drama
3136,3549,Guys and Dolls (1955),Comedy|Musical|Romance
3137,3550,"Hunger, The (1983)",Horror
3138,3551,Marathon Man (1976),Crime|Drama|Thriller
3139,3552,Caddyshack (1980),Comedy
3140,3553,Gossip (2000),Drama|Thriller
3141,3554,Love and Basketball (2000),Drama|Romance
3142,3555,U-571 (2000),Action|Thriller|War
3143,3556,"Virgin Suicides, The (1999)",Drama|Romance
3144,3557,Jennifer 8 (1992),Mystery|Thriller
3145,3559,Limelight (1952),Comedy|Drama|Romance
3146,3562,Committed (2000),Comedy|Drama
3147,3563,"Crow: Salvation, The (2000)",Action|Horror
3148,3564,"Flintstones in Viva Rock Vegas, The (2000)",Children|Comedy
3149,3565,Where the Heart Is (2000),Comedy|Drama
3150,3566,"Big Kahuna, The (2000)",Comedy|Drama
3151,3567,Bossa Nova (2000),Comedy|Drama|Romance
3152,3568,Smiling Fish and Goat on Fire (1999),Comedy|Romance
3153,3569,"Idiots, The (Idioterne) (1998)",Comedy|Drama
3154,3571,Time Code (2000),Comedy|Drama
3155,3572,Carnosaur (1993),Horror|Sci-Fi
3156,3573,Carnosaur 2 (1995),Horror|Sci-Fi
3157,3574,Carnosaur 3: Primal Species (1996),Horror|Sci-Fi
3158,3576,"Hidden, The (1987)",Action|Horror|Sci-Fi
3159,3577,Two Moon Junction (1988),Drama|Romance
3160,3578,Gladiator (2000),Action|Adventure|Drama
3161,3579,I Dreamed of Africa (2000),Drama
3162,3580,Up at the Villa (2000),Drama
3163,3581,Human Traffic (1999),Comedy
3164,3584,Breathless (1983),Action|Drama|Romance|Thriller
3165,3585,"Great Locomotive Chase, The (1956)",Adventure|War
3166,3586,"Idolmaker, The (1980)",Drama
3167,3587,Inferno (1980),Horror
3168,3588,"King of Marvin Gardens, The (1972)",Crime|Drama
3169,3590,"Lords of Flatbush, The (1974)",Comedy|Drama
3170,3591,Mr. Mom (1983),Comedy|Drama
3171,3592,"Time Masters (Maîtres du temps, Les) (1982)",Animation|Sci-Fi
3172,3593,Battlefield Earth (2000),Action|Sci-Fi
3173,3594,Center Stage (2000),Drama|Musical
3174,3595,Held Up (1999),Comedy
3175,3596,Screwed (2000),Comedy
3176,3597,Whipped (2000),Comedy
3177,3598,Hamlet (2000),Crime|Drama|Romance|Thriller
3178,3599,Anchors Aweigh (1945),Comedy|Musical
3179,3600,Blue Hawaii (1961),Comedy|Musical
3180,3602,G. I. Blues (1960),Comedy|Musical|Romance
3181,3604,Gypsy (1962),Musical
3182,3605,King Creole (1958),Crime|Drama|Musical
3183,3606,On the Town (1949),Comedy|Musical|Romance
3184,3608,Pee-wee's Big Adventure (1985),Adventure|Comedy
3185,3609,Regret to Inform (1998),Documentary
3186,3610,Roustabout (1964),Drama|Musical|Romance
3187,3611,Saludos Amigos (1943),Animation|Children|Comedy
3188,3612,"Slipper and the Rose, The (1976)",Adventure|Musical|Romance
3189,3613,Things Change (1988),Comedy
3190,3614,Honeymoon in Vegas (1992),Comedy|Romance
3191,3615,Dinosaur (2000),Adventure|Animation|Children
3192,3616,Loser (2000),Comedy|Romance
3193,3617,Road Trip (2000),Comedy
3194,3618,Small Time Crooks (2000),Comedy|Crime
3195,3619,"Hollywood Knights, The (1980)",Comedy
3196,3620,"Myth of Fingerprints, The (1997)",Comedy|Drama
3197,3621,Possession (1981),Drama|Horror
3198,3622,"Twelve Chairs, The (1970)",Comedy
3199,3623,Mission: Impossible II (2000),Action|Adventure|Thriller
3200,3624,Shanghai Noon (2000),Action|Adventure|Comedy|Western
3201,3625,Better Living Through Circuitry (1999),Documentary
3202,3626,8 ½ Women (a.k.a. 8 1/2 Women) (a.k.a. Eight and a Half Women) (1999),Comedy
3203,3627,Carnival of Souls (1962),Horror|Thriller
3204,3628,Flying Tigers (1942),Action|Drama|Romance|War
3205,3629,"Gold Rush, The (1925)",Adventure|Comedy|Romance
3206,3632,Monsieur Verdoux (1947),Comedy|Crime
3207,3633,On Her Majesty's Secret Service (1969),Action|Adventure|Romance|Thriller
3208,3634,Seven Days in May (1964),Thriller
3209,3635,"Spy Who Loved Me, The (1977)",Action|Adventure|Thriller
3210,3636,Those Who Love Me Can Take the Train (Ceux qui m'aiment prendront le train) (1998),Drama
3211,3637,Vagabond (Sans toit ni loi) (1985),Drama
3212,3638,Moonraker (1979),Action|Adventure|Sci-Fi|Thriller
3213,3639,"Man with the Golden Gun, The (1974)",Action|Adventure|Thriller
3214,3640,"King in New York, A (1957)",Comedy|Drama
3215,3641,"Woman of Paris, A (1923)",Drama
3216,3643,"Fighting Seabees, The (1944)",Action|Drama|War
3217,3644,Dark Command (1940),Western
3218,3645,Cleo from 5 to 7 (Cléo de 5 à 7) (1962),Drama
3219,3646,Big Momma's House (2000),Comedy
3220,3648,"Abominable Snowman, The (Abominable Snowman of the Himalayas, The) (1957)",Horror|Sci-Fi
3221,3649,American Gigolo (1980),Drama
3222,3652,"City of the Living Dead (a.k.a. Gates of Hell, The) (Paura nella città dei morti viventi) (1980)",Horror
3223,3653,"Endless Summer, The (1966)",Documentary
3224,3654,"Guns of Navarone, The (1961)",Action|Adventure|Drama|War
3225,3655,Blow-Out (La grande bouffe) (1973),Drama
3226,3658,Quatermass and the Pit (1967),Horror|Sci-Fi
3227,3659,Quatermass 2 (Enemy from Space) (1957),Sci-Fi|Thriller
3228,3660,Puppet Master (1989),Horror|Sci-Fi|Thriller
3229,3661,Puppet Master II (1991),Horror|Sci-Fi|Thriller
3230,3662,Puppet Master III: Toulon's Revenge (1991),Horror|Sci-Fi|Thriller
3231,3663,Puppet Master 4 (1993),Horror|Sci-Fi|Thriller
3232,3664,Puppet Master 5: The Final Chapter (1994),Horror|Sci-Fi|Thriller
3233,3665,Curse of the Puppet Master (Puppet Master 6: The Curse) (1998),Horror|Sci-Fi|Thriller
3234,3666,Retro Puppet Master (Puppet Master 7) (1999),Horror|Sci-Fi|Thriller
3235,3667,Rent-A-Cop (1988),Action|Comedy|Crime
3236,3668,Romeo and Juliet (1968),Drama|Romance
3237,3669,Stay Tuned (1992),Comedy
3238,3670,Story of G.I. Joe (1945),War
3239,3671,Blazing Saddles (1974),Comedy|Western
3240,3672,Benji (1974),Adventure|Children
3241,3673,Benji the Hunted (1987),Adventure|Children
3242,3674,For the Love of Benji (1977),Adventure|Children|Comedy|Drama
3243,3675,White Christmas (1954),Comedy|Musical|Romance
3244,3676,Eraserhead (1977),Drama|Horror
3245,3677,Baraka (1992),Documentary
3246,3678,"Man with the Golden Arm, The (1955)",Drama
3247,3679,"Decline of Western Civilization, The (1981)",Documentary|Musical
3248,3680,"Decline of Western Civilization Part II: The Metal Years, The (1988)",Documentary
3249,3681,For a Few Dollars More (Per qualche dollaro in più) (1965),Action|Drama|Thriller|Western
3250,3682,Magnum Force (1973),Action|Crime|Drama|Thriller
3251,3683,Blood Simple (1984),Crime|Drama|Film-Noir
3252,3684,"Fabulous Baker Boys, The (1989)",Drama|Romance
3253,3685,Prizzi's Honor (1985),Comedy|Drama|Romance
3254,3686,Flatliners (1990),Horror|Sci-Fi|Thriller
3255,3687,Light Years (Gandahar) (1988),Adventure|Animation|Fantasy|Sci-Fi
3256,3688,Porky's (1982),Comedy
3257,3689,Porky's II: The Next Day (1983),Comedy
3258,3690,Porky's Revenge (1985),Comedy
3259,3691,Private School (1983),Comedy
3260,3692,Class of Nuke 'Em High (1986),Comedy|Horror
3261,3693,"Toxic Avenger, The (1985)",Comedy|Horror
3262,3694,"Toxic Avenger, Part II, The (1989)",Comedy|Horror
3263,3695,"Toxic Avenger Part III: The Last Temptation of Toxie, The (1989)",Comedy|Horror
3264,3696,Night of the Creeps (1986),Comedy|Horror|Sci-Fi|Thriller
3265,3697,Predator 2 (1990),Action|Sci-Fi|Thriller
3266,3698,"Running Man, The (1987)",Action|Sci-Fi
3267,3699,Starman (1984),Adventure|Drama|Romance|Sci-Fi
3268,3700,"Brother from Another Planet, The (1984)",Drama|Sci-Fi
3269,3701,Alien Nation (1988),Crime|Drama|Sci-Fi|Thriller
3270,3702,Mad Max (1979),Action|Adventure|Sci-Fi
3271,3703,"Road Warrior, The (Mad Max 2) (1981)",Action|Adventure|Sci-Fi
3272,3704,Mad Max Beyond Thunderdome (1985),Action|Adventure|Sci-Fi
3273,3705,Bird on a Wire (1990),Action|Comedy|Romance
3274,3706,Angel Heart (1987),Film-Noir|Horror|Mystery|Thriller
3275,3707,9 1/2 Weeks (Nine 1/2 Weeks) (1986),Drama|Romance
3276,3708,Firestarter (1984),Horror|Thriller
3277,3709,Sleepwalkers (1992),Horror
3278,3710,Action Jackson (1988),Action|Comedy|Crime|Thriller
3279,3711,Sarafina! (1992),Drama
3280,3712,Soapdish (1991),Comedy
3281,3713,"Long Walk Home, The (1990)",Drama
3282,3714,Clara's Heart (1988),Drama
3283,3715,Burglar (1987),Comedy|Crime
3284,3716,Fatal Beauty (1987),Action|Comedy|Crime|Drama
3285,3717,Gone in 60 Seconds (2000),Action|Crime
3286,3718,American Pimp (1999),Documentary
3287,3719,Love's Labour's Lost (2000),Comedy|Romance
3288,3720,Sunshine (1999),Drama
3289,3721,Trixie (2000),Comedy|Crime|Mystery
3290,3722,American Virgin (2000),Comedy
3291,3723,Hamlet (1990),Drama
3292,3724,Coming Home (1978),Drama|War
3293,3725,American Pop (1981),Animation|Musical
3294,3726,Assault on Precinct 13 (1976),Action|Thriller
3295,3727,Near Dark (1987),Horror|Western
3296,3728,One False Move (1992),Crime|Drama|Film-Noir|Thriller
3297,3729,Shaft (1971),Action|Crime|Drama|Thriller
3298,3730,"Conversation, The (1974)",Drama|Mystery
3299,3731,Cutter's Way (1981),Drama|Thriller
3300,3732,"Fury, The (1978)",Horror
3301,3733,"Paper Chase, The (1973)",Drama
3302,3734,Prince of the City (1981),Drama
3303,3735,Serpico (1973),Crime|Drama
3304,3736,"Ace in the Hole (Big Carnival, The) (1951)",Drama
3305,3737,Lonely Are the Brave (1962),Drama|Western
3306,3738,"Sugarland Express, The (1974)",Drama
3307,3739,Trouble in Paradise (1932),Comedy|Romance
3308,3740,Big Trouble in Little China (1986),Action|Adventure|Comedy|Fantasy
3309,3741,Badlands (1973),Crime|Drama|Thriller
3310,3742,Battleship Potemkin (1925),Drama|War
3311,3743,Boys and Girls (2000),Comedy|Romance
3312,3744,Shaft (2000),Action|Crime|Thriller
3313,3745,Titan A.E. (2000),Action|Adventure|Animation|Children|Sci-Fi
3314,3746,Butterfly (La lengua de las mariposas) (1999),Drama
3315,3747,Jesus' Son (1999),Drama
3316,3749,"Time Regained (Temps retrouvé, Le) (1999)",Drama
3317,3751,Chicken Run (2000),Animation|Children|Comedy
3318,3752,"Me, Myself & Irene (2000)",Adventure|Comedy
3319,3753,"Patriot, The (2000)",Action|Drama|War
3320,3754,"Adventures of Rocky and Bullwinkle, The (2000)",Adventure|Animation|Children|Comedy|Fantasy
3321,3755,"Perfect Storm, The (2000)",Drama|Thriller
3322,3756,"Golden Bowl, The (2000)",Drama
3323,3757,Asylum (1972),Horror
3324,3758,Communion (1989),Drama|Sci-Fi|Thriller
3325,3759,Fun and Fancy Free (1947),Animation|Children|Musical
3326,3760,"Kentucky Fried Movie, The (1977)",Comedy
3327,3761,"Bound by Honor (a.k.a. Blood In, Blood Out) (1993)",Action|Crime|Drama|Thriller
3328,3763,F/X (1986),Action|Crime|Thriller
3329,3764,F/X2 (a.k.a. F/X 2 - The Deadly Art of Illusion) (1991),Action|Crime|Thriller
3330,3765,"Hot Spot, The (1990)",Crime|Drama|Romance
3331,3766,Missing in Action (1984),Action|War
3332,3767,Missing in Action 2: The Beginning (1985),Action|War
3333,3768,Braddock: Missing in Action III (1988),Action|War
3334,3769,Thunderbolt and Lightfoot (1974),Action
3335,3770,Dreamscape (1984),Horror|Sci-Fi|Thriller
3336,3771,The Golden Voyage of Sinbad (1973),Action|Adventure|Fantasy
3337,3773,House Party (1990),Comedy
3338,3774,House Party 2 (1991),Comedy|Drama|Romance
3339,3775,Make Mine Music (1946),Animation|Children|Musical
3340,3776,Melody Time (1948),Animation|Children|Musical
3341,3777,Nekromantik (1987),Comedy|Horror
3342,3780,Rocketship X-M (1950),Sci-Fi
3343,3781,Shaft in Africa (1973),Action|Crime
3344,3782,Shaft's Big Score! (1972),Action|Crime
3345,3783,Croupier (1998),Crime|Drama
3346,3784,"Kid, The (2000)",Comedy|Fantasy
3347,3785,Scary Movie (2000),Comedy|Horror
3348,3786,But I'm a Cheerleader (1999),Comedy
3349,3787,Shower (Xizao) (1999),Comedy
3350,3788,Blow-Up (Blowup) (1966),Drama|Mystery
3351,3789,"Pawnbroker, The (1964)",Drama
3352,3790,Groove (2000),Drama
3353,3791,Footloose (1984),Drama
3354,3792,Duel in the Sun (1946),Western
3355,3793,X-Men (2000),Action|Adventure|Sci-Fi
3356,3794,Chuck & Buck (2000),Comedy|Drama
3357,3795,"Five Senses, The (1999)",Drama
3358,3796,"Wisdom of Crocodiles, The (a.k.a. Immortality) (2000)",Romance|Thriller
3359,3797,"In Crowd, The (2000)",Thriller
3360,3798,What Lies Beneath (2000),Drama|Horror|Mystery
3361,3799,Pokémon the Movie 2000 (2000),Animation|Children
3362,3801,Anatomy of a Murder (1959),Drama|Mystery
3363,3802,Freejack (1992),Action|Sci-Fi
3364,3804,H.O.T.S. (1979),Comedy
3365,3805,Knightriders (1981),Action|Adventure|Drama
3366,3806,Mackenna's Gold (1969),Western
3367,3807,Sinbad and the Eye of the Tiger (1977),Adventure|Fantasy
3368,3808,"Two Women (Ciociara, La) (1960)",Drama|War
3369,3809,What About Bob? (1991),Comedy
3370,3810,White Sands (1992),Drama|Thriller
3371,3811,Breaker Morant (1980),Drama|War
3372,3812,Everything You Always Wanted to Know About Sex * But Were Afraid to Ask (1972),Comedy
3373,3813,Interiors (1978),Drama
3374,3814,Love and Death (1975),Comedy
3375,3816,"Official Story, The (La historia oficial) (1985)",Drama
3376,3817,"Other Side of Sunday, The (Søndagsengler) (1996)",Comedy|Drama
3377,3819,Tampopo (1985),Comedy
3378,3820,Thomas and the Magic Railroad (2000),Children
3379,3821,Nutty Professor II: The Klumps (2000),Comedy
3380,3822,"Girl on the Bridge, The (Fille sur le pont, La) (1999)",Drama|Romance
3381,3823,Wonderland (1999),Drama
3382,3824,Autumn in New York (2000),Drama|Romance
3383,3825,Coyote Ugly (2000),Comedy|Drama|Romance
3384,3826,Hollow Man (2000),Horror|Sci-Fi|Thriller
3385,3827,Space Cowboys (2000),Action|Adventure|Comedy|Sci-Fi
3386,3830,Psycho Beach Party (2000),Comedy|Horror|Thriller
3387,3831,Saving Grace (2000),Comedy
3388,3832,"Black Sabbath (Tre volti della paura, I) (1963)",Horror
3389,3833,"Brain That Wouldn't Die, The (1962)",Horror|Sci-Fi
3390,3834,Bronco Billy (1980),Adventure|Drama|Romance
3391,3835,"Crush, The (1993)",Thriller
3392,3836,Kelly's Heroes (1970),Action|Comedy|War
3393,3837,Phantasm II (1988),Action|Fantasy|Horror|Sci-Fi|Thriller
3394,3838,Phantasm III: Lord of the Dead (1994),Horror
3395,3839,Phantasm IV: Oblivion (1998),Horror
3396,3840,Pumpkinhead (1988),Horror
3397,3841,Air America (1990),Action|Comedy
3398,3843,Sleepaway Camp (1983),Horror
3399,3844,Steel Magnolias (1989),Drama
3400,3845,And God Created Woman (Et Dieu... créa la femme) (1956),Drama
3401,3846,Easy Money (1983),Comedy
3402,3847,"Ilsa, She Wolf of the SS (1974)",Horror
3403,3848,Silent Fall (1994),Drama|Thriller
3404,3849,"Spiral Staircase, The (1946)",Thriller
3405,3851,I'm the One That I Want (2000),Comedy
3406,3852,"Tao of Steve, The (2000)",Comedy
3407,3853,"Tic Code, The (1998)",Drama
3408,3854,Aimée & Jaguar (1999),Drama|Romance|War
3409,3855,"Affair of Love, An (Liaison pornographique, Une) (1999)",Drama|Romance
3410,3857,Bless the Child (2000),Thriller
3411,3858,Cecil B. DeMented (2000),Comedy
3412,3859,"Eyes of Tammy Faye, The (2000)",Documentary
3413,3860,"Opportunists, The (2000)",Comedy|Crime|Drama
3414,3861,"Replacements, The (2000)",Comedy
3415,3862,About Adam (2000),Comedy
3416,3863,"Cell, The (2000)",Drama|Horror|Thriller
3417,3864,Godzilla 2000 (Gojira ni-sen mireniamu) (1999),Action|Adventure|Sci-Fi
3418,3865,"Original Kings of Comedy, The (2000)",Comedy|Documentary
3419,3867,All the Rage (It's the Rage) (1999),Drama
3420,3868,"Naked Gun: From the Files of Police Squad!, The (1988)",Action|Comedy|Crime|Romance
3421,3869,"Naked Gun 2 1/2: The Smell of Fear, The (1991)",Comedy
3422,3870,Our Town (1940),Drama
3423,3871,Shane (1953),Drama|Western
3424,3872,"Suddenly, Last Summer (1959)",Drama
3425,3873,Cat Ballou (1965),Comedy|Western
3426,3874,"Couch in New York, A (1996)",Comedy|Drama|Romance
3427,3875,"Devil Rides Out, The (1968)",Horror
3428,3876,Jerry and Tom (1998),Comedy|Crime|Drama
3429,3877,Supergirl (1984),Action|Adventure|Fantasy
3430,3878,X: The Unknown (1956),Horror|Sci-Fi
3431,3879,"Art of War, The (2000)",Action|Thriller
3432,3880,"Ballad of Ramblin' Jack, The (2000)",Documentary
3433,3881,Phish: Bittersweet Motel (2000),Documentary
3434,3882,Bring It On (2000),Comedy
3435,3883,Catfish in Black Bean Sauce (2000),Comedy|Drama
3436,3884,"Crew, The (2000)",Comedy
3437,3885,Love & Sex (2000),Comedy|Drama|Romance
3438,3886,Steal This Movie! (2000),Drama
3439,3888,Skipped Parts (2000),Drama|Romance
3440,3889,Highlander: Endgame (Highlander IV) (2000),Action|Adventure|Fantasy
3441,3892,Anatomy (Anatomie) (2000),Horror
3442,3893,Nurse Betty (2000),Comedy|Crime|Drama|Romance|Thriller
3443,3894,Solas (1999),Drama
3444,3895,"Watcher, The (2000)",Crime|Thriller
3445,3896,"Way of the Gun, The (2000)",Crime|Thriller
3446,3897,Almost Famous (2000),Drama
3447,3898,Bait (2000),Action|Comedy
3448,3899,Circus (2000),Crime|Drama|Thriller
3449,3900,Crime and Punishment in Suburbia (2000),Comedy|Drama
3450,3901,Duets (2000),Comedy|Drama
3451,3902,Goya in Bordeaux (Goya en Burdeos) (1999),Drama
3452,3903,Urbania (2000),Drama
3453,3905,"Specials, The (2000)",Comedy
3454,3906,Under Suspicion (2000),Crime|Thriller
3455,3908,Urban Legends: Final Cut (2000),Horror
3456,3909,Woman on Top (2000),Comedy|Romance
3457,3910,Dancer in the Dark (2000),Drama|Musical
3458,3911,Best in Show (2000),Comedy
3459,3912,Beautiful (2000),Comedy|Drama
3460,3913,Barenaked in America (1999),Documentary
3461,3914,"Broken Hearts Club, The (2000)",Drama
3462,3915,Girlfight (2000),Drama
3463,3916,Remember the Titans (2000),Drama
3464,3917,Hellraiser (1987),Horror
3465,3918,Hellbound: Hellraiser II (1988),Horror
3466,3919,Hellraiser III: Hell on Earth (1992),Horror
3467,3920,"Faraway, So Close (In weiter Ferne, so nah!) (1993)",Drama|Fantasy|Mystery|Romance
3468,3921,Beach Party (1963),Comedy
3469,3922,Bikini Beach (1964),Comedy
3470,3923,Return of the Fly (1959),Horror|Sci-Fi
3471,3924,Pajama Party (1964),Comedy
3472,3925,Stranger Than Paradise (1984),Comedy|Drama
3473,3926,Voyage to the Bottom of the Sea (1961),Adventure|Sci-Fi
3474,3927,Fantastic Voyage (1966),Adventure|Sci-Fi
3475,3928,Abbott and Costello Meet Frankenstein (1948),Comedy|Horror
3476,3929,"Bank Dick, The (1940)",Comedy
3477,3930,"Creature from the Black Lagoon, The (1954)",Adventure|Horror|Sci-Fi
3478,3931,"Giant Gila Monster, The (1959)",Horror|Sci-Fi
3479,3932,"Invisible Man, The (1933)",Horror|Sci-Fi
3480,3933,"Killer Shrews, The (1959)",Horror|Sci-Fi
3481,3934,Kronos (1957),Sci-Fi
3482,3936,Phantom of the Opera (1943),Horror|Musical|Thriller
3483,3937,Runaway (1984),Sci-Fi|Thriller
3484,3938,"Slumber Party Massacre, The (1982)",Horror
3485,3939,Slumber Party Massacre II (1987),Horror
3486,3940,Slumber Party Massacre III (1990),Horror
3487,3941,Sorority House Massacre (1986),Horror
3488,3942,Sorority House Massacre II (1990),Horror
3489,3943,Bamboozled (2000),Comedy
3490,3944,Bootmen (2000),Comedy|Drama
3491,3945,Digimon: The Movie (2000),Adventure|Animation|Children
3492,3946,Get Carter (2000),Action|Drama|Thriller
3493,3947,Get Carter (1971),Action|Crime|Drama|Thriller
3494,3948,Meet the Parents (2000),Comedy
3495,3949,Requiem for a Dream (2000),Drama
3496,3950,Tigerland (2000),Drama
3497,3951,Two Family House (2000),Drama
3498,3952,"Contender, The (2000)",Drama|Thriller
3499,3953,Dr. T and the Women (2000),Comedy|Romance
3500,3955,"Ladies Man, The (2000)",Comedy
3501,3956,Lost Souls (2000),Drama|Horror|Thriller
3502,3957,Billy Jack (1971),Action|Drama
3503,3958,Billy Jack Goes to Washington (1977),Drama
3504,3959,"Time Machine, The (1960)",Action|Adventure|Sci-Fi
3505,3960,Haunted (1995),Drama|Thriller
3506,3961,Ghoulies (1985),Horror
3507,3962,Ghoulies II (1987),Comedy|Horror
3508,3963,"Unsinkable Molly Brown, The (1964)",Musical
3509,3964,"Adventures of Ichabod and Mr. Toad, The (1949)",Animation|Children
3510,3965,"Strange Love of Martha Ivers, The (1946)",Drama|Film-Noir
3511,3966,Detour (1945),Crime|Film-Noir
3512,3967,Billy Elliot (2000),Drama
3513,3968,Bedazzled (2000),Comedy
3514,3969,Pay It Forward (2000),Drama
3515,3970,"Beyond, The (E tu vivrai nel terrore - L'aldilà) (1981)",Horror
3516,3971,"Private Eyes, The (1981)",Comedy|Mystery
3517,3972,"Legend of Drunken Master, The (Jui kuen II) (1994)",Action|Comedy
3518,3973,Book of Shadows: Blair Witch 2 (2000),Crime|Horror|Mystery|Thriller
3519,3974,"Little Vampire, The (2000)",Adventure|Children
3520,3975,Lucky Numbers (2000),Comedy|Drama
3521,3976,Stardom (2000),Comedy|Drama
3522,3977,Charlie's Angels (2000),Action|Comedy
3523,3978,"Legend of Bagger Vance, The (2000)",Drama|Romance
3524,3979,Little Nicky (2000),Comedy
3525,3980,Men of Honor (2000),Drama
3526,3981,Red Planet (2000),Action|Sci-Fi|Thriller
3527,3982,What's Cooking? (2000),Drama
3528,3983,You Can Count on Me (2000),Drama|Romance
3529,3984,Diamonds Are Forever (1971),Action|Adventure|Thriller
3530,3985,"Eagle Has Landed, The (1976)",Drama|War
3531,3986,"6th Day, The (2000)",Action|Sci-Fi|Thriller
3532,3987,Bounce (2000),Drama|Romance
3533,3988,How the Grinch Stole Christmas (a.k.a. The Grinch) (2000),Children|Comedy|Fantasy
3534,3989,One Day in September (1999),Documentary
3535,3990,Rugrats in Paris: The Movie (2000),Animation|Children|Comedy
3536,3991,102 Dalmatians (2000),Children|Comedy
3537,3992,Malèna (2000),Drama|Romance|War
3538,3993,Quills (2000),Drama|Romance
3539,3994,Unbreakable (2000),Drama|Sci-Fi
3540,3996,"Crouching Tiger, Hidden Dragon (Wo hu cang long) (2000)",Action|Drama|Romance
3541,3997,Dungeons & Dragons (2000),Adventure|Fantasy
3542,3998,Proof of Life (2000),Drama
3543,3999,Vertical Limit (2000),Action|Adventure
3544,4000,"Bounty, The (1984)",Adventure|Drama
3545,4001,Code of Silence (1985),Action
3546,4002,"Planes, Trains & Automobiles (1987)",Comedy
3547,4003,She's Having a Baby (1988),Comedy
3548,4005,"Living Daylights, The (1987)",Action|Adventure|Thriller
3549,4006,Transformers: The Movie (1986),Adventure|Animation|Children|Sci-Fi
3550,4007,Wall Street (1987),Drama
3551,4008,Born on the Fourth of July (1989),Drama|War
3552,4009,Talk Radio (1988),Drama
3553,4010,Brewster's Millions (1985),Comedy
3554,4011,Snatch (2000),Comedy|Crime|Thriller
3555,4012,Punchline (1988),Comedy|Drama
3556,4014,Chocolat (2000),Drama|Romance
3557,4015,"Dude, Where's My Car? (2000)",Comedy|Sci-Fi
3558,4016,"Emperor's New Groove, The (2000)",Adventure|Animation|Children|Comedy|Fantasy
3559,4017,Pollock (2000),Drama
3560,4018,What Women Want (2000),Comedy|Romance
3561,4019,Finding Forrester (2000),Drama
3562,4020,"Gift, The (2000)",Thriller
3563,4021,Before Night Falls (2000),Drama
3564,4022,Cast Away (2000),Drama
3565,4023,"Family Man, The (2000)",Comedy|Drama|Romance
3566,4024,"House of Mirth, The (2000)",Romance
3567,4025,Miss Congeniality (2000),Comedy|Crime
3568,4026,Nowhere to Hide (Injeong sajeong bol geot eobtda) (1999),Action|Comedy|Crime|Thriller
3569,4027,"O Brother, Where Art Thou? (2000)",Adventure|Comedy|Crime
3570,4028,Songcatcher (2000),Drama
3571,4029,State and Main (2000),Comedy|Drama
3572,4030,Dracula 2000 (2000),Horror
3573,4031,All the Pretty Horses (2000),Drama|Romance|Western
3574,4032,"Everlasting Piece, An (2000)",Comedy
3575,4033,Thirteen Days (2000),Drama|Thriller|War
3576,4034,Traffic (2000),Crime|Drama|Thriller
3577,4035,"Claim, The (2000)",Romance|Western
3578,4036,Shadow of the Vampire (2000),Drama|Horror
3579,4037,House of Games (1987),Crime|Film-Noir|Mystery|Thriller
3580,4038,Kill Me Again (1989),Crime|Drama|Thriller
3581,4039,Annie (1982),Children|Musical
3582,4040,Don't Tell Mom the Babysitter's Dead (1991),Comedy
3583,4041,"Officer and a Gentleman, An (1982)",Drama|Romance
3584,4042,"Alamo, The (1960)",Action|Drama|War|Western
3585,4043,At Close Range (1986),Crime|Drama
3586,4044,Breaker! Breaker! (1977),Action|Adventure|Crime
3587,4045,Breakheart Pass (1975),Western
3588,4046,Friendly Persuasion (1956),Drama
3589,4047,Gettysburg (1993),Drama|War
3590,4048,Imaginary Crimes (1994),Drama
3591,4049,Rancho Deluxe (1975),Comedy|Western
3592,4051,Horrors of Spider Island (Ein Toter Hing im Netz) (1960),Horror|Sci-Fi
3593,4052,Antitrust (2001),Crime|Drama|Thriller
3594,4053,Double Take (2001),Action|Comedy
3595,4054,Save the Last Dance (2001),Drama|Romance
3596,4055,Panic (2000),Drama
3597,4056,"Pledge, The (2001)",Crime|Drama|Mystery|Thriller
3598,4060,Love Field (1992),Drama
3599,4061,"Man in the Moon, The (1991)",Drama|Romance
3600,4062,Mystic Pizza (1988),Comedy|Drama|Romance
3601,4063,Prelude to a Kiss (1992),Comedy|Drama|Romance
3602,4064,Coffy (1973),Action|Crime|Thriller
3603,4065,Foxy Brown (1974),Action|Crime|Drama
3604,4066,I'm Gonna Git You Sucka (1988),Action|Comedy
3605,4067,Untamed Heart (1993),Drama|Romance
3606,4068,Sugar & Spice (2001),Comedy
3607,4069,"Wedding Planner, The (2001)",Comedy|Romance
3608,4072,Faithless (Trolösa) (2000),Drama|Romance
3609,4073,"Invisible Circus, The (2001)",Drama|Romance
3610,4074,"Legend of Rita, The (Stille nach dem Schuß, Die) (1999)",Drama
3611,4077,"With a Friend Like Harry... (Harry, un ami qui vous veut du bien) (2000)",Drama|Thriller
3612,4078,Amazing Grace and Chuck (1987),Drama
3613,4079,Amazon Women on the Moon (1987),Comedy|Sci-Fi
3614,4080,Baby Boom (1987),Comedy
3615,4081,Back to the Beach (1987),Comedy
3616,4082,Barfly (1987),Comedy|Drama|Romance
3617,4083,Best Seller (1987),Thriller
3618,4084,Beverly Hills Cop II (1987),Action|Comedy|Crime|Thriller
3619,4085,Beverly Hills Cop (1984),Action|Comedy|Crime|Drama
3620,4086,"Big Easy, The (1987)",Action|Crime|Mystery|Romance|Thriller
3621,4087,Big Shots (1987),Adventure|Children|Comedy
3622,4089,Born in East L.A. (1987),Comedy
3623,4090,"Brave Little Toaster, The (1987)",Animation|Children
3624,4091,Can't Buy Me Love (1987),Comedy|Romance
3625,4092,Cherry 2000 (1987),Romance|Sci-Fi
3626,4093,Cop (1988),Thriller
3627,4094,Critical Condition (1987),Comedy
3628,4095,Cry Freedom (1987),Drama
3629,4097,Dead of Winter (1987),Horror|Thriller
3630,4098,"Dead, The (1987)",Drama
3631,4099,Death Before Dishonor (1987),Action|Drama
3632,4100,Disorderlies (1987),Comedy
3633,4102,Eddie Murphy Raw (1987),Comedy|Documentary
3634,4103,Empire of the Sun (1987),Action|Adventure|Drama|War
3635,4104,Ernest Goes to Camp (1987),Comedy
3636,4105,"Evil Dead, The (1981)",Fantasy|Horror|Thriller
3637,4106,Extreme Prejudice (1987),Action
3638,4108,Five Corners (1987),Drama
3639,4109,Flowers in the Attic (1987),Drama|Thriller
3640,4110,"Fourth Protocol, The (1987)",Thriller
3641,4111,Gardens of Stone (1987),Drama|War
3642,4113,"Glass Menagerie, The (1987)",Drama
3643,4115,Hiding Out (1987),Comedy
3644,4116,Hollywood Shuffle (1987),Comedy
3645,4117,Hope and Glory (1987),Drama
3646,4118,Hot Pursuit (1987),Comedy
3647,4119,Housekeeping (1987),Comedy|Drama
3648,4121,Innerspace (1987),Action|Adventure|Comedy|Sci-Fi
3649,4122,Ironweed (1987),Drama
3650,4123,Ishtar (1987),Comedy
3651,4124,Jaws: The Revenge (1987),Horror|Thriller
3652,4125,Leonard Part 6 (1987),Comedy|Sci-Fi
3653,4126,Less Than Zero (1987),Drama
3654,4127,"Like Father, Like Son (1987)",Comedy
3655,4128,"Lost Boys, The (1987)",Comedy|Horror|Thriller
3656,4129,Made in Heaven (1987),Fantasy|Romance
3657,4130,Maid to Order (1987),Comedy|Fantasy
3658,4131,Making Mr. Right (1987),Comedy|Romance|Sci-Fi
3659,4132,Mannequin (1987),Comedy|Romance
3660,4133,Masters of the Universe (1987),Action|Adventure|Fantasy|Sci-Fi
3661,4135,"Monster Squad, The (1987)",Adventure|Comedy|Horror
3662,4136,"Month in the Country, A (1987)",Drama
3663,4137,Morgan Stewart's Coming Home (1987),Comedy
3664,4138,My Demon Lover (1987),Comedy|Horror
3665,4139,No Man's Land (1987),Crime|Drama
3666,4140,North Shore (1987),Drama|Romance
3667,4141,Head Over Heels (2001),Comedy|Romance
3668,4142,Left Behind: The Movie (2000),Action|Adventure|Drama|Thriller
3669,4143,Valentine (2001),Horror|Mystery
3670,4144,In the Mood For Love (Fa yeung nin wa) (2000),Drama|Romance
3671,4146,"Million Dollar Hotel, The (2001)",Drama|Mystery|Romance
3672,4147,Nico and Dani (Krámpack) (2000),Comedy|Drama|Romance
3673,4148,Hannibal (2001),Horror|Thriller
3674,4149,Saving Silverman (Evil Woman) (2001),Comedy|Romance
3675,4151,"Taste of Others, The (Le goût des autres) (2000)",Comedy|Drama|Romance
3676,4152,Vatel (2000),Drama
3677,4153,Down to Earth (2001),Comedy|Fantasy|Romance
3678,4154,Recess: School's Out (2001),Animation|Children
3679,4155,Sweet November (2001),Drama|Romance
3680,4156,Company Man (2000),Comedy
3681,4157,"Price of Milk, The (2000)",Comedy|Drama|Fantasy|Romance
3682,4158,Monkeybone (2001),Animation|Comedy|Fantasy
3683,4159,3000 Miles to Graceland (2001),Action|Thriller
3684,4160,"Widow of St. Pierre, The (Veuve de Saint-Pierre, La) (2000)",Drama|Romance
3685,4161,"Mexican, The (2001)",Action|Comedy
3686,4162,See Spot Run (2001),Comedy
3687,4164,"Caveman's Valentine, The (2001)",Drama
3688,4165,"Me You Them (Eu, Tu, Eles) (2000)",Comedy|Drama|Romance
3689,4166,Series 7: The Contenders (2001),Action|Drama
3690,4167,15 Minutes (2001),Thriller
3691,4168,Get Over It (2001),Comedy|Romance
3692,4169,Blow Dry (a.k.a. Never Better) (2001),Comedy
3693,4173,When Brendan Met Trudy (2000),Comedy|Romance
3694,4174,Avalon (1990),Drama
3695,4175,Gray's Anatomy (1996),Comedy|Drama
3696,4176,Madadayo (a.k.a. Not Yet) (1993),Drama
3697,4177,"Mirror Crack'd, The (1980)",Crime|Mystery|Thriller
3698,4178,Of Mice and Men (1939),Drama
3699,4179,Pixote (1981),Drama
3700,4180,Reform School Girls (1986),Action|Drama
3701,4181,Tapeheads (1988),Comedy
3702,4182,Tuff Turf (1985),Drama
3703,4183,"Unbelievable Truth, The (1989)",Comedy|Drama
3704,4184,"Bishop's Wife, The (1947)",Comedy|Drama|Romance
3705,4185,Elvis: That's the Way It Is (1970),Documentary
3706,4186,"Fortune Cookie, The (1966)",Comedy|Drama|Romance
3707,4187,Lilies of the Field (1963),Drama
3708,4188,Hans Christian Andersen (1952),Children|Musical
3709,4189,"Greatest Story Ever Told, The (1965)",Drama
3710,4190,Elmer Gantry (1960),Drama
3711,4191,Alfie (1966),Comedy|Drama|Romance
3712,4192,Demetrius and the Gladiators (1954),Drama
3713,4193,"Fantasticks, The (1995)",Musical
3714,4194,I Know Where I'm Going! (1945),Drama|Romance|War
3715,4195,"Abominable Dr. Phibes, The (1971)",Horror|Mystery
3716,4196,"Die, Monster, Die! (1965)",Horror|Mystery|Sci-Fi
3717,4197,Real Life (1979),Comedy
3718,4198,Battle Beyond the Stars (1980),Sci-Fi
3719,4199,Death Warrant (1990),Action
3720,4200,Double Impact (1991),Action
3721,4201,"End, The (1978)",Comedy
3722,4203,Harley Davidson and the Marlboro Man (1991),Action|Crime|Drama
3723,4204,Losin' It (1983),Comedy
3724,4205,Mermaids (1990),Comedy|Drama|Romance
3725,4206,"Mighty Quinn, The (1989)",Crime|Mystery
3726,4207,Navy Seals (1990),Action|Adventure|War
3727,4208,Unmade Beds (1997),Documentary
3728,4209,Rated X (2000),Drama
3729,4210,Manhunter (1986),Action|Crime|Drama|Horror|Thriller
3730,4211,Reversal of Fortune (1990),Drama
3731,4212,Death on the Nile (1978),Crime|Mystery
3732,4213,Deepstar Six (1989),Horror|Sci-Fi|Thriller
3733,4214,Revenge of the Nerds (1984),Comedy
3734,4215,Revenge of the Nerds II: Nerds in Paradise (1987),Comedy
3735,4216,Longtime Companion (1990),Drama
3736,4217,4 Little Girls (1997),Documentary
3737,4218,River's Edge (1986),Crime|Drama
3738,4219,Girls Just Want to Have Fun (1985),Comedy
3739,4220,"Longest Yard, The (1974)",Comedy
3740,4221,Necessary Roughness (1991),Comedy
3741,4222,C.H.U.D. (1984),Horror
3742,4223,Enemy at the Gates (2001),Drama|War
3743,4224,Exit Wounds (2001),Action|Thriller
3744,4225,"Dish, The (2001)",Comedy
3745,4226,Memento (2000),Mystery|Thriller
3746,4227,"Brothers, The (2001)",Comedy|Drama
3747,4228,Heartbreakers (2001),Comedy|Crime|Romance
3748,4229,Say It Isn't So (2001),Comedy|Romance
3749,4231,Someone Like You (2001),Comedy|Romance
3750,4232,Spy Kids (2001),Action|Adventure|Children|Comedy
3751,4233,Tomcats (2001),Comedy
3752,4234,"Tailor of Panama, The (2001)",Drama|Thriller
3753,4235,Amores Perros (Love's a Bitch) (2000),Drama|Thriller
3754,4236,Keep the River on Your Right: A Modern Cannibal Tale (2000),Documentary
3755,4237,"Gleaners & I, The (Les glaneurs et la glaneuse) (2000)",Documentary
3756,4238,Along Came a Spider (2001),Action|Crime|Mystery|Thriller
3757,4239,Blow (2001),Crime|Drama
3758,4240,Just Visiting (2001),Comedy|Fantasy
3759,4241,Pokémon 3: The Movie (2001),Animation|Children
3760,4242,Beautiful Creatures (2000),Comedy|Crime|Drama|Thriller
3761,4243,Brigham City (2001),Crime|Drama|Mystery
3762,4244,"Day I Became a Woman, The (Roozi khe zan shodam) (2000)",Drama
3763,4245,Shadow Magic (2000),Drama|Romance
3764,4246,Bridget Jones's Diary (2001),Comedy|Drama|Romance
3765,4247,Joe Dirt (2001),Adventure|Comedy|Mystery|Romance
3766,4248,Josie and the Pussycats (2001),Comedy
3767,4249,Kingdom Come (2001),Comedy
3768,4250,"Body, The (2001)",Drama|Sci-Fi
3769,4251,Chopper (2000),Drama|Thriller
3770,4252,"Circle, The (Dayereh) (2000)",Drama
3771,4253,Lakeboat (2000),Comedy
3772,4254,Crocodile Dundee in Los Angeles (2001),Comedy|Drama
3773,4255,Freddy Got Fingered (2001),Comedy
3774,4256,"Center of the World, The (2001)",Drama
3775,4259,"Luzhin Defence, The (2000)",Drama|Romance
3776,4261,Lilies (1996),Drama|Fantasy|Romance
3777,4262,Scarface (1983),Action|Crime|Drama
3778,4263,Days of Wine and Roses (1962),Drama
3779,4265,Driven (2001),Action|Thriller
3780,4266,"Forsaken, The (2001)",Horror
3781,4267,One Night at McCool's (2001),Comedy
3782,4268,Town & Country (2001),Comedy
3783,4270,"Mummy Returns, The (2001)",Action|Adventure|Comedy|Thriller
3784,4271,Eureka (Yurîka) (2000),Drama
3785,4272,Tuvalu (1999),Comedy
3786,4273,Under the Sand (2000),Drama
3787,4274,Cleopatra (1963),Drama|Romance
3788,4275,Krull (1983),Action|Adventure|Fantasy|Sci-Fi
3789,4276,Lost in America (1985),Comedy
3790,4277,"Lost World, The (1925)",Adventure|Sci-Fi
3791,4278,Triumph of the Will (Triumph des Willens) (1934),Documentary
3792,4279,True Believer (1989),Crime
3793,4280,"World According to Garp, The (1982)",Comedy|Drama|Romance
3794,4281,Candy (1968),Comedy
3795,4282,Satyricon (1969),Drama
3796,4283,Fellini's Roma (Roma) (1972),Drama
3797,4284,Frankie and Johnny (1966),Comedy
3798,4285,Frankie and Johnny (1991),Comedy|Romance
3799,4286,"Home of Our Own, A (1993)",Drama
3800,4287,Paris When It Sizzles (1964),Comedy|Romance
3801,4288,Pola X (1999),Drama|Romance
3802,4289,"City of Women, The (Città delle donne, La) (1980)",Comedy|Drama
3803,4290,For the Boys (1991),Comedy|Drama|Musical
3804,4291,Nine to Five (a.k.a. 9 to 5) (1980),Comedy|Crime
3805,4292,Norma Rae (1979),Drama
3806,4293,Summer Rental (1985),Comedy
3807,4294,"5,000 Fingers of Dr. T, The (1953)",Children|Fantasy|Musical
3808,4296,Love Story (1970),Drama|Romance
3809,4297,Pelle the Conqueror (Pelle erobreren) (1987),Drama
3810,4298,Rififi (Du rififi chez les hommes) (1955),Crime|Film-Noir|Thriller
3811,4299,"Knight's Tale, A (2001)",Action|Comedy|Romance
3812,4300,Bread and Roses (2000),Drama
3813,4301,Calle 54 (2000),Documentary|Musical
3814,4302,"King Is Alive, The (2000)",Drama
3815,4303,Sordid Lives (2000),Comedy
3816,4304,Startup.com (2001),Documentary
3817,4305,Angel Eyes (2001),Romance|Thriller
3818,4306,Shrek (2001),Adventure|Animation|Children|Comedy|Fantasy|Romance
3819,4307,"Fast Food, Fast Women (2000)",Comedy|Romance
3820,4308,Moulin Rouge (2001),Drama|Musical|Romance
3821,4310,Pearl Harbor (2001),Action|Drama|Romance|War
3822,4312,Himalaya (Himalaya - l'enfance d'un chef) (1999),Adventure|Drama
3823,4313,"Man Who Cried, The (2000)",Drama
3824,4314,Our Song (2000),Drama
3825,4316,Ice Castles (1978),Drama
3826,4317,Love Potion #9 (1992),Comedy|Romance
3827,4318,Postcards From the Edge (1990),Comedy|Drama
3828,4319,Apache (1954),Western
3829,4320,"Buffalo Bill and the Indians, or Sitting Bull's History Lesson (a.k.a. Buffalo Bill and the Indians) (1976)",Comedy|Western
3830,4321,City Slickers (1991),Comedy|Western
3831,4322,Eight Men Out (1988),Drama
3832,4323,"Horse Soldiers, The (1959)",Adventure|War|Western
3833,4324,"Kentuckian, The (1955)",Drama|Western
3834,4325,"Night, The (Notte, La) (1960)",Drama
3835,4326,Mississippi Burning (1988),Crime|Drama|Thriller
3836,4327,"Magnificent Seven, The (1960)",Adventure|Western
3837,4328,"Return of the Magnificent Seven, The (a.k.a. Return of the Seven) (1966)",Western
3838,4329,Rio Bravo (1959),Western
3839,4330,"Scarlet Empress, The (1934)",Drama
3840,4331,Semi-Tough (1978),Comedy
3841,4332,Suspect (1987),Crime|Drama|Thriller
3842,4333,Throw Momma from the Train (1987),Comedy|Crime
3843,4334,Yi Yi (2000),Drama
3844,4335,Midnight Madness (1980),Comedy
3845,4336,Nightwatch (Nattevagten) (1994),Horror|Thriller
3846,4337,"Sand Pebbles, The (1966)",Drama|Romance|War
3847,4338,Twelve O'Clock High (1949),Drama|War
3848,4339,Von Ryan's Express (1965),Action|Adventure|Drama|War
3849,4340,"Animal, The (2001)",Comedy
3850,4341,What's the Worst That Could Happen? (2001),Comedy
3851,4342,Big Eden (2000),Drama|Romance
3852,4343,Evolution (2001),Comedy|Sci-Fi
3853,4344,Swordfish (2001),Action|Crime|Drama
3854,4345,"Anniversary Party, The (2001)",Drama
3855,4347,Divided We Fall (Musíme si pomáhat) (2000),Comedy|Drama
3856,4349,Catch-22 (1970),Comedy|War
3857,4350,Forgotten Silver (1996),Comedy|Documentary
3858,4351,Point Break (1991),Action|Crime|Thriller
3859,4352,Shag (1989),Comedy|Drama
3860,4353,Uncommon Valor (1983),Action|War
3861,4354,Unlawful Entry (1992),Crime|Thriller
3862,4355,Youngblood (1986),Action|Drama
3863,4356,Gentlemen Prefer Blondes (1953),Comedy|Musical|Romance
3864,4357,How to Marry a Millionaire (1953),Comedy|Drama|Romance
3865,4359,"Seven Year Itch, The (1955)",Comedy
3866,4360,There's No Business Like Show Business (1954),Musical
3867,4361,Tootsie (1982),Comedy|Romance
3868,4363,Too Late the Hero (1970),Action|War
3869,4366,Atlantis: The Lost Empire (2001),Adventure|Animation|Children|Fantasy
3870,4367,Lara Croft: Tomb Raider (2001),Action|Adventure
3871,4368,Dr. Dolittle 2 (2001),Comedy
3872,4369,"Fast and the Furious, The (2001)",Action|Crime|Thriller
3873,4370,A.I. Artificial Intelligence (2001),Adventure|Drama|Sci-Fi
3874,4371,Baby Boy (2001),Crime|Drama
3875,4372,Crazy/Beautiful (2001),Drama|Romance
3876,4373,Pootie Tang (2001),Comedy
3877,4375,"Adventures of Felix, The (a.k.a. Funny Felix) (Drôle de Félix) (2000)",Comedy|Drama
3878,4376,Down From the Mountain (2000),Documentary
3879,4378,Sexy Beast (2000),Comedy|Crime|Drama
3880,4380,"Princess and the Warrior, The (Krieger und die Kaiserin, Der) (2000)",Drama|Romance
3881,4381,"Closet, The (Placard, Le) (2001)",Comedy
3882,4383,"Crimson Rivers, The (Rivières pourpres, Les) (2000)",Crime|Drama|Mystery|Thriller
3883,4384,Lumumba (2000),Drama
3884,4386,Cats & Dogs (2001),Children|Comedy
3885,4387,Kiss of the Dragon (2001),Action
3886,4388,Scary Movie 2 (2001),Comedy
3887,4389,Lost and Delirious (2001),Drama
3888,4390,Rape Me (Baise-moi) (2000),Crime|Drama|Thriller
3889,4391,"Vertical Ray of the Sun, The (Mua he chieu thang dung) (2000)",Drama
3890,4392,Alice (1990),Comedy|Drama|Fantasy|Romance
3891,4393,Another Woman (1988),Drama
3892,4394,Beach Blanket Bingo (1965),Comedy|Musical
3893,4395,Big Deal on Madonna Street (I Soliti Ignoti) (1958),Comedy|Crime
3894,4396,"Cannonball Run, The (1981)",Action|Comedy
3895,4397,Cannonball Run II (1984),Action|Comedy
3896,4398,Speed Zone! (a.k.a. Cannonball Run III) (1989),Action|Comedy
3897,4399,"Diary of a Chambermaid (Journal d'une femme de chambre, Le) (1964)",Comedy|Drama
3898,4400,Donovan's Brain (1953),Sci-Fi
3899,4401,Donovan's Reef (1963),Action|Comedy|Romance
3900,4402,Dr. Goldfoot and the Bikini Machine (1965),Comedy
3901,4403,"Fall of the House of Usher, The (House of Usher) (1960)",Horror
3902,4404,Faust (1926),Drama|Fantasy|Horror
3903,4405,"Last Laugh, The (Letzte Mann, Der) (1924)",Drama
3904,4406,"Man Who Shot Liberty Valance, The (1962)",Crime|Drama|Western
3905,4407,Salvador (1986),Drama|Thriller|War
3906,4408,September (1987),Drama
3907,4409,Shadows and Fog (1991),Comedy|Drama|Mystery|Thriller
3908,4410,Something Wild (1986),Comedy|Crime|Drama
3909,4411,Sons of Katie Elder (1965),Western
3910,4412,"Thing with Two Heads, The (1972)",Comedy|Horror|Sci-Fi
3911,4414,X: The Man with the X-Ray Eyes (1963),Sci-Fi|Thriller
3912,4415,Cheech & Chong's Nice Dreams (1981),Comedy
3913,4416,"Day the Earth Caught Fire, The (1961)",Sci-Fi
3914,4417,"House by the Cemetery, The (Quella villa accanto al cimitero) (1981)",Horror
3915,4418,Things Are Tough All Over (1982),Comedy
3916,4419,All That Heaven Allows (1955),Drama|Romance
3917,4420,"Barefoot Contessa, The (1954)",Drama
3918,4422,Cries and Whispers (Viskningar och rop) (1972),Drama
3919,4423,"Entertainer, The (1960)",Drama
3920,4424,"Garden of the Finzi-Continis, The (Giardino dei Finzi-Contini, Il) (1970)",Drama
3921,4425,Howling III: The Marsupials (1987),Comedy|Horror
3922,4426,Kiss Me Deadly (1955),Film-Noir
3923,4427,"Lion in Winter, The (1968)",Drama
3924,4428,"Misfits, The (1961)",Comedy|Drama|Romance|Western
3925,4429,Moby Dick (1956),Drama
3926,4430,Popcorn (1991),Horror
3927,4432,Sweet Smell of Success (1957),Drama|Film-Noir
3928,4433,Written on the Wind (1956),Drama
3929,4434,"10th Victim, The (La decima vittima) (1965)",Action|Comedy|Sci-Fi|Thriller
3930,4436,Obsession (1976),Mystery|Thriller
3931,4437,Suspiria (1977),Horror
3932,4438,"Fist of Fury (Chinese Connection, The) (Jing wu men) (1972)",Action|Drama|Romance|Thriller
3933,4439,Christiane F. (a.k.a. We Children from Bahnhof Zoo) (Christiane F. - Wir Kinder vom Bahnhof Zoo) (1981),Drama
3934,4440,"Big Boss, The (Fists of Fury) (Tang shan da xiong) (1971)",Action|Thriller
3935,4441,Game of Death (1978),Action
3936,4442,"Last Dragon, The (1985)",Action|Comedy|Drama
3937,4443,Outland (1981),Action|Sci-Fi|Thriller
3938,4444,"Way of the Dragon, The (a.k.a. Return of the Dragon) (Meng long guo jiang) (1972)",Action|Crime
3939,4445,T-Rex: Back to the Cretaceous (1998),Adventure|Documentary|IMAX
3940,4446,Final Fantasy: The Spirits Within (2001),Adventure|Animation|Fantasy|Sci-Fi
3941,4447,Legally Blonde (2001),Comedy|Romance
3942,4448,"Score, The (2001)",Action|Drama
3943,4450,Bully (2001),Crime|Drama|Thriller
3944,4451,Jump Tomorrow (2001),Comedy|Drama|Romance
3945,4452,Made (2001),Comedy
3946,4453,Michael Jordan to the Max (2000),Documentary|IMAX
3947,4454,More (1998),Animation|Drama|Sci-Fi|IMAX
3948,4458,Africa: The Serengeti (1994),Documentary|IMAX
3949,4459,Alaska: Spirit of the Wild (1997),Documentary|IMAX
3950,4462,18 Again! (1988),Comedy|Fantasy
3951,4463,1969 (1988),Drama|War
3952,4464,"Accidental Tourist, The (1988)",Comedy|Drama|Romance
3953,4465,"Accused, The (1988)",Drama
3954,4466,Above the Law (1988),Action|Crime|Drama
3955,4467,"Adventures of Baron Munchausen, The (1988)",Adventure|Comedy|Fantasy
3956,4468,Apartment Zero (1988),Drama|Thriller
3957,4469,Appointment with Death (1988),Crime|Mystery
3958,4470,Ariel (1988),Drama
3959,4471,Arthur 2: On the Rocks (1988),Comedy|Romance
3960,4472,Bad Dreams (1988),Horror|Thriller
3961,4473,Bat*21 (1988),Drama|War
3962,4474,Beaches (1988),Comedy|Drama|Musical
3963,4475,"Beast of War, The (Beast, The) (1988)",Drama|War
3964,4476,Big Business (1988),Comedy
3965,4477,Big Top Pee-Wee (1988),Adventure|Children|Comedy
3966,4478,Biloxi Blues (1988),Comedy|Drama
3967,4479,Bird (1988),Drama|Musical
3968,4480,"Blob, The (1988)",Horror|Sci-Fi
3969,4481,"Boost, The (1988)",Drama
3970,4482,"Bright Lights, Big City (1988)",Drama
3971,4483,Caddyshack II (1988),Comedy
3972,4484,Camille Claudel (1988),Drama
3973,4485,Casual Sex? (1988),Comedy
3974,4486,Clean and Sober (1988),Drama
3975,4487,Cocktail (1988),Drama|Romance
3976,4488,Colors (1988),Action|Crime|Drama
3977,4489,Coming to America (1988),Comedy|Romance
3978,4490,"Couch Trip, The (1988)",Comedy
3979,4491,Criminal Law (1988),Thriller
3980,4492,Critters (1986),Comedy|Sci-Fi
3981,4493,Critters 2: The Main Course (1988),Comedy|Horror|Sci-Fi
3982,4494,Critters 3 (1991),Comedy|Sci-Fi
3983,4495,Crossing Delancey (1988),Comedy|Romance
3984,4496,D.O.A. (1988),Film-Noir|Mystery|Thriller
3985,4497,Dead Heat (1988),Action|Comedy|Horror|Sci-Fi
3986,4498,"Dead Pool, The (1988)",Action|Crime|Thriller
3987,4499,Dirty Rotten Scoundrels (1988),Comedy
3988,4500,Drowning by Numbers (1988),Comedy|Drama
3989,4501,"Elvira, Mistress of the Dark (1988)",Comedy|Horror
3990,4502,Ernest Saves Christmas (1988),Children|Comedy
3991,4503,Everybody's All-American (1988),Romance
3992,4504,Feds (1988),Comedy
3993,4505,For Keeps (1988),Drama|Romance
3994,4506,Frantic (1988),Crime|Mystery|Thriller
3995,4508,Gorillas in the Mist (1988),Drama
3996,4509,"Great Outdoors, The (1988)",Comedy
3997,4510,Heartbreak Hotel (1988),Comedy
3998,4511,High Spirits (1988),Comedy
3999,4512,Hot to Trot (1988),Comedy
4000,4513,"House on Carroll Street, The (1988)",Thriller
4001,4514,Howling IV: The Original Nightmare (1988),Horror
4002,4515,Imagine: John Lennon (1988),Documentary
4003,4516,Johnny Be Good (1988),Comedy
4004,4517,Lady in White (a.k.a. The Mystery of the Lady in White) (1988),Horror|Mystery|Thriller
4005,4518,"Lair of the White Worm, The (1988)",Horror
4006,4519,"Land Before Time, The (1988)",Adventure|Animation|Children|Fantasy
4007,4520,License to Drive (1988),Comedy
4008,4521,Little Nikita (1988),Drama
4009,4522,Masquerade (1988),Mystery|Romance|Thriller
4010,4523,Milagro Beanfield War (1988),Comedy|Drama|Fantasy
4011,4524,Moon Over Parador (1988),Comedy
4012,4525,Moving (1988),Comedy
4013,4526,My Stepmother Is an Alien (1988),Comedy|Romance|Sci-Fi
4014,4527,"Night in the Life of Jimmy Reardon, A (1988)",Comedy|Romance
4015,4528,Off Limits (1988),Action|Thriller|War
4016,4529,Bagdad Cafe (Out of Rosenheim) (1987),Comedy|Drama
4017,4530,Permanent Record (1988),Drama
4018,4531,Red Heat (1988),Action
4019,4532,Return of the Living Dead Part II (1988),Comedy|Horror
4020,4533,"Return of the Living Dead, The (1985)",Comedy|Horror|Sci-Fi
4021,4534,Return to Snowy River (a.k.a. The Man From Snowy River II) (1988),Adventure|Drama|Western
4022,4535,"Man from Snowy River, The (1982)",Drama|Romance|Western
4023,4536,Rocket Gibraltar (1988),Drama
4024,4537,Running on Empty (1988),Drama
4025,4538,Salome's Last Dance (1988),Comedy|Drama
4026,4540,Satisfaction (a.k.a. Girls of Summer) (1988),Comedy|Drama|Romance
4027,4541,"Serpent and the Rainbow, The (1988)",Horror
4028,4543,Shoot to Kill (1988),Action|Adventure
4029,4544,Short Circuit 2 (1988),Comedy|Sci-Fi
4030,4545,Short Circuit (1986),Comedy|Sci-Fi
4031,4546,"Vanishing, The (Spoorloos) (1988)",Drama|Thriller
4032,4547,Stormy Monday (1988),Crime|Drama
4033,4548,Sunset (1988),Action|Comedy|Thriller|Western
4034,4550,Switching Channels (1988),Comedy
4035,4552,"Tetsuo, the Ironman (Tetsuo) (1988)",Action|Horror|Sci-Fi|Thriller
4036,4553,They Live (1988),Action|Sci-Fi|Thriller
4037,4555,Torch Song Trilogy (1988),Comedy|Drama|Romance
4038,4556,Track 29 (1988),Drama|Mystery
4039,4557,Tucker: The Man and His Dream (1988),Drama
4040,4558,Twins (1988),Comedy
4041,4559,Vice Versa (1988),Comedy
4042,4560,Watchers (1988),Horror|Sci-Fi
4043,4561,Waxwork (1988),Comedy|Horror
4044,4562,Without a Clue (1988),Comedy|Mystery
4045,4563,Young Einstein (1988),Comedy
4046,4564,Always (1989),Drama|Fantasy|Romance
4047,4565,American Ninja (1985),Action|Adventure
4048,4566,American Ninja 2: The Confrontation (1987),Action|Adventure
4049,4567,American Ninja 3: Blood Hunt (1989),Action|Adventure
4050,4568,Best of the Best (1989),Action
4051,4569,Best of the Best 2 (1993),Action
4052,4570,"Big Picture, The (1989)",Comedy|Drama
4053,4571,Bill & Ted's Excellent Adventure (1989),Adventure|Comedy|Sci-Fi
4054,4572,Black Rain (1989),Action|Crime|Drama
4055,4573,Blaze (1989),Comedy|Drama
4056,4574,Blind Fury (1989),Action|Thriller
4057,4575,Breaking In (1989),Adventure|Comedy
4058,4576,C.H.U.D. II - Bud the Chud (1989),Comedy|Horror
4059,4577,Casualties of War (1989),Drama|War
4060,4578,Chances Are (1989),Comedy|Romance
4061,4579,Cookie (1989),Comedy|Crime
4062,4580,Cyborg (1989),Action|Sci-Fi
4063,4581,Dad (1989),Drama
4064,4582,Dead Bang (1989),Thriller
4065,4583,Disorganized Crime (1989),Action|Comedy
4066,4584,Dream a Little Dream (1989),Comedy|Drama|Romance
4067,4585,"Dream Team, The (1989)",Comedy
4068,4586,"Dry White Season, A (1989)",Drama|Thriller
4069,4587,Earth Girls Are Easy (1988),Comedy|Musical|Sci-Fi
4070,4588,Eddie and the Cruisers II: Eddie Lives! (1989),Drama|Musical
4071,4589,Eddie and the Cruisers (1983),Drama|Musical|Mystery
4072,4590,Enemies: A Love Story (1989),Drama
4073,4591,Erik the Viking (1989),Adventure|Comedy|Fantasy
4074,4592,"Experts, The (1989)",Comedy
4075,4593,Family Business (1989),Comedy
4076,4594,Farewell to the King (1989),Action|War
4077,4595,Fat Man and Little Boy (1989),Drama
4078,4597,Gleaming the Cube (1989),Action|Drama|Mystery
4079,4598,Going Overboard (1989),Comedy
4080,4599,Great Balls of Fire! (1989),Drama
4081,4600,Gross Anatomy (a.k.a. A Cut Above) (1989),Comedy|Drama
4082,4601,Happy Together (1989),Drama|Romance
4083,4602,Harlem Nights (1989),Comedy|Crime|Romance
4084,4603,Her Alibi (1989),Comedy|Romance
4085,4605,How to Get Ahead in Advertising (1989),Comedy|Fantasy
4086,4606,Immediate Family (1989),Drama
4087,4607,In Country (1989),Drama
4088,4608,"Innocent Man, An (1989)",Crime|Drama
4089,4609,Jacknife (1989),Drama
4090,4610,"January Man, The (1989)",Comedy|Crime|Mystery|Thriller
4091,4611,Johnny Handsome (1989),Crime|Drama
4092,4612,Jesus of Montreal (Jésus de Montréal) (1989),Drama
4093,4613,K-9 (1989),Action|Comedy|Crime
4094,4614,Kickboxer (1989),Action
4095,4615,Last Exit to Brooklyn (1989),Drama
4096,4616,Lean on Me (1989),Drama
4097,4617,Let It Ride (1989),Comedy
4098,4618,Leviathan (1989),Horror|Sci-Fi|Thriller
4099,4619,Little Monsters (1989),Comedy
4100,4620,Lock Up (1989),Action|Adventure|Crime|Drama|Thriller
4101,4621,Look Who's Talking (1989),Comedy|Romance
4102,4622,Loverboy (1989),Comedy
4103,4623,Major League (1989),Comedy
4104,4624,Meet the Feebles (1989),Animation|Comedy|Musical
4105,4625,Millennium (1989),Drama|Sci-Fi|Thriller
4106,4626,Miracle Mile (1989),Drama|Romance|Sci-Fi
4107,4627,Miss Firecracker (1989),Comedy
4108,4628,New York Stories (1989),Comedy|Drama
4109,4629,Next of Kin (1989),Action|Crime|Thriller
4110,4630,No Holds Barred (1989),Action
4111,4631,Old Gringo (1989),Drama
4112,4632,"Package, The (1989)",Action|Thriller
4113,4633,Parents (1989),Comedy|Drama|Horror
4114,4634,Penn & Teller Get Killed (1989),Adventure|Comedy
4115,4635,Pink Cadillac (1989),Action|Comedy|Drama
4116,4636,"Punisher, The (1989)",Action
4117,4637,Red Scorpion (1989),Action
4118,4638,Jurassic Park III (2001),Action|Adventure|Sci-Fi|Thriller
4119,4639,America's Sweethearts (2001),Comedy|Romance
4120,4640,Brother (2000),Action|Crime|Thriller
4121,4641,Ghost World (2001),Comedy|Drama
4122,4642,Hedwig and the Angry Inch (2000),Comedy|Drama|Musical
4123,4643,Planet of the Apes (2001),Action|Adventure|Drama|Sci-Fi
4124,4644,Bread and Tulips (Pane e tulipani) (2000),Comedy|Drama|Romance
4125,4645,Cure (1997),Crime|Horror|Thriller
4126,4646,Greenfingers (2000),Comedy|Drama
4127,4649,Wet Hot American Summer (2001),Comedy
4128,4650,Relentless (1989),Thriller
4129,4651,Renegades (1989),Action
4130,4652,"Return of Swamp Thing, The (1989)",Comedy|Horror|Sci-Fi
4131,4653,"Return of the Musketeers, The (1989)",Adventure|Comedy
4132,4654,Road House (1989),Action|Drama
4133,4655,Romero (1989),Drama
4134,4657,Rude Awakening (1989),Comedy
4135,4658,Santa Sangre (1989),Drama|Horror|Mystery|Thriller
4136,4659,Scandal (1989),Drama
4137,4660,Scenes from the Class Struggle in Beverly Hills (1989),Comedy
4138,4661,Sea of Love (1989),Crime|Drama|Thriller
4139,4662,"See No Evil, Hear No Evil (1989)",Comedy|Crime
4140,4663,She's Out of Control (1989),Comedy
4141,4664,Shirley Valentine (1989),Comedy|Romance
4142,4665,Shocker (1989),Horror
4143,4666,Skin Deep (1989),Comedy
4144,4669,Stepfather II (1989),Horror|Thriller
4145,4670,"Stepfather, The (1987)",Horror|Thriller
4146,4671,Sweetie (1989),Drama
4147,4672,"Tall Guy, The (1989)",Comedy|Romance
4148,4673,Tango & Cash (1989),Action|Comedy|Crime|Thriller
4149,4674,Tap (1989),Drama
4150,4675,Three Fugitives (1989),Action|Comedy
4151,4676,Troop Beverly Hills (1989),Comedy
4152,4677,Turner & Hooch (1989),Comedy|Crime
4153,4678,UHF (1989),Comedy
4154,4679,Uncle Buck (1989),Comedy
4155,4680,Vampire's Kiss (1989),Comedy|Fantasy|Horror
4156,4681,"War of the Roses, The (1989)",Comedy|Drama
4157,4682,Warlock (1989),Action|Horror
4158,4683,"Wizard, The (1989)",Adventure|Children|Comedy|Drama
4159,4684,Worth Winning (1989),Comedy
4160,4685,Warlock: The Armageddon (1993),Horror
4161,4686,Weekend at Bernie's II (1993),Adventure|Comedy
4162,4687,Billy Liar (1963),Comedy
4163,4688,Black Robe (1991),Adventure|Drama
4164,4689,"Cat o' Nine Tails, The (Gatto a nove code, Il) (1971)",Mystery|Thriller
4165,4690,"Cotton Club, The (1984)",Crime|Musical
4166,4691,Def-Con 4 (1985),Action|Sci-Fi
4167,4692,"Hotel New Hampshire, The (1984)",Drama
4168,4694,Left Luggage (1998),Drama
4169,4695,Who'll Stop the Rain (1978),Crime|Drama
4170,4696,"Zorro, the Gay Blade (1981)",Comedy
4171,4697,Basket Case (1982),Comedy|Horror
4172,4698,Orphans (1997),Comedy|Drama
4173,4699,Original Sin (2001),Drama|Romance|Thriller
4174,4700,"Princess Diaries, The (2001)",Children|Comedy|Romance
4175,4701,Rush Hour 2 (2001),Action|Comedy
4176,4702,Thomas in Love (Thomas est Amoureux) (2000),Comedy|Drama
4177,4703,Chocolat (1988),Drama
4178,4704,Hatari! (1962),Adventure|Comedy
4179,4705,"Cage aux Folles, La (1978)",Comedy
4180,4706,"Cage aux Folles II, La (1980)",Comedy
4181,4707,Liebestraum (1991),Mystery|Thriller
4182,4708,Marat/Sade (1966),Drama|Musical
4183,4709,Paint Your Wagon (1969),Comedy|Musical|Western
4184,4710,"Shootist, The (1976)",Drama|Western
4185,4711,Theremin: An Electronic Odyssey (1993),Documentary
4186,4712,"Wild Child, The (Enfant sauvage, L') (1970)",Drama
4187,4713,Altered States (1980),Drama|Sci-Fi
4188,4714,Any Which Way You Can (1980),Comedy
4189,4715,"Awakening, The (1980)",Horror
4190,4716,Bad Timing: A Sensual Obsession (1980),Drama
4191,4717,"Battle Creek Brawl (Big Brawl, The) (1980)",Action|Comedy
4192,4718,American Pie 2 (2001),Comedy
4193,4719,Osmosis Jones (2001),Action|Animation|Comedy|Crime|Drama|Romance|Thriller
4194,4720,"Others, The (2001)",Drama|Horror|Mystery|Thriller
4195,4721,American Outlaws (2001),Action|Comedy|Western
4196,4722,All Over the Guy (2001),Comedy
4197,4723,"Deep End, The (2001)",Drama
4198,4725,Session 9 (2001),Horror|Thriller
4199,4727,Captain Corelli's Mandolin (2001),Drama|Romance|War
4200,4728,Rat Race (2001),Comedy
4201,4729,Aberdeen (2000),Drama
4202,4731,Innocence (2000),Drama
4203,4732,Bubble Boy (2001),Comedy
4204,4733,"Curse of the Jade Scorpion, The (2001)",Comedy
4205,4734,Jay and Silent Bob Strike Back (2001),Adventure|Comedy
4206,4735,Ghosts of Mars (2001),Horror|Sci-Fi|Thriller
4207,4736,Summer Catch (2001),Comedy|Romance
4208,4737,"American Rhapsody, An (2001)",Drama
4209,4738,Happy Accidents (2000),Romance|Sci-Fi
4210,4740,Maybe Baby (2000),Comedy|Romance
4211,4741,Together (Tillsammans) (2000),Comedy|Drama|Romance
4212,4743,Tortilla Soup (2001),Comedy|Romance
4213,4744,Jeepers Creepers (2001),Horror
4214,4745,O (2001),Drama
4215,4746,Waking Up in Reno (2002),Comedy|Romance
4216,4748,3 Ninjas (1992),Action|Children|Comedy
4217,4749,3 Ninjas Kick Back (1994),Action|Children|Comedy
4218,4750,3 Ninjas Knuckle Up (1995),Action|Children
4219,4751,"Hunter, The (1980)",Action|Thriller
4220,4752,Maniac (1980),Horror
4221,4753,Vamp (1986),Comedy|Horror
4222,4754,"Wicker Man, The (1973)",Drama|Horror|Mystery|Thriller
4223,4755,Wish Upon a Star (1996),Comedy
4224,4756,"Musketeer, The (2001)",Action|Adventure|Drama|Romance
4225,4757,Rock Star (2001),Comedy|Drama|Musical
4226,4758,Soul Survivors (a.k.a. The Killer Cut) (2001),Horror|Thriller
4227,4759,Two Can Play That Game (2001),Comedy|Drama
4228,4761,Diamond Men (2001),Drama
4229,4763,"Iron Ladies, The (Satree lek) (2000)",Comedy
4230,4764,Kill Me Later (2001),Romance|Thriller
4231,4765,L.I.E. (2001),Drama
4232,4766,"Our Lady of the Assassins (Virgen de los sicarios, La) (2000)",Crime|Drama|Romance
4233,4767,Abbott and Costello Meet the Mummy (1955),Comedy|Horror
4234,4768,"Dr. Mabuse: The Gambler (Dr. Mabuse, der Spieler) (1922)",Crime|Mystery|Thriller
4235,4769,Into the Arms of Strangers: Stories of the Kindertransport (2000),Documentary
4236,4770,"Glass House, The (2001)",Thriller
4237,4771,Hardball (2001),Drama
4238,4772,Dinner Rush (2000),Drama
4239,4773,Haiku Tunnel (2001),Comedy
4240,4774,Big Trouble (2002),Comedy|Crime
4241,4775,Glitter (2001),Drama|Musical|Romance
4242,4776,Training Day (2001),Crime|Drama|Thriller
4243,4777,"American Astronaut, The (2001)",Comedy|Musical|Sci-Fi
4244,4778,Children Underground (2001),Documentary
4245,4779,Go Tigers! (2001),Documentary
4246,4780,Liam (2000),Drama
4247,4781,Megiddo: The Omega Code 2 (2001),Action|Adventure|Fantasy|Sci-Fi|Thriller
4248,4782,Sidewalks of New York (2001),Comedy|Romance
4249,4783,"Endurance: Shackleton's Legendary Antarctic Expedition, The (2000)",Documentary
4250,4784,"French Lieutenant's Woman, The (1981)",Drama
4251,4785,"Great Silence, The (Grande silenzio, Il) (1969)",Drama|Western
4252,4786,"Legend of Hell House, The (1973)",Horror|Thriller
4253,4787,Little Man Tate (1991),Drama
4254,4788,Moscow Does Not Believe in Tears (Moskva slezam ne verit) (1979),Drama|Romance
4255,4789,Phantom of the Paradise (1974),Comedy|Fantasy|Horror|Musical|Thriller
4256,4790,"Return of a Man Called Horse, The (1976)",Western
4257,4791,Valdez Is Coming (1971),Western
4258,4792,13 Ghosts (1960),Horror
4259,4793,Montenegro (1981),Comedy|Drama
4260,4794,Opera (1987),Crime|Horror|Mystery
4261,4795,Father Goose (1964),Adventure|Comedy|Romance|War
4262,4796,"Grass Is Greener, The (1960)",Comedy|Romance
4263,4797,"Hole in the Head, A (1959)",Comedy|Musical
4264,4798,Indiscreet (1958),Comedy|Romance
4265,4799,"It's a Mad, Mad, Mad, Mad World (1963)",Comedy
4266,4800,King Solomon's Mines (1937),Action|Adventure|Drama|Romance|Thriller
4267,4801,"Little Foxes, The (1941)",Drama
4268,4802,Operation Petticoat (1959),Action|Comedy|Romance|War
4269,4803,Play Misty for Me (1971),Drama|Thriller
4270,4804,Pocketful of Miracles (1961),Comedy|Drama
4271,4805,Sayonara (1957),Drama
4272,4806,"Shop on Main Street, The (Obchod na korze) (1965)",Drama
4273,4807,Spring Break (1983),Comedy
4274,4808,"Vanishing, The (1993)",Mystery|Thriller
4275,4809,Silkwood (1983),Drama
4276,4810,I Never Promised You a Rose Garden (1977),Drama
4277,4811,Quadrophenia (1979),Drama|Musical
4278,4812,SpaceCamp (1986),Adventure|Sci-Fi
4279,4813,When Worlds Collide (1951),Sci-Fi
4280,4814,Don't Say a Word (2001),Thriller
4281,4815,Hearts in Atlantis (2001),Drama
4282,4816,Zoolander (2001),Comedy
4283,4817,Born Romantic (2000),Comedy|Drama|Romance
4284,4819,Go Figure (Va savoir) (2001),Comedy|Drama|Romance
4285,4821,Joy Ride (2001),Adventure|Thriller
4286,4822,Max Keeble's Big Move (2001),Children|Comedy
4287,4823,Serendipity (2001),Comedy|Romance
4288,4824,Grateful Dawg (2000),Documentary
4289,4826,"Big Red One, The (1980)",Action|Adventure|Drama|War
4290,4827,"Boogeyman, The (1980)",Horror
4291,4828,"Party, The (Boum, La) (1980)",Comedy|Romance
4292,4829,Lady in a Cage (1964),Drama|Thriller
4293,4830,Brubaker (1980),Crime|Drama
4294,4831,Can't Stop the Music (1980),Comedy|Musical
4295,4832,Carny (1980),Drama
4296,4833,"Changeling, The (1980)",Horror|Mystery|Thriller
4297,4834,Cheech & Chong's Next Movie (1980),Comedy
4298,4835,Coal Miner's Daughter (1980),Drama
4299,4836,"Competition, The (1980)",Drama|Romance
4300,4837,Cruising (1980),Crime|Drama|Thriller
4301,4838,D.O.A. (1980),Documentary
4302,4839,Death Ship (1980),Horror
4303,4840,"Last Metro, The (Dernier métro, Le) (1980)",Drama|Romance
4304,4841,Divine Madness! (1980),Comedy
4305,4842,"Dogs of War, The (1980)",Drama|War
4306,4844,Bandits (2001),Comedy|Crime|Romance
4307,4845,Corky Romano (2001),Comedy|Crime
4308,4846,Iron Monkey (Siu nin Wong Fei-hung ji: Tit Ma Lau) (1993),Action|Comedy
4309,4847,Fat Girl (À ma soeur!) (2001),Drama
4310,4848,Mulholland Drive (2001),Crime|Drama|Film-Noir|Mystery|Thriller
4311,4849,My First Mister (2001),Comedy|Drama
4312,4850,Spriggan (Supurigan) (1998),Action|Animation|Sci-Fi
4313,4852,Bones (2001),Horror
4314,4853,Brannigan (1975),Action
4315,4854,Clambake (1967),Musical
4316,4855,Dirty Harry (1971),Action|Crime|Thriller
4317,4856,Destiny in Space (1994),Documentary|IMAX
4318,4857,Fiddler on the Roof (1971),Drama|Musical
4319,4862,Not Without My Daughter (1991),Drama
4320,4863,Female Trouble (1975),Comedy|Crime
4321,4864,Titanica (1992),Documentary|IMAX
4322,4865,From Hell (2001),Crime|Horror|Mystery|Thriller
4323,4866,"Last Castle, The (2001)",Action
4324,4867,Riding in Cars with Boys (2001),Comedy|Drama
4325,4868,Bangkok Dangerous (2000),Action|Crime|Romance
4326,4869,Burnt Money (Plata Quemada) (2000),Action|Crime|Drama|Romance|Thriller
4327,4870,Dancing at the Blue Iguana (2000),Drama
4328,4871,Focus (2001),Drama
4329,4872,Intimacy (2000),Drama
4330,4873,Waking Life (2001),Animation|Drama|Fantasy
4331,4874,K-PAX (2001),Drama|Fantasy|Mystery|Sci-Fi
4332,4875,On the Line (2001),Comedy|Romance
4333,4876,Thirteen Ghosts (a.k.a. Thir13en Ghosts) (2001),Horror|Thriller
4334,4877,Better Than Sex (2000),Comedy|Romance
4335,4878,Donnie Darko (2001),Drama|Mystery|Sci-Fi|Thriller
4336,4879,High Heels and Low Lifes (2001),Action|Comedy|Crime|Drama
4337,4880,Life as a House (2001),Drama
4338,4881,"Man Who Wasn't There, The (2001)",Crime|Drama
4339,4884,Trembling Before G-d (2001),Documentary
4340,4885,Domestic Disturbance (2001),Thriller
4341,4886,"Monsters, Inc. (2001)",Adventure|Animation|Children|Comedy|Fantasy
4342,4887,"One, The (2001)",Action|Sci-Fi|Thriller
4343,4888,Tape (2001),Drama
4344,4889,Heist (2001),Crime|Drama
4345,4890,Shallow Hal (2001),Comedy|Fantasy|Romance
4346,4892,Maze (2000),Romance
4347,4893,When a Stranger Calls (1979),Horror|Thriller
4348,4894,Timerider: The Adventure of Lyle Swann (1982),Action|Adventure|Sci-Fi|Western
4349,4895,"Wash, The (2001)",Comedy
4350,4896,Harry Potter and the Sorcerer's Stone (a.k.a. Harry Potter and the Philosopher's Stone) (2001),Adventure|Children|Fantasy
4351,4897,"Fluffer, The (2001)",Drama|Romance
4352,4898,Novocaine (2001),Comedy|Crime|Mystery|Thriller
4353,4899,Black Knight (2001),Adventure|Comedy|Fantasy
4354,4900,Out Cold (2001),Comedy
4355,4901,Spy Game (2001),Action|Crime|Drama|Thriller
4356,4902,"Devil's Backbone, The (Espinazo del diablo, El) (2001)",Drama|Fantasy|Horror|Thriller|War
4357,4903,In the Bedroom (2001),Drama
4358,4907,Across 110th Street (1972),Crime
4359,4908,"Little Soldier, The (Petit soldat, Le) (1963)",Drama|War
4360,4909,"Incredible Shrinking Woman, The (1981)",Comedy|Sci-Fi
4361,4911,Jabberwocky (1977),Adventure|Comedy|Fantasy
4362,4912,Funny Girl (1968),Drama|Musical|Romance
4363,4914,Breathless (À bout de souffle) (1960),Crime|Drama|Romance
4364,4915,"Beastmaster, The (1982)",Action|Adventure|Fantasy
4365,4916,Midway (1976),Drama|War
4366,4917,MacArthur (1977),Drama
4367,4918,"Young Lions, The (1958)",Drama|War
4368,4919,Subway (1985),Crime|Drama|Romance|Thriller
4369,4920,"Now, Voyager (1942)",Drama|Romance
4370,4921,Little Women (1933),Drama|Romance
4371,4922,Halls of Montezuma (1950),Adventure|War
4372,4923,Guadalcanal Diary (1943),Action|War
4373,4925,"Cheap Detective, The (1978)",Comedy
4374,4926,Everybody's Famous! (Iedereen beroemd!) (2000),Comedy|Drama|Musical
4375,4927,"Last Wave, The (1977)",Fantasy|Mystery|Thriller
4376,4928,That Obscure Object of Desire (Cet obscur objet du désir) (1977),Drama
4377,4929,"Toy, The (1982)",Comedy
4378,4930,Funeral in Berlin (1966),Action|Drama|Thriller
4379,4932,Dressed to Kill (1980),Mystery|Thriller
4380,4934,"Exterminator, The (1980)",Action|Crime|Thriller|War
4381,4936,Fame (1980),Drama|Musical
4382,4937,Fatso (1980),Comedy
4383,4939,"Final Countdown, The (1980)",Action|Sci-Fi
4384,4941,Flash Gordon (1980),Action|Adventure|Sci-Fi
4385,4942,"Angry Red Planet, The (1959)",Sci-Fi
4386,4943,At the Earth's Core (1976),Adventure|Sci-Fi
4387,4944,Empire of the Ants (1977),Horror|Sci-Fi
4388,4945,"Enforcer, The (1976)",Crime
4389,4946,"Eye for an Eye, An (1981)",Action|Crime|Thriller
4390,4947,"Gauntlet, The (1977)",Action
4391,4949,Invasion U.S.A. (1985),Action|Thriller
4392,4950,Lone Wolf McQuade (1983),Action
4393,4951,Lord of the Flies (1990),Adventure|Drama|Thriller
4394,4952,Morons From Outer Space (1985),Comedy|Sci-Fi
4395,4953,"People That Time Forgot, The (1977)",Adventure|Sci-Fi
4396,4954,Ocean's Eleven (a.k.a. Ocean's 11) (1960),Comedy|Crime
4397,4955,"Sicilian, The (1987)",Crime|Drama
4398,4956,"Stunt Man, The (1980)",Action|Adventure|Comedy|Drama|Romance|Thriller
4399,4957,Sudden Impact (1983),Crime|Thriller
4400,4958,Behind Enemy Lines (2001),Action|Drama|War
4401,4959,"Affair of the Necklace, The (2001)",Drama
4402,4960,"Independent, The (2000)",Comedy
4403,4961,Pornstar: The Legend of Ron Jeremy (2001),Documentary
4404,4962,Texas Rangers (2001),Adventure|Western
4405,4963,Ocean's Eleven (2001),Crime|Thriller
4406,4964,Baran (2001),Adventure|Drama|Romance
4407,4965,"Business of Strangers, The (2001)",Action|Drama|Thriller
4408,4966,"Incredible Shrinking Man, The (1957)",Sci-Fi|Thriller
4409,4967,No Man's Land (2001),Drama|War
4410,4968,Piñero (2001),Drama
4411,4969,And Then There Were None (1945),Crime|Mystery
4412,4970,"Blue Angel, The (Blaue Engel, Der) (1930)",Drama
4413,4971,Moscow on the Hudson (1984),Comedy|Drama
4414,4972,"Owl and the Pussycat, The (1970)",Comedy
4415,4973,"Amelie (Fabuleux destin d'Amélie Poulain, Le) (2001)",Comedy|Romance
4416,4974,Not Another Teen Movie (2001),Comedy
4417,4975,Vanilla Sky (2001),Mystery|Romance|Sci-Fi|Thriller
4418,4976,Iris (2001),Drama
4419,4977,Kandahar (Safar e Ghandehar) (2001),Drama
4420,4978,Lantana (2001),Drama|Mystery|Thriller
4421,4979,"Royal Tenenbaums, The (2001)",Comedy|Drama
4422,4980,Bill & Ted's Bogus Journey (1991),Adventure|Comedy|Fantasy|Sci-Fi
4423,4981,Clockwise (1986),Comedy
4424,4982,"Crawling Eye, The (a.k.a. Trollenberg Terror, The) (1958)",Horror|Sci-Fi
4425,4983,"Holcroft Covenant, The (1985)",Drama|Thriller
4426,4984,Morgan! (1966),Comedy|Drama|Fantasy
4427,4985,Sheena (1984),Action|Adventure|Fantasy
4428,4986,Silent Rage (1982),Action|Sci-Fi
4429,4987,Spacehunter: Adventures in the Forbidden Zone (1983),Sci-Fi
4430,4988,White Water Summer (1987),Adventure
4431,4989,How High (2001),Comedy
4432,4990,Jimmy Neutron: Boy Genius (2001),Adventure|Animation|Children|Comedy
4433,4991,Joe Somebody (2001),Comedy|Drama|Romance
4434,4992,Kate & Leopold (2001),Comedy|Romance
4435,4993,"Lord of the Rings: The Fellowship of the Ring, The (2001)",Adventure|Fantasy
4436,4994,"Majestic, The (2001)",Comedy|Drama|Romance
4437,4995,"Beautiful Mind, A (2001)",Drama|Romance
4438,4996,Little Otik (Otesánek) (2000),Comedy|Drama|Fantasy
4439,4997,"Convent, The (2000)",Horror|Sci-Fi
4440,4998,"Defiant Ones, The (1958)",Adventure|Crime|Drama|Thriller
4441,4999,Dodsworth (1936),Drama|Romance
4442,5000,Medium Cool (1969),Drama|Romance
4443,5001,Sahara (1943),Action|Drama|War
4444,5002,Fritz the Cat (1972),Animation
4445,5003,"Nine Lives of Fritz the Cat, The (1974)",Animation
4446,5004,"Party, The (1968)",Comedy
4447,5005,Separate Tables (1958),Drama
4448,5006,Sex and Zen (Rou pu Tuan zhi tou Qing bao Jian) (1992),Action|Adventure|Comedy|Fantasy
4449,5007,Topkapi (1964),Adventure|Comedy|Thriller
4450,5008,Witness for the Prosecution (1957),Drama|Mystery|Thriller
4451,5009,Ali (2001),Drama
4452,5010,Black Hawk Down (2001),Action|Drama|War
4453,5011,Charlotte Gray (2001),Drama|Romance
4454,5012,Yentl (1983),Drama|Musical|Romance
4455,5013,Gosford Park (2001),Comedy|Drama|Mystery
4456,5014,I Am Sam (2001),Drama
4457,5015,Monster's Ball (2001),Drama|Romance
4458,5016,"Shipping News, The (2001)",Drama
4459,5017,"Big Heat, The (1953)",Drama|Film-Noir
4460,5021,Murder by Death (1976),Comedy|Crime|Mystery|Thriller
4461,5022,"Servant, The (1963)",Drama
4462,5023,"Waterdance, The (1992)",Drama
4463,5024,Come Undone (Presque Rien) (2000),Drama|Romance
4464,5025,Orange County (2002),Comedy
4465,5026,"Brotherhood of the Wolf (Pacte des loups, Le) (2001)",Action|Mystery|Thriller
4466,5027,Another 48 Hrs. (1990),Action|Comedy|Crime|Drama|Thriller
4467,5028,What Time Is It There? (Ni neibian jidian) (2001),Drama
4468,5029,China Moon (1994),Thriller
4469,5033,"Russia House, The (1990)",Drama|Thriller
4470,5034,"Truly, Madly, Deeply (1991)",Drama|Romance
4471,5035,Wuthering Heights (1970),Drama
4472,5036,California Suite (1978),Comedy
4473,5037,"Long Gray Line, The (1955)",Drama
4474,5038,"Flight of Dragons, The (1982)",Adventure|Animation|Children|Drama|Fantasy
4475,5039,Dragonslayer (1981),Action|Adventure|Fantasy
4476,5040,Conan the Destroyer (1984),Action|Adventure|Fantasy
4477,5041,Fire and Ice (1983),Animation|Fantasy
4478,5042,Forbidden Zone (1980),Musical|Sci-Fi
4479,5044,Foxes (1980),Drama
4480,5045,Galaxina (1980),Comedy|Sci-Fi
4481,5046,Impostor (2002),Action|Drama|Sci-Fi|Thriller
4482,5047,Kung Pow: Enter the Fist (2002),Action|Comedy
4483,5048,Snow Dogs (2002),Adventure|Children|Comedy
4484,5049,48 Hrs. (1982),Action|Comedy|Crime|Drama
4485,5051,Italian for Beginners (Italiensk for begyndere) (2000),Comedy|Drama|Romance
4486,5053,Blankman (1994),Comedy
4487,5054,Brainstorm (1983),Sci-Fi|Thriller
4488,5055,Dragon: The Bruce Lee Story (1993),Action|Drama
4489,5056,"Enigma of Kaspar Hauser, The (a.k.a. Mystery of Kaspar Hauser, The) (Jeder für sich und Gott Gegen Alle) (1974)",Crime|Drama
4490,5057,4 for Texas (1963),Comedy|Western
4491,5058,Heart of Glass (Herz aus Glas) (1976),Drama
4492,5059,Little Dieter Needs to Fly (1997),Documentary
4493,5060,M*A*S*H (a.k.a. MASH) (1970),Comedy|Drama|War
4494,5061,Mrs. Soffel (1984),Drama|Romance
4495,5062,Seconds (1966),Mystery|Sci-Fi|Thriller
4496,5063,One-Eyed Jacks (1961),Western
4497,5064,The Count of Monte Cristo (2002),Action|Adventure|Drama|Romance|Thriller
4498,5065,"Mothman Prophecies, The (2002)",Drama|Fantasy|Horror|Mystery|Thriller
4499,5066,"Walk to Remember, A (2002)",Drama|Romance
4500,5068,Beijing Bicycle (Shiqi sui de dan che) (2001),Drama
4501,5069,Escaflowne: The Movie (Escaflowne) (2000),Action|Adventure|Animation|Drama|Fantasy
4502,5071,Maelström (2000),Drama|Romance
4503,5072,Metropolis (2001),Animation|Sci-Fi
4504,5073,"Son's Room, The (Stanza del figlio, La) (2001)",Drama
4505,5074,Storytelling (2001),Comedy|Drama
4506,5075,Waydowntown (2000),Comedy
4507,5076,"Adventures of Huck Finn, The (1993)",Adventure|Children|Comedy|Drama
4508,5077,Cousins (1989),Comedy|Romance
4509,5078,Falling in Love (1984),Drama|Romance
4510,5079,Young at Heart (1954),Drama|Musical|Romance
4511,5080,Slackers (2002),Comedy
4512,5081,Birthday Girl (2001),Drama|Romance
4513,5083,Rare Birds (2001),Comedy|Drama
4514,5085,Carmen Jones (1954),Drama|Musical
4515,5086,"Five Heartbeats, The (1991)",Drama|Musical
4516,5087,Get Out Your Handkerchiefs (Préparez vos mouchoirs) (1978),Comedy|Drama|Romance
4517,5088,"Going Places (Valseuses, Les) (1974)",Comedy|Crime|Drama
4518,5090,"Hunchback of Notre Dame, The (Notre Dame de Paris) (1956)",Drama
4519,5092,Big Fat Liar (2002),Children|Comedy
4520,5093,Collateral Damage (2002),Action|Thriller
4521,5094,Rollerball (2002),Action|Sci-Fi
4522,5095,"Scotland, Pa. (2001)",Comedy|Crime
4523,5096,Baby's Day Out (1994),Comedy
4524,5097,Bright Eyes (1934),Comedy|Drama
4525,5098,Dimples (1936),Musical
4526,5099,Heidi (1937),Children|Drama
4527,5100,"Man Who Loved Women, The (1983)",Comedy
4528,5101,Richard Pryor Here and Now (1983),Comedy|Documentary
4529,5102,Rookie of the Year (1993),Comedy|Fantasy
4530,5103,"Sandlot, The (1993)",Children|Comedy|Drama
4531,5104,Cows (Vacas) (1991),Drama
4532,5105,Don't Look Now (1973),Drama|Horror|Thriller
4533,5106,Crossroads (2002),Comedy|Musical|Romance
4534,5107,Hart's War (2002),Drama|War
4535,5108,John Q (2002),Crime|Drama|Thriller
4536,5109,Return to Never Land (2002),Adventure|Animation|Children
4537,5110,Super Troopers (2001),Comedy|Crime|Mystery
4538,5111,"Good Son, The (1993)",Drama|Thriller
4539,5112,Last Orders (2001),Drama
4540,5113,After the Fox (Caccia alla volpe) (1966),Comedy|Crime
4541,5114,"Bad and the Beautiful, The (1952)",Drama
4542,5116,Designing Woman (1957),Comedy
4543,5117,Funny Lady (1975),Comedy|Musical
4544,5118,"Heartbreak Kid, The (1972)",Comedy|Romance
4545,5119,Saturday Night and Sunday Morning (1960),Drama
4546,5120,Sleuth (1972),Comedy|Mystery|Thriller
4547,5121,Stroszek (1977),Comedy|Drama
4548,5122,Summer of '42 (1971),Drama
4549,5123,"Touch of Class, A (1973)",Comedy
4550,5125,Used Cars (1980),Comedy
4551,5126,"Deadly Mantis, The (1957)",Horror|Sci-Fi
4552,5127,Dragonfly (2002),Drama|Fantasy|Mystery|Romance|Thriller
4553,5128,Queen of the Damned (2002),Fantasy|Horror
4554,5131,How to Kill Your Neighbor's Dog (2000),Comedy|Drama
4555,5134,Mean Machine (2001),Comedy|Drama
4556,5135,Monsoon Wedding (2001),Comedy|Romance
4557,5136,Wendigo (2001),Drama|Horror
4558,5137,Scratch (2001),Documentary
4559,5139,"Bad News Bears, The (1976)",Comedy
4560,5140,"Bad News Bears Go to Japan, The (1978)",Comedy
4561,5141,"Bad News Bears in Breaking Training, The (1977)",Comedy
4562,5142,"Firemen's Ball, The (Horí, má panenko) (1967)",Comedy|Drama
4563,5143,"Lone Ranger, The (1956)",Adventure|Western
4564,5145,Loves of a Blonde (Lásky jedné plavovlásky) (1965),Comedy|Drama|Romance
4565,5146,Vampire Hunter D: Bloodlust (Banpaia hantâ D) (2000),Animation|Fantasy|Horror|Sci-Fi
4566,5147,Wild Strawberries (Smultronstället) (1957),Drama
4567,5151,40 Days and 40 Nights (2002),Comedy|Romance
4568,5152,We Were Soldiers (2002),Action|Drama|War
4569,5153,Trouble Every Day (2001),Drama|Horror|Thriller
4570,5155,"Big Bird Cage, The (1972)",Action
4571,5157,"Church, The (Chiesa, La) (1989)",Drama|Fantasy|Horror
4572,5158,Cross Creek (1983),Drama
4573,5159,Ferngully: The Last Rainforest (1992),Animation|Children|Comedy|Musical
4574,5160,Night of the Zombies (a.k.a. Hell of the Living Dead) (Virus) (1980),Action|Horror|Thriller
4575,5161,Intersection (1994),Drama|Romance
4576,5162,"Jo Jo Dancer, Your Life is Calling (1986)",Drama
4577,5163,Stage Fright (Deliria) (1987),Horror
4578,5164,"Troll in Central Park, A (1994)",Animation|Children
4579,5165,Zombie (a.k.a. Zombie 2: The Dead Are Among Us) (Zombi 2) (1979),Horror
4580,5167,My Favorite Brunette (1947),Comedy|Mystery
4581,5168,Royal Wedding (1951),Comedy|Musical|Romance
4582,5169,Scarlet Street (1945),Film-Noir
4583,5170,All About the Benjamins (2002),Action|Comedy|Crime
4584,5171,"Time Machine, The (2002)",Action|Adventure|Sci-Fi
4585,5172,Full Frontal (2002),Comedy|Drama|Romance
4586,5173,Divorcing Jack (1998),Comedy|Thriller
4587,5174,"Field, The (1990)",Drama
4588,5177,"Magnificent Ambersons, The (1942)",Drama|Romance
4589,5179,Gloria (1980),Drama|Thriller
4590,5180,"Great Rock 'n' Roll Swindle, The (1980)",Documentary
4591,5181,Hangar 18 (1980),Action|Sci-Fi|Thriller
4592,5182,Hawk the Slayer (1980),Action|Fantasy
4593,5184,Heaven's Gate (1980),Western
4594,5185,Hero at Large (1980),Comedy
4595,5186,Honeysuckle Rose (a.k.a. On the Road Again) (1980),Drama|Romance
4596,5187,Hopscotch (1980),Comedy
4597,5189,Humanoids from the Deep (1980),Horror|Sci-Fi
4598,5190,Inside Moves (1980),Drama
4599,5192,"Island, The (1980)",Adventure|Horror|Thriller
4600,5193,"Jazz Singer, The (1980)",Musical
4601,5196,Lion of the Desert (1980),War
4602,5197,Little Darlings (1980),Drama
4603,5198,"Long Good Friday, The (1980)",Drama|Thriller
4604,5199,"Long Riders, The (1980)",Western
4605,5200,"Man Who Saw Tomorrow, The (1980)",Documentary
4606,5202,Mon oncle d'Amérique (1980),Drama
4607,5203,"Monster Club, The (1980)",Comedy|Horror
4608,5205,Motel Hell (1980),Comedy|Horror
4609,5206,Mother's Day (1980),Comedy|Horror
4610,5208,"Ninth Configuration, The (a.k.a. Twinkle, Twinkle, Killer Kane) (1980)",Drama|War
4611,5209,Ffolkes (1979),Action|Adventure|Thriller
4612,5210,"Burial Ground (a.k.a. Zombie Horror) (a.k.a. Zombie 3) (Notti del Terrore, Le) (1981)",Horror
4613,5211,"Nude Bomb, The (1980)",Comedy
4614,5212,"Octagon, The (1980)",Action
4615,5213,"Oh, God! Book II (1980)",Comedy
4616,5214,"Oh, God! (1977)",Comedy|Fantasy
4617,5215,"Oh, Heavenly Dog! (1980)",Comedy|Crime
4618,5216,"Pepi, Luci, Bom (Pepi, Luci, Bom y Otras Chicas del Montón) (1980)",Comedy
4619,5217,Super Fuzz (a.k.a. Super Snooper) (Poliziotto superpiù) (1980),Action|Comedy|Sci-Fi
4620,5218,Ice Age (2002),Adventure|Animation|Children|Comedy
4621,5219,Resident Evil (2002),Action|Horror|Sci-Fi|Thriller
4622,5220,Showtime (2002),Action|Comedy
4623,5221,Harrison's Flowers (2000),Drama
4624,5222,Kissing Jessica Stein (2001),Comedy|Romance
4625,5223,Pauline & Paulette (Pauline en Paulette) (2001),Comedy|Drama
4626,5224,Promises (2001),Documentary
4627,5225,And Your Mother Too (Y tu mamá también) (2001),Drama|Romance
4628,5226,All the Right Moves (1983),Drama|Romance
4629,5227,Barabbas (1961),Adventure|Drama
4630,5228,"Ghost Breakers, The (1940)",Comedy|Horror
4631,5230,"Paleface, The (1948)",Comedy|Western
4632,5231,Road to Morocco (1942),Comedy
4633,5232,Road to Singapore (1940),Comedy|Musical
4634,5233,Road to Utopia (1946),Comedy
4635,5234,Road to Zanzibar (1941),Comedy
4636,5235,Split Second (1992),Action|Sci-Fi|Thriller
4637,5236,"Tale of Springtime, A (Conte de Printemps) (1990)",Drama|Romance
4638,5237,Taps (1981),Drama
4639,5238,Return of the Secaucus 7 (1980),Drama
4640,5240,Running Scared (1980),Action|Drama
4641,5241,Seems Like Old Times (1980),Comedy|Romance
4642,5243,"Young Master, The (Shi di chu ma) (1980)",Action|Comedy
4643,5244,Shogun Assassin (1980),Action|Adventure
4644,5245,Simon (1980),Comedy|Sci-Fi
4645,5246,Smokey and the Bandit II (1980),Action|Comedy
4646,5247,Smokey and the Bandit (1977),Action|Comedy
4647,5248,Smokey and the Bandit III (1983),Action|Comedy
4648,5249,Spetters (1980),Comedy|Drama
4649,5250,Stir Crazy (1980),Comedy
4650,5251,"Charter Trip, The (a.k.a. Package Tour, The) (Sällskapsresan) (1980)",Comedy
4651,5254,Blade II (2002),Action|Horror|Thriller
4652,5255,Sorority Boys (2002),Comedy
4653,5256,Stolen Summer (2002),Drama
4654,5258,George Washington (2000),Drama
4655,5263,Strait-Jacket (1964),Horror|Thriller
4656,5264,Clockstoppers (2002),Action|Adventure|Sci-Fi|Thriller
4657,5265,Death to Smoochy (2002),Comedy|Crime|Drama
4658,5266,Panic Room (2002),Thriller
4659,5267,"Rookie, The (2002)",Drama
4660,5268,No Such Thing (2001),Drama|Fantasy|Romance
4661,5269,"Piano Teacher, The (La pianiste) (2001)",Drama
4662,5272,Time Out (L'emploi du temps) (2001),Drama
4663,5275,Boxcar Bertha (1972),Drama
4664,5276,Crimes of Passion (1984),Drama|Romance|Thriller
4665,5278,Fraternity Vacation (1985),Comedy|Romance
4666,5279,Impromptu (1991),Comedy|Romance
4667,5282,High Crimes (2002),Thriller
4668,5283,National Lampoon's Van Wilder (2002),Comedy
4669,5284,Crush (2001),Comedy|Romance
4670,5285,Lucky Break (2001),Comedy|Crime
4671,5287,"After Dark, My Sweet (1990)",Crime|Drama|Mystery
4672,5288,"Atomic Cafe, The (1982)",Documentary|War
4673,5289,Body and Soul (1947),Drama|Film-Noir
4674,5290,First Men in the Moon (1964),Adventure|Sci-Fi
4675,5291,Rashomon (Rashômon) (1950),Crime|Drama|Mystery
4676,5292,Slap Shot (1977),Comedy
4677,5293,Changing Lanes (2002),Drama|Thriller
4678,5294,Frailty (2001),Crime|Drama|Thriller
4679,5295,New Best Friend (2002),Drama|Thriller
4680,5296,"Sweetest Thing, The (2002)",Comedy|Romance
4681,5297,"Cat's Meow, The (2002)",Drama|Thriller
4682,5298,Human Nature (2001),Comedy|Romance
4683,5299,My Big Fat Greek Wedding (2002),Comedy|Romance
4684,5300,3:10 to Yuma (1957),Action|Adventure|Drama|Thriller|Western
4685,5301,Bite the Bullet (1975),Action|Adventure|Western
4686,5302,Breakout (1975),Action|Adventure
4687,5303,Joe Versus the Volcano (1990),Comedy|Romance
4688,5304,"Rome, Open City (a.k.a. Open City) (Roma, città aperta) (1945)",Drama|War
4689,5305,Return of the Killer Tomatoes! (1988),Comedy|Horror|Sci-Fi
4690,5306,Return to Horror High (1987),Horror
4691,5307,Taking Care of Business (1990),Comedy
4692,5308,Three Men and a Baby (1987),Comedy
4693,5309,Three Men and a Little Lady (1990),Comedy|Romance
4694,5310,Transylvania 6-5000 (1985),Comedy|Horror
4695,5311,"Watcher in the Woods, The (1980)",Children|Horror|Mystery|Thriller
4696,5312,Murder by Numbers (2002),Crime|Thriller
4697,5313,"Scorpion King, The (2002)",Action|Adventure|Fantasy
4698,5314,Behind the Sun (Abril Despedaçado) (2001),Drama
4699,5315,Chelsea Walls (2001),Drama
4700,5316,Enigma (2001),Romance|Thriller
4701,5319,Nine Queens (Nueve reinas) (2000),Crime|Thriller
4702,5321,"Triumph of Love, The (2001)",Comedy
4703,5323,Jason X (2002),Horror|Sci-Fi|Thriller
4704,5324,Life or Something Like It (2002),Comedy|Romance
4705,5325,Dogtown and Z-Boyz (2001),Documentary
4706,5327,In Praise of Love (Éloge de l'amour) (2001),Drama
4707,5328,Rain (2001),Drama|Romance
4708,5329,"Salton Sea, The (2002)",Crime|Drama|Thriller
4709,5331,Vulgar (2000),Drama
4710,5332,"Aviator, The (1985)",Adventure
4711,5333,Bob le Flambeur (1955),Crime|Drama
4712,5334,Cadillac Man (1990),Comedy|Crime
4713,5335,"Coca-Cola Kid, The (1985)",Comedy|Romance
4714,5337,Delirious (1991),Comedy
4715,5339,Husbands and Wives (1992),Comedy|Drama
4716,5340,Joe (1970),Drama
4717,5341,Lenny (1974),Drama
4718,5343,"Temp, The (1993)",Drama|Thriller
4719,5344,Thief of Hearts (1984),Drama|Thriller
4720,5346,Wild Orchid (1990),Drama|Romance
4721,5347,Deuces Wild (2002),Drama
4722,5348,Hollywood Ending (2002),Comedy|Drama
4723,5349,Spider-Man (2002),Action|Adventure|Sci-Fi|Thriller
4724,5350,"Mystic Masseur, The (2001)",Drama
4725,5351,Warm Water Under a Red Bridge (Akai hashi no shita no nurui mizu) (2001),Comedy|Drama
4726,5352,The Big Sleep (1978),Thriller
4727,5353,Butterflies Are Free (1972),Comedy|Drama
4728,5354,Cactus Flower (1969),Comedy
4729,5355,"Cassandra Crossing, The (1976)",Drama
4730,5356,"Giant Spider Invasion, The (1975)",Horror|Sci-Fi
4731,5357,Iron Will (1994),Adventure
4732,5358,Mountains of the Moon (1990),Adventure
4733,5359,Rambling Rose (1991),Drama
4734,5360,"Survivors, The (1983)",Comedy
4735,5361,White Fang (1991),Adventure
4736,5362,White Fang 2: Myth of the White Wolf (1994),Adventure|Children
4737,5363,"New Guy, The (2002)",Comedy
4738,5364,Unfaithful (2002),Drama|Thriller
4739,5365,"Lady and the Duke, The (Anglaise et le duc, L') (2001)",Drama|Romance
4740,5366,Whore (1991),Drama
4741,5367,My Beautiful Laundrette (1985),Drama|Romance
4742,5368,Ballad of a Soldier (Ballada o soldate) (1959),Drama|Romance|War
4743,5369,Big Bad Mama (1974),Action|Comedy
4744,5372,Calamity Jane (1953),Musical|Western
4745,5373,"Cranes Are Flying, The (Letyat zhuravli) (1957)",Drama|Romance|War
4746,5374,Devil Doll (1964),Horror
4747,5375,"Harvey Girls, The (1946)",Comedy|Musical|Western
4748,5376,"Lady in Red, The (1979)",Action
4749,5377,About a Boy (2002),Comedy|Drama|Romance
4750,5378,Star Wars: Episode II - Attack of the Clones (2002),Action|Adventure|Sci-Fi|IMAX
4751,5379,"Believer, The (2001)",Drama
4752,5380,"Importance of Being Earnest, The (2002)",Comedy|Drama|Romance
4753,5381,"Charge of the Light Brigade, The (1968)",Drama|War
4754,5382,Every Which Way But Loose (1978),Comedy
4755,5383,"Hound of the Baskervilles, The (1959)",Crime|Horror|Mystery
4756,5384,I Want to Live! (1958),Crime|Drama
4757,5385,"Last Waltz, The (1978)",Documentary
4758,5387,Enough (2002),Drama|Thriller
4759,5388,Insomnia (2002),Action|Crime|Drama|Mystery|Thriller
4760,5389,Spirit: Stallion of the Cimarron (2002),Adventure|Animation|Children|Western
4761,5390,CQ (2001),Drama
4762,5391,Thirteen Conversations About One Thing (a.k.a. 13 Conversations) (2001),Drama
4763,5392,Bus Stop (1956),Comedy|Drama|Romance
4764,5394,Don't Bother to Knock (1952),Drama|Thriller
4765,5395,"Gambler, The (1974)",Drama
4766,5396,Let's Make Love (1960),Comedy|Musical|Romance
4767,5397,Monkey Business (1952),Comedy|Sci-Fi
4768,5398,Requiem for a Heavyweight (1962),Drama
4769,5399,River of No Return (1954),Adventure|Western
4770,5400,"Sum of All Fears, The (2002)",Drama|Thriller
4771,5401,Undercover Brother (2002),Comedy
4772,5404,84 Charing Cross Road (1987),Drama|Romance
4773,5406,"Desert Rats, The (1953)",Drama|War
4774,5409,Rapid Fire (1992),Action
4775,5410,Silent Running (1972),Drama|Sci-Fi
4776,5412,"Villain, The (1979)",Comedy|Western
4777,5413,Zombie Holocaust (a.k.a. Doctor Butcher M.D.) (Zombi Holocaust) (1980),Horror
4778,5414,Bad Company (2002),Action|Comedy|Crime
4779,5415,Divine Secrets of the Ya-Ya Sisterhood (2002),Comedy|Drama
4780,5416,Cherish (2002),Comedy|Drama|Thriller
4781,5417,"Fast Runner, The (Atanarjuat) (2001)",Drama|Fantasy
4782,5418,"Bourne Identity, The (2002)",Action|Mystery|Thriller
4783,5419,Scooby-Doo (2002),Adventure|Children|Comedy|Fantasy|Mystery
4784,5420,Windtalkers (2002),Action|Drama|War
4785,5421,"Dangerous Lives of Altar Boys, The (2002)",Drama
4786,5422,"Emperor's New Clothes, The (2001)",Comedy
4787,5423,Gangster No. 1 (2000),Action|Crime|Thriller
4788,5424,Harvard Man (2001),Crime|Drama|Romance|Thriller
4789,5425,Dark Blue World (Tmavomodrý svet) (2001),Drama|War
4790,5426,Bad Company (1972),Western
4791,5427,Caveman (1981),Comedy
4792,5428,Cheech & Chong's The Corsican Brothers (1984),Comedy
4793,5429,Five Card Stud (a.k.a. 5 Card Stud) (1968),Mystery|Western
4794,5431,Goin' South (1978),Comedy|Western
4795,5432,Hero and the Terror (1988),Action|Crime
4796,5433,Silver Bullet (Stephen King's Silver Bullet) (1985),Adventure|Drama|Horror|Mystery|Thriller
4797,5434,"Sorry, Wrong Number (1948)",Drama|Film-Noir|Thriller
4798,5435,Hombre (1967),Western
4799,5436,"Horse's Mouth, The (1958)",Comedy
4800,5437,"Manhattan Project, The (1986)",Comedy|Sci-Fi|Thriller
4801,5438,Men at Work (1990),Action|Comedy
4802,5439,S.O.B. (1981),Comedy
4803,5440,She Wore a Yellow Ribbon (1949),Western
4804,5442,V. I. Warshawski (1991),Action|Comedy|Crime
4805,5443,Juwanna Mann (2002),Comedy
4806,5444,Lilo & Stitch (2002),Adventure|Animation|Children|Sci-Fi
4807,5445,Minority Report (2002),Action|Crime|Mystery|Sci-Fi|Thriller
4808,5446,Rabbit-Proof Fence (2002),Adventure|Drama
4809,5447,Sunshine State (2002),Drama
4810,5448,Hey Arnold! The Movie (2002),Adventure|Animation|Children|Comedy
4811,5449,Mr. Deeds (2002),Comedy|Romance
4812,5450,Lovely & Amazing (2001),Comedy|Drama|Romance
4813,5451,Pumpkin (2002),Comedy|Drama|Romance
4814,5452,Look Who's Talking Now (1993),Children|Comedy|Romance
4815,5453,Lost in Yonkers (1993),Comedy|Drama
4816,5454,Mo' Money (1992),Comedy|Romance
4817,5455,"Object of Beauty, The (1991)",Comedy|Drama
4818,5456,Wagons East (1994),Comedy|Western
4819,5457,Zebrahead (1992),Drama
4820,5458,Like Mike (2002),Children|Comedy|Fantasy
4821,5459,Men in Black II (a.k.a. MIIB) (a.k.a. MIB 2) (2002),Action|Comedy|Sci-Fi
4822,5460,"Powerpuff Girls, The (2002)",Action|Animation|Children|Comedy
4823,5461,Me Without You (2001),Comedy|Drama
4824,5462,"Crocodile Hunter: Collision Course, The (2002)",Adventure|Comedy
4825,5463,Reign of Fire (2002),Action|Adventure|Fantasy
4826,5464,Road to Perdition (2002),Crime|Drama
4827,5465,All About Lily Chou-Chou (Riri Shushu no subete) (2001),Crime|Drama|Thriller
4828,5466,My Wife is an Actress (Ma Femme est une Actrice) (2001),Comedy|Drama|Romance
4829,5468,20 Million Miles to Earth (1957),Sci-Fi
4830,5469,Grand Theft Auto (1977),Action|Comedy
4831,5470,The Importance of Being Earnest (1952),Comedy|Romance
4832,5471,Perfect (1985),Drama|Romance
4833,5472,1776 (1972),Children|Drama|Musical
4834,5473,Fox and His Friends (Faustrecht der Freiheit) (1975),Drama
4835,5474,"Legend of Boggy Creek, The (1972)",Drama|Horror|Mystery|Thriller
4836,5475,Z (1969),Drama|Mystery|Thriller
4837,5476,Halloween: Resurrection (Halloween 8) (2002),Horror|Thriller
4838,5477,Sex and Lucia (Lucía y el sexo) (2001),Drama|Romance
4839,5478,Eight Legged Freaks (2002),Action|Comedy|Horror|Sci-Fi
4840,5479,K-19: The Widowmaker (2002),Action|Adventure|Drama|Thriller
4841,5480,Stuart Little 2 (2002),Children|Comedy
4842,5481,Austin Powers in Goldmember (2002),Comedy
4843,5482,"Country Bears, The (2002)",Children|Comedy
4844,5483,"Kid Stays in the Picture, The (2002)",Documentary
4845,5484,Happy Times (Xingfu shiguang) (2000),Comedy|Drama
4846,5485,Tadpole (2002),Comedy|Drama|Romance
4847,5486,Who Is Cletis Tout? (2001),Comedy
4848,5488,"Merchant of Four Seasons, The (Händler der vier Jahreszeiten) (1972)",Drama
4849,5489,Nosferatu the Vampyre (Nosferatu: Phantom der Nacht) (1979),Horror
4850,5490,The Big Bus (1976),Action|Comedy
4851,5493,In Like Flint (1967),Action|Adventure|Comedy
4852,5495,Modesty Blaise (1966),Comedy
4853,5496,Ossessione (1943),Drama
4854,5497,Our Man Flint (1965),Adventure|Comedy|Sci-Fi
4855,5498,Red Beard (Akahige) (1965),Drama
4856,5499,Robin and Marian (1976),Adventure|Drama|Romance
4857,5500,Top Secret! (1984),Comedy
4858,5501,"Master of Disguise, The (2002)",Comedy|Mystery
4859,5502,Signs (2002),Horror|Sci-Fi|Thriller
4860,5503,"Last Kiss, The (Ultimo bacio, L') (2001)",Comedy|Drama|Romance
4861,5504,Spy Kids 2: The Island of Lost Dreams (2002),Adventure|Children
4862,5505,"Good Girl, The (2002)",Comedy|Drama
4863,5506,Blood Work (2002),Crime|Drama|Mystery|Thriller
4864,5507,xXx (2002),Action|Crime|Thriller
4865,5508,24 Hour Party People (2002),Comedy|Drama|Musical
4866,5509,Biggie and Tupac (2002),Documentary
4867,5512,Secret Ballot (Raye makhfi) (2001),Comedy
4868,5513,Martin Lawrence Live: Runteldat (2002),Comedy|Documentary
4869,5515,Songs From the Second Floor (Sånger från andra våningen) (2000),Drama
4870,5516,Read My Lips (Sur mes lèvres) (2001),Crime|Drama|Thriller
4871,5517,Nightcap (Merci pour le chocolat) (2000),Crime|Thriller
4872,5521,"Principal, The (1987)",Action|Crime|Drama
4873,5522,Rollerball (1975),Action|Drama|Sci-Fi
4874,5523,"Adventures of Pluto Nash, The (2002)",Action|Adventure|Comedy|Sci-Fi
4875,5524,Blue Crush (2002),Adventure|Drama|Romance
4876,5525,Mostly Martha (Bella Martha) (2001),Comedy|Drama|Romance
4877,5526,"Isle, The (Seom) (2000)",Drama
4878,5527,Possession (2002),Drama|Romance
4879,5528,One Hour Photo (2002),Drama|Thriller
4880,5529,Serving Sara (2002),Comedy|Romance
4881,5530,Simone (S1m0ne) (2002),Comedy|Drama|Fantasy|Sci-Fi
4882,5531,Undisputed (2002),Drama
4883,5532,Amy's O (a.k.a. Amy's Orgasm) (2001),Comedy|Romance
4884,5538,"Care Bears Movie, The (1985)",Animation|Children|Fantasy
4885,5539,Care Bears Movie II: A New Generation (1986),Animation|Children
4886,5540,Clash of the Titans (1981),Action|Adventure|Fantasy|Romance
4887,5541,Hot Shots! (1991),Action|Comedy|Romance|War
4888,5542,"Nightmare City (a.k.a. City of the Walking Dead) (a.k.a. Invasión de los zombies atómicos, La) (Incubo sulla città contaminata) (1980)",Action|Horror
4889,5543,"Swarm, The (1978)",Action|Horror|Sci-Fi
4890,5544,Time After Time (1979),Sci-Fi|Thriller
4891,5546,976-EVIL (1989),Horror
4892,5548,Down and Out in Beverly Hills (1986),Comedy
4893,5550,Love Me Tender (1956),Musical|Western
4894,5552,"Revenge of Frankenstein, The (1958)",Drama|Horror|Sci-Fi
4895,5553,Stakeout (1987),Comedy|Crime|Romance|Thriller
4896,5555,Wolfen (1981),Horror
4897,5556,FearDotCom (a.k.a. Fear.com) (a.k.a. Fear Dot Com) (2002),Crime|Horror|Thriller
4898,5557,Slap Her... She's French (a.k.a. She Gets What She Wants) (2002),Comedy
4899,5559,Mad Love (Juana la Loca) (2001),Drama
4900,5560,À nous la liberté (Freedom for Us) (1931),Comedy|Musical
4901,5561,True Colors (1991),Drama
4902,5563,City by the Sea (2002),Crime|Drama
4903,5564,Swimfan (2002),Thriller
4904,5568,Johnny Dangerously (1984),Comedy
4905,5569,"Last House on the Left, The (1972)",Crime|Horror|Thriller
4906,5570,Thesis (Tesis) (1996),Drama|Horror|Thriller
4907,5572,Barbershop (2002),Comedy
4908,5573,Stealing Harvard (2002),Comedy|Crime
4909,5574,"Transporter, The (2002)",Action|Crime
4910,5575,Alias Betty (Betty Fisher et autres histoires) (2001),Crime|Drama
4911,5577,Igby Goes Down (2002),Comedy|Drama
4912,5580,Aspen Extreme (1993),Action
4913,5581,Betsy's Wedding (1990),Comedy
4914,5582,Captain Ron (1992),Adventure|Comedy
4915,5583,"Devil Bat, The (1940)",Crime|Horror|Mystery|Sci-Fi
4916,5584,Ernest Goes to Jail (1990),Comedy
4917,5585,Ernest Scared Stupid (1991),Comedy
4918,5587,"Hills Have Eyes Part II, The (1985)",Horror
4919,5588,"Hills Have Eyes, The (1977)",Horror
4920,5589,Indian Summer (1993),Comedy|Drama
4921,5591,Monkey Trouble (1994),Children|Comedy
4922,5593,No Way to Treat a Lady (1968),Crime|Drama|Thriller
4923,5596,Spaced Invaders (1990),Adventure|Comedy|Sci-Fi
4924,5597,Suburban Commando (1991),Comedy|Sci-Fi
4925,5598,Surf Ninjas (1993),Comedy
4926,5599,Tabu: A Story of the South Seas (1931),Drama|Romance
4927,5600,"Wanderers, The (1979)",Drama
4928,5601,"Yearling, The (1946)",Children|Drama
4929,5602,"Ladykillers, The (1955)",Comedy|Crime
4930,5603,"Lavender Hill Mob, The (1951)",Comedy|Crime
4931,5604,"Man in the White Suit, The (1951)",Comedy|Sci-Fi
4932,5605,Ratcatcher (1999),Drama
4933,5606,Society (1989),Horror|Mystery
4934,5607,"Son of the Bride (Hijo de la novia, El) (2001)",Comedy|Drama
4935,5608,"Das Experiment (Experiment, The) (2001)",Drama|Thriller
4936,5609,Ballistic: Ecks vs. Sever (2002),Action|Thriller
4937,5610,"Banger Sisters, The (2002)",Comedy|Drama
4938,5611,"Four Feathers, The (2002)",Adventure|War
4939,5612,Trapped (2002),Action|Thriller
4940,5613,8 Women (2002),Comedy|Crime|Musical|Mystery
4941,5614,"His Secret Life (a.k.a. Ignorant Fairies, The) (Fate ignoranti, Le) (2001)",Drama|Romance
4942,5615,Invincible (2001),Drama
4943,5617,Secretary (2002),Comedy|Drama|Romance
4944,5618,Spirited Away (Sen to Chihiro no kamikakushi) (2001),Adventure|Animation|Fantasy
4945,5619,"Trials of Henry Kissinger, The (2002)",Documentary
4946,5620,Sweet Home Alabama (2002),Comedy|Romance
4947,5621,"Tuxedo, The (2002)",Action|Comedy
4948,5625,Moonlight Mile (2002),Drama|Romance
4949,5628,Wasabi (2001),Action|Comedy|Crime|Drama|Thriller
4950,5629,Jonah: A VeggieTales Movie (2002),Animation|Children|Musical
4951,5630,Red Dragon (2002),Crime|Mystery|Thriller
4952,5632,Bloody Sunday (2002),Drama
4953,5633,Heaven (2002),Drama
4954,5635,"Man from Elysian Fields, The (2001)",Drama
4955,5636,Welcome to Collinwood (2002),Comedy|Crime
4956,5637,Flirting (1991),Drama
4957,5638,Godzilla vs. Mothra (Mosura tai Gojira) (1964),Action|Adventure|Fantasy|Sci-Fi
4958,5639,Godzilla's Revenge (Gojira-Minira-Gabara: Oru Kaijû Daishingeki) (All Monsters Attack) (1969),Children
4959,5640,"Godzilla, King of the Monsters! (Kaijû-ô Gojira) (1956)",Horror|Sci-Fi
4960,5641,"Moderns, The (1988)",Drama
4961,5642,"Onion Field, The (1979)",Drama
4962,5643,Powaqqatsi (1988),Documentary
4963,5644,"Pride of the Yankees, The (1942)",Drama
4964,5645,Texasville (1990),Drama
4965,5646,Valmont (1989),Drama|Romance
4966,5647,Ernest Goes to Africa (1997),Comedy
4967,5648,Ernest in the Army (1998),Comedy
4968,5649,Horror of Dracula (Dracula) (1958),Horror
4969,5650,Strange Brew (1983),Comedy
4970,5651,"Incredible Mr. Limpet, The (1964)",Animation|Comedy|War
4971,5652,Claire of the Moon (1992),Drama|Romance
4972,5653,Django (1966),Western
4973,5655,"Fan, The (1981)",Drama|Thriller
4974,5657,Flashback (1990),Action|Comedy
4975,5659,"Rocking Horse Winner, The (1950)",Drama|Horror
4976,5660,Seance on a Wet Afternoon (1964),Crime|Drama|Thriller
4977,5662,"Wrong Guy, The (1997)",Comedy|Romance|Thriller
4978,5663,Below (2002),Horror
4979,5664,Brown Sugar (2002),Romance
4980,5665,Knockaround Guys (2002),Action|Comedy|Crime
4981,5666,"Rules of Attraction, The (2002)",Comedy|Drama|Romance|Thriller
4982,5667,Tuck Everlasting (2002),Drama|Fantasy
4983,5668,White Oleander (2002),Drama
4984,5669,Bowling for Columbine (2002),Documentary
4985,5670,Comedian (2002),Comedy|Documentary
4986,5672,Pokemon 4 Ever (a.k.a. Pokémon 4: The Movie) (2002),Adventure|Animation|Children|Fantasy
4987,5673,Punch-Drunk Love (2002),Comedy|Drama|Romance
4988,5675,Swept Away (2002),Comedy|Romance
4989,5677,Abandon (2002),Drama|Thriller
4990,5678,Formula 51 (2001),Action|Comedy|Crime|Thriller
4991,5679,"Ring, The (2002)",Horror|Mystery|Thriller
4992,5680,Auto Focus (2002),Crime|Drama
4993,5682,"Grey Zone, The (2001)",Drama
4994,5684,Naqoyqatsi (2002),Documentary
4995,5685,Real Women Have Curves (2002),Comedy|Drama
4996,5686,Russian Ark (Russkiy Kovcheg) (2002),Drama|Fantasy|War
4997,5687,Take Care of My Cat (Goyangileul butaghae) (2001),Drama
4998,5688,Tully (2000),Drama
4999,5689,Billy Bathgate (1991),Crime|Drama
5000,5690,Grave of the Fireflies (Hotaru no haka) (1988),Animation|Drama|War
5001,5691,Jason Goes to Hell: The Final Friday (1993),Action|Horror
5002,5692,"Mechanic, The (1972)",Action|Thriller
5003,5693,Saturday Night Fever (1977),Comedy|Drama|Romance
5004,5694,Staying Alive (1983),Comedy|Drama|Musical
5005,5696,Urban Cowboy (1980),Drama
5006,5697,Terror Train (1980),Horror
5007,5699,Tom Horn (1980),Western
5008,5700,The Pumaman (1980),Action|Adventure|Fantasy|Sci-Fi
5009,5701,Up the Academy (1980),Comedy
5010,5703,Wholly Moses (1980),Comedy
5011,5705,Xanadu (1980),Fantasy|Musical|Romance
5012,5706,"...All the Marbles (California Dolls, The) (1981)",Action|Comedy|Drama|Romance
5013,5707,Absence of Malice (1981),Drama|Romance
5014,5710,Banana Joe (1981),Comedy
5015,5712,Blow Out (1981),Mystery|Thriller
5016,5715,"Burning, The (1981)",Horror
5017,5717,Make Them Die Slowly (Cannibal Ferox) (1981),Horror
5018,5718,Carbon Copy (1981),Comedy
5019,5721,"Chosen, The (1981)",Drama
5020,5722,"Goat, The (a.k.a. Knock On Wood) (Chèvre, La) (1981)",Comedy
5021,5723,Continental Divide (1981),Comedy|Romance
5022,5726,Dead & Buried (1981),Horror
5023,5728,Death Hunt (1981),Action|Adventure|Crime|Thriller
5024,5729,Endless Love (1981),Drama|Romance
5025,5730,Enter the Ninja (a.k.a. Ninja I) (1981),Action|Drama
5026,5731,"Entity, The (1981)",Horror
5027,5732,Eye of the Needle (1981),Thriller
5028,5733,"Eyewitness (Janitor, The) (1981)",Thriller
5029,5734,Faces of Death 2 (1981),Documentary|Horror
5030,5735,Faces of Death (1978),Documentary|Horror
5031,5736,Faces of Death 3 (1985),Documentary|Horror
5032,5737,Faces of Death 4 (1990),Documentary|Horror
5033,5738,Faces of Death 5 (1996),Documentary|Horror
5034,5739,Faces of Death 6 (1996),Documentary|Horror
5035,5740,Faces of Death: Fact or Fiction? (1999),Documentary|Horror
5036,5741,"Woman Next Door, The (Femme d'à côté, La) (1981)",Drama|Romance
5037,5742,First Monday in October (1981),Comedy|Drama
5038,5743,"Fort Apache, the Bronx (1981)",Action|Drama
5039,5745,"Four Seasons, The (1981)",Comedy|Drama
5040,5746,Galaxy of Terror (Quest) (1981),Action|Horror|Mystery|Sci-Fi
5041,5747,Gallipoli (1981),Drama|War
5042,5749,Ghost Story (1981),Drama|Horror
5043,5752,Gregory's Girl (1981),Comedy|Romance
5044,5754,"Hand, The (1981)",Drama|Horror
5045,5755,Happy Birthday to Me (1981),Horror|Mystery
5046,5760,Lady Chatterley's Lover (1981),Drama|Romance
5047,5761,"Legend of the Lone Ranger, The (1981)",Western
5048,5762,Lili Marleen (1981),Drama
5049,5763,Lola (1981),Drama
5050,5764,Looker (1981),Drama|Horror|Sci-Fi|Thriller
5051,5765,"Looney, Looney, Looney Bugs Bunny Movie, The (1981)",Animation|Children|Comedy
5052,5767,Teddy Bear (Mis) (1981),Comedy|Crime
5053,5768,Modern Problems (1981),Comedy|Fantasy
5054,5769,Modern Romance (1981),Comedy|Romance
5055,5770,Ms. 45 (a.k.a. Angel of Vengeance) (1981),Crime|Drama
5056,5771,My Bloody Valentine (1981),Drama|Horror|Thriller
5057,5772,My Dinner with André (1981),Drama
5058,5773,Neighbors (1981),Comedy
5059,5777,Pennies from Heaven (1981),Musical|Romance
5060,5779,Piranha II: The Spawning (1981),Horror|Sci-Fi
5061,5780,Polyester (1981),Comedy
5062,5781,Private Lessons (1981),Comedy
5063,5782,"Professional, The (Le professionnel) (1981)",Action|Drama|Thriller
5064,5783,Derrida (2002),Documentary
5065,5784,Ghost Ship (2002),Horror
5066,5785,Jackass: The Movie (2002),Action|Comedy|Documentary
5067,5787,"Truth About Charlie, The (2002)",Mystery|Thriller
5068,5788,All or Nothing (2002),Drama
5069,5791,Frida (2002),Drama|Romance
5070,5792,Roger Dodger (2002),Comedy|Drama
5071,5794,Good Work (Beau travail) (1999),Drama
5072,5796,Casino Royale (1967),Action|Adventure|Comedy
5073,5797,"Company of Wolves, The (1984)",Fantasy|Horror
5074,5799,Exodus (1960),Drama|Romance|War
5075,5800,How to Murder Your Wife (1965),Comedy
5076,5801,"Russians Are Coming, the Russians Are Coming, The (1966)",Comedy|War
5077,5802,"World of Henry Orient, The (1964)",Comedy
5078,5803,I Spy (2002),Action|Adventure|Comedy|Crime
5079,5804,"Santa Clause 2, The (2002)",Children|Comedy|Fantasy|Romance
5080,5808,"Weight of Water, The (2000)",Thriller
5081,5809,Femme Fatale (2002),Crime|Thriller
5082,5810,8 Mile (2002),Drama
5083,5812,Far from Heaven (2002),Drama|Romance
5084,5813,"God is Great, I'm Not (Dieu est grand, je suis toute petite) (2001)",Comedy|Romance
5085,5815,Half Past Dead (2002),Action|Crime|Thriller
5086,5816,Harry Potter and the Chamber of Secrets (2002),Adventure|Fantasy
5087,5817,Ararat (2002),Drama|War
5088,5818,"Crime of Father Amaro, The (Crimen del padre Amaro, El) (2002)",Drama|Romance
5089,5820,Standing in the Shadows of Motown (2002),Documentary|Musical
5090,5821,"Way Home, The (Jibeuro) (2002)",Drama
5091,5822,Mutant Action (Acción Mutante) (1993),Action|Comedy|Sci-Fi
5092,5824,Liberty Stands Still (2002),Action|Drama|Thriller
5093,5825,"Life and Death of Colonel Blimp, The (1943)",Drama|Romance|War
5094,5826,Rio Grande (1950),Romance|Western
5095,5829,Men with Brooms (2002),Comedy|Drama|Romance
5096,5830,Mysterious Island (1961),Adventure|Sci-Fi
5097,5832,Left Behind II: Tribulation Force (2002),Drama
5098,5833,Dog Soldiers (2002),Action|Horror
5099,5836,Houseboat (1958),Comedy|Romance
5100,5838,Madame Bovary (1991),Drama
5101,5839,My Father's Glory (La gloire de mon père) (1990),Adventure|Drama
5102,5840,"My Mother's Castle (Château de ma mère, Le) (1990)",Comedy|Drama
5103,5841,Return to the Blue Lagoon (1991),Adventure|Romance
5104,5842,Too Beautiful for You (Trop belle pour toi) (1989),Comedy|Drama|Romance
5105,5843,Toy Soldiers (1991),Action|Drama
5106,5845,"Pursuit of D.B. Cooper, The (a.k.a. Pursuit) (1981)",Adventure
5107,5846,Raggedy Man (1981),Drama
5108,5847,Ragtime (1981),Drama
5109,5848,Rich and Famous (1981),Drama
5110,5852,Saturday the 14th (1981),Comedy|Horror
5111,5853,Scanners (1981),Horror|Sci-Fi|Thriller
5112,5854,Sharky's Machine (1981),Crime|Drama|Romance
5113,5855,Shock Treatment (1981),Comedy|Musical|Sci-Fi
5114,5857,So Fine (1981),Comedy
5115,5858,"Soupe aux Choux, La (1981)",Comedy
5116,5859,Southern Comfort (1981),Drama|Thriller|War
5117,5862,Student Bodies (1981),Comedy|Horror
5118,5863,Take This Job and Shove It (1981),Comedy
5119,5864,"Tarzan, the Ape Man (1981)",Adventure
5120,5867,Thief (1981),Crime|Drama|Thriller
5121,5868,This Is Elvis (1981),Documentary|Drama|Musical
5122,5869,True Confessions (1981),Crime|Drama
5123,5872,Die Another Day (2002),Action|Adventure|Thriller
5124,5873,The Emperor's Club (2002),Drama
5125,5874,Friday After Next (2002),Comedy
5126,5875,Personal Velocity (2002),Drama
5127,5876,"Quiet American, The (2002)",Drama|Thriller|War
5128,5878,Talk to Her (Hable con Ella) (2002),Drama|Romance
5129,5879,Eight Crazy Nights (Adam Sandler's Eight Crazy Nights) (2002),Animation|Comedy|Musical
5130,5880,Extreme Ops (2002),Action|Adventure|Crime|Thriller
5131,5881,Solaris (2002),Drama|Romance|Sci-Fi
5132,5882,Treasure Planet (2002),Adventure|Animation|Children|Sci-Fi|IMAX
5133,5883,They (2002),Horror|Thriller
5134,5884,Chopper Chicks in Zombietown (1989),Comedy|Horror
5135,5885,"What to Do in Case of Fire (Was tun, wenn's brennt?) (2002)",Comedy|Drama
5136,5888,Brother (Brat) (1997),Crime|Drama
5137,5890,Elling (2001),Comedy|Drama
5138,5891,I Spit on Your Grave (Day of the Woman) (1978),Horror|Thriller
5139,5893,"Last Seduction, The (1994)",Crime|Drama|Thriller
5140,5896,New Waterford Girl (1999),Comedy
5141,5898,"Sword and the Sorcerer, The (1982)",Action|Adventure|Fantasy
5142,5899,Zulu (1964),Action|Drama|War
5143,5900,Analyze That (2002),Comedy|Crime
5144,5901,Empire (2002),Crime|Drama
5145,5902,Adaptation (2002),Comedy|Drama|Romance
5146,5903,Equilibrium (2002),Action|Sci-Fi|Thriller
5147,5907,Medea (1970),Drama
5148,5909,Visitor Q (Bizita Q) (2001),Comedy|Drama|Horror
5149,5911,Urgh! A Music War (1981),Documentary
5150,5913,Warning for the Joensson Gang (Varning för Jönssonligan) (1981),Comedy|Crime
5151,5914,"Vernon, Florida (1981)",Documentary
5152,5915,Victory (a.k.a. Escape to Victory) (1981),Action|Drama|War
5153,5916,Whose Life Is It Anyway? (1981),Drama
5154,5918,Alone in the Dark (1982),Horror
5155,5919,Android (1982),Sci-Fi
5156,5923,Author! Author! (1982),Comedy|Drama
5157,5924,Barbarosa (1982),Western
5158,5926,Best Friends (1982),Comedy|Drama|Romance
5159,5927,"Best Little Whorehouse in Texas, The (1982)",Comedy|Drama|Musical|Romance
5160,5928,"Border, The (1982)",Drama
5161,5930,Brimstone and Treacle (1982),Drama|Thriller
5162,5932,Burden of Dreams (1982),Documentary
5163,5933,Cannery Row (1982),Drama
5164,5935,Class of 1984 (1982),Action|Drama|Thriller
5165,5936,"Come Back to the Five and Dime, Jimmy Dean, Jimmy Dean (1982)",Drama
5166,5937,Danton (1983),Drama
5167,5938,Deathtrap (1982),Comedy|Crime|Mystery|Thriller
5168,5940,Eating Raoul (1982),Comedy
5169,5941,Drumline (2002),Comedy|Drama|Musical|Romance
5170,5942,"Hot Chick, The (2002)",Comedy
5171,5943,Maid in Manhattan (2002),Comedy|Romance
5172,5944,Star Trek: Nemesis (2002),Action|Drama|Sci-Fi|Thriller
5173,5945,About Schmidt (2002),Comedy|Drama
5174,5946,"Pellet (Bola, El) (2000)",Drama
5175,5947,Evelyn (2002),Drama
5176,5949,Intact (Intacto) (2001),Thriller
5177,5951,Morvern Callar (2002),Drama
5178,5952,"Lord of the Rings: The Two Towers, The (2002)",Adventure|Fantasy
5179,5953,Devils on the Doorstep (Guizi lai le) (2000),Drama|War
5180,5954,25th Hour (2002),Crime|Drama
5181,5955,Antwone Fisher (2002),Drama
5182,5956,Gangs of New York (2002),Crime|Drama
5183,5957,Two Weeks Notice (2002),Comedy|Romance
5184,5958,"Wild Thornberrys Movie, The (2002)",Animation|Children|Comedy
5185,5959,Narc (2002),Crime|Drama|Thriller
5186,5960,Bad Influence (1990),Drama|Thriller
5187,5961,Blue Steel (1990),Action|Thriller
5188,5962,Body of Evidence (1993),Drama|Thriller
5189,5963,"Children's Hour, The (1961)",Drama
5190,5965,"Duellists, The (1977)",Action|War
5191,5966,"Kiss Before Dying, A (1956)",Film-Noir|Mystery
5192,5968,Miami Blues (1990),Comedy|Crime|Drama
5193,5969,My Girl 2 (1994),Comedy|Drama|Romance
5194,5970,My Girl (1991),Comedy|Drama|Romance
5195,5971,My Neighbor Totoro (Tonari no Totoro) (1988),Animation|Children|Drama|Fantasy
5196,5972,"Road to Hong Kong, The (1962)",Comedy
5197,5974,"Thief of Bagdad, The (1940)",Adventure|Fantasy
5198,5975,War and Peace (1956),Drama|Romance|War
5199,5977,Where's Poppa? (1970),Comedy
5200,5979,Attack of the Crab Monsters (1957),Horror|Sci-Fi
5201,5980,Black Christmas (1974),Horror|Mystery|Thriller
5202,5981,"Day of the Triffids, The (1962)",Horror|Sci-Fi
5203,5983,Invaders from Mars (1953),Sci-Fi
5204,5984,"Story of O, The (Histoire d'O) (1975)",Drama|Romance
5205,5985,Asoka (Ashoka the Great) (2001),Action|Drama|Romance
5206,5986,Fat City (1972),Drama
5207,5987,"Love, Honour and Obey (2000)",Comedy|Crime|Drama
5208,5988,Quicksilver (1986),Drama
5209,5989,Catch Me If You Can (2002),Crime|Drama
5210,5990,Pinocchio (2002),Children|Comedy|Fantasy
5211,5991,Chicago (2002),Comedy|Crime|Drama|Musical
5212,5992,"Hours, The (2002)",Drama|Romance
5213,5993,Max (2002),Drama
5214,5994,Nicholas Nickleby (2002),Drama|Romance
5215,5995,"Pianist, The (2002)",Drama|War
5216,5998,Doppelganger (1993),Horror|Thriller
5217,5999,Heavy Metal 2000 (2000),Action|Adventure|Animation|Fantasy|Sci-Fi
5218,6001,"King of Comedy, The (1983)",Comedy|Drama
5219,6002,Love Liza (2002),Drama
5220,6003,Confessions of a Dangerous Mind (2002),Comedy|Crime|Drama|Thriller
5221,6005,Blue Collar Comedy Tour: The Movie (2003),Comedy|Documentary
5222,6006,Just Married (2003),Comedy|Romance
5223,6008,"Son, The (Le fils) (2002)",Drama
5224,6010,Double Whammy (2001),Action|Comedy|Drama
5225,6012,"Guy Thing, A (2003)",Comedy|Romance
5226,6013,Kangaroo Jack (2003),Action|Comedy
5227,6014,National Security (2003),Action|Comedy
5228,6016,City of God (Cidade de Deus) (2002),Action|Adventure|Crime|Drama|Thriller
5229,6017,Divine Intervention (Yadon ilaheyya) (2002),Comedy|Drama|Romance|War
5230,6020,Alice Adams (1935),Comedy|Drama
5231,6021,"American Friend, The (Amerikanische Freund, Der) (1977)",Crime|Drama|Mystery|Thriller
5232,6022,American Me (1992),Drama
5233,6023,Band of Outsiders (Bande à part) (1964),Comedy|Crime|Drama|Romance
5234,6024,Breaking Up (1997),Comedy|Romance
5235,6025,CB4 - The Movie (1993),Comedy
5236,6027,Dogfight (1991),Drama|Romance
5237,6030,Girls! Girls! Girls! (1962),Comedy|Musical
5238,6031,Imitation of Life (1959),Drama|Romance
5239,6032,"Little Romance, A (1979)",Comedy|Romance
5240,6033,Mystery Date (1991),Comedy
5241,6035,Pépé le Moko (1937),Crime|Drama|Romance
5242,6036,Secret Admirer (1985),Comedy|Romance
5243,6037,Summer Lovers (1982),Comedy|Drama|Romance
5244,6038,Tune in Tomorrow... (1990),Comedy|Romance
5245,6039,"Woman in Red, The (1984)",Comedy|Romance
5246,6040,Darkness Falls (2003),Horror|Thriller
5247,6041,Amen. (2002),Drama
5248,6042,Blind Spot: Hitler's Secretary (Im toten Winkel - Hitlers Sekretärin) (2002),Documentary
5249,6044,Blind Date (1984),Horror|Thriller
5250,6045,Bullet (1996),Action|Crime|Drama
5251,6047,Dead Reckoning (1947),Drama|Film-Noir|Mystery
5252,6049,Ethan Frome (1993),Drama
5253,6050,Gus (1976),Children|Comedy
5254,6051,"Harder They Come, The (1973)",Action|Crime|Drama
5255,6054,"Moon-Spinners, The (1964)",Children|Mystery
5256,6055,Sugar Hill (1994),Drama
5257,6056,Chaos (2001),Comedy|Crime|Drama
5258,6057,Biker Boyz (2003),Action|Crime|Drama
5259,6058,Final Destination 2 (2003),Horror|Thriller
5260,6059,"Recruit, The (2003)",Action|Thriller
5261,6060,"Guru, The (2002)",Comedy|Romance
5262,6062,Lost in La Mancha (2002),Documentary
5263,6063,May (2002),Drama|Horror
5264,6064,"Harder They Fall, The (1956)",Drama|Film-Noir
5265,6065,I'm All Right Jack (1959),Comedy
5266,6066,Murder by Decree (1979),Mystery|Thriller
5267,6067,Ordinary Decent Criminal (2000),Comedy|Crime
5268,6070,Tokyo Decadence (Topâzu) (1992),Drama
5269,6072,"Unfaithful Wife, The (Femme infidèle, La) (1969)",Drama|Thriller
5270,6076,Enigma (1983),Drama|Sci-Fi
5271,6077,Evil Under the Sun (1982),Crime|Drama|Mystery
5272,6078,Firefox (1982),Action|Sci-Fi|Thriller
5273,6082,"Grey Fox, The (1982)",Romance|Western
5274,6084,Honkytonk Man (1982),Comedy|Drama
5275,6091,Labyrinth of Passion (Laberinto de Pasiones) (1982),Comedy
5276,6092,"Last American Virgin, The (1982)",Comedy|Drama
5277,6093,"Last Unicorn, The (1982)",Animation|Children|Fantasy
5278,6094,Liquid Sky (1982),Comedy|Sci-Fi
5279,6099,Megaforce (1982),Action|Sci-Fi
5280,6100,"Midsummer Night's Sex Comedy, A (1982)",Comedy|Romance
5281,6101,Missing (1982),Drama|Mystery|Thriller
5282,6102,"Missionary, The (1982)",Comedy
5283,6104,Monty Python Live at the Hollywood Bowl (1982),Comedy
5284,6105,Moonlighting (1982),Drama
5285,6107,"Night of the Shooting Stars (Notte di San Lorenzo, La) (1982)",Drama|War
5286,6109,One from the Heart (1982),Drama|Romance
5287,6114,Permanent Vacation (1982),Drama
5288,6115,Personal Best (1982),Drama
5289,6116,"Pirate Movie, The (1982)",Adventure|Comedy|Musical
5290,6118,Blind Chance (Przypadek) (1981),Drama
5291,6119,Santa Claus Is a Stinker (Le Père Noël est une ordure) (1982),Comedy
5292,6120,Q: The Winged Serpent (1982),Drama|Fantasy|Horror|Sci-Fi|Thriller
5293,6121,Querelle (1982),Drama
5294,6122,Richard Pryor Live on the Sunset Strip (1982),Comedy|Documentary
5295,6123,Sunless (Sans Soleil) (1983),Documentary
5296,6124,Savannah Smiles (1982),Comedy
5297,6125,"Secret Policeman's Other Ball, The (1982)",Comedy|Documentary|Musical
5298,6126,"Veronika Voss (Sehnsucht der Veronika Voss, Die) (1982)",Drama
5299,6127,Shoot the Moon (1982),Drama
5300,6128,Six Pack (1982),Comedy|Drama
5301,6132,"New York Ripper, The (Squartatore di New York, Lo) (1982)",Crime|Horror|Mystery|Thriller
5302,6134,Starstruck (1982),Comedy|Musical
5303,6135,Still of the Night (1982),Mystery|Thriller
5304,6139,Tempest (1982),Comedy|Drama
5305,6140,Tenebre (1982),Horror|Mystery|Thriller
5306,6141,They Call Me Bruce? (a.k.a. A Fistful of Chopsticks) (1982),Comedy
5307,6143,Trail of the Pink Panther (1982),Comedy|Crime
5308,6144,"Traviata, La (1982)",Drama|Musical
5309,6147,"White Rose, The (Weiße Rose, Die) (1982)",Drama|Film-Noir
5310,6148,White Dog (1982),Drama|Horror|Thriller
5311,6152,"Yor, the Hunter from the Future (1983)",Sci-Fi
5312,6153,Zapped! (1982),Comedy|Sci-Fi
5313,6154,Deliver Us from Eva (2003),Comedy|Romance
5314,6155,How to Lose a Guy in 10 Days (2003),Comedy|Romance
5315,6156,Shanghai Knights (2003),Action|Adventure|Comedy
5316,6157,Daredevil (2003),Action|Crime
5317,6158,"Jungle Book 2, The (2003)",Animation|Children
5318,6159,All the Real Girls (2003),Drama|Romance
5319,6160,Amandla! A Revolution in Four Part Harmony (2002),Documentary|Musical
5320,6162,Gerry (2002),Adventure|Drama
5321,6163,He Loves Me... He Loves Me Not (À la folie... pas du tout) (2002),Romance|Thriller
5322,6166,Dennis the Menace (1993),Comedy
5323,6168,10 to Midnight (1983),Action|Adventure|Thriller
5324,6169,"Black Stallion Returns, The (1983)",Adventure|Children
5325,6170,"Black Stallion, The (1979)",Adventure|Children|Drama
5326,6173,Into the West (1992),Adventure|Children
5327,6176,Mr. Majestyk (1974),Action|Drama
5328,6177,Murphy's Law (1986),Action
5329,6178,"Patch of Blue, A (1965)",Drama|Romance
5330,6179,"Prayer for the Dying, A (1987)",Action|Drama
5331,6180,Q & A (1990),Crime|Drama
5332,6181,"Red Badge of Courage, The (1951)",Drama|War
5333,6182,"Thrill of It All, The (1963)",Comedy
5334,6183,Pillow Talk (1959),Comedy|Musical|Romance
5335,6184,"Man Who Fell to Earth, The (1976)",Drama|Sci-Fi
5336,6185,Dark Blue (2003),Action|Crime|Drama|Thriller
5337,6186,Gods and Generals (2003),Action|Drama|War
5338,6187,"Life of David Gale, The (2003)",Crime|Drama|Thriller
5339,6188,Old School (2003),Comedy
5340,6190,"Lawless Heart, The (2003)",Comedy|Drama
5341,6192,Open Hearts (Elsker dig for evigt) (2002),Romance
5342,6193,Poolhall Junkies (2002),Comedy|Drama|Thriller
5343,6195,Stone Reader (2002),Documentary
5344,6196,Cradle 2 the Grave (2003),Action|Crime|Drama|Thriller
5345,6197,Spider (2002),Drama|Mystery
5346,6198,American Heart (1992),Crime|Drama
5347,6200,Insignificance (1985),Comedy|Drama
5348,6201,Lady Jane (1986),Drama|Romance
5349,6202,Late Marriage (Hatuna Meuheret) (2001),Comedy|Drama|Romance
5350,6203,Life Stinks (1991),Comedy
5351,6204,"Meteor Man, The (1993)",Comedy
5352,6206,Seize the Day (1986),Drama
5353,6208,Teenagers from Outer Space (1959),Horror|Sci-Fi
5354,6210,Volcano High (Whasango) (2001),Action|Comedy
5355,6211,Ten (2002),Drama
5356,6212,Bringing Down the House (2003),Comedy
5357,6213,Tears of the Sun (2003),Action|Drama|Thriller
5358,6214,Irreversible (Irréversible) (2002),Crime|Drama|Mystery|Thriller
5359,6215,Laurel Canyon (2002),Drama
5360,6216,Nowhere in Africa (Nirgendwo in Afrika) (2001),Drama
5361,6217,"Safety of Objects, The (2001)",Drama
5362,6218,Bend It Like Beckham (2002),Comedy|Drama|Romance
5363,6219,"Hunted, The (2003)",Action|Drama|Thriller
5364,6220,Willard (2003),Drama|Horror|Thriller
5365,6221,Gaudi Afternoon (2001),Comedy|Drama|Mystery
5366,6222,Prozac Nation (2001),Drama
5367,6223,Spun (2001),Comedy|Crime|Drama
5368,6225,King of Kings (1961),Drama
5369,6226,"Lost Honor of Katharina Blum, The (Verlorene Ehre der Katharina Blum oder: Wie Gewalt entstehen und wohin sie führen kann, Die) (1975)",Drama
5370,6228,"Talk of the Town, The (1942)",Comedy|Romance|Thriller
5371,6229,Two-Lane Blacktop (1971),Drama
5372,6230,Bang the Drum Slowly (1973),Drama
5373,6231,"Benny Goodman Story, The (1955)",Drama|Musical
5374,6232,Born Free (1966),Adventure|Children|Drama
5375,6233,Born Yesterday (1993),Comedy|Romance
5376,6234,Equus (1977),Drama|Mystery
5377,6235,Europa Europa (Hitlerjunge Salomon) (1990),Drama|War
5378,6236,Fear Strikes Out (1957),Drama
5379,6237,"Glenn Miller Story, The (1953)",Drama
5380,6238,Green Card (1990),Comedy|Drama|Romance
5381,6239,Journey to the Center of the Earth (1959),Adventure|Children|Sci-Fi
5382,6240,One Good Cop (1991),Action|Crime|Drama
5383,6241,Pauline at the Beach (Pauline à la Plage) (1983),Comedy|Drama|Romance
5384,6242,Ringu (Ring) (1998),Horror|Mystery|Thriller
5385,6243,Ringu 2 (Ring 2) (1999),Horror|Mystery
5386,6244,Salaam Bombay! (1988),Drama
5387,6245,Sweet Charity (1969),Comedy|Drama|Musical|Romance
5388,6247,Women in Love (1969),Drama|Romance
5389,6248,Japon (a.k.a. Japan) (Japón) (2002),Drama
5390,6249,Boat Trip (2003),Comedy
5391,6250,Dreamcatcher (2003),Drama|Horror|Sci-Fi|Thriller
5392,6251,Piglet's Big Movie (2003),Animation|Children
5393,6252,"View from the Top, A (2003)",Comedy|Romance
5394,6254,"Awful Truth, The (1937)",Comedy|Romance
5395,6255,"Bible, The (a.k.a. Bible... In the Beginning, The) (1966)",Drama
5396,6257,I Am Curious (Yellow) (Jag är nyfiken - en film i gult) (1967),Documentary|Drama
5397,6258,"Dames du Bois de Boulogne, Les (Ladies of the Bois de Boulogne, The) (Ladies of the Park) (1945)",Drama|Romance
5398,6259,My Friend Flicka (1943),Children|Western
5399,6260,"Robe, The (1953)",Drama
5400,6261,Wind (1992),Action|Romance
5401,6263,Basic (2003),Drama|Thriller|War
5402,6264,"Core, The (2003)",Action|Drama|Sci-Fi|Thriller
5403,6265,Head of State (2003),Comedy
5404,6266,What a Girl Wants (2003),Comedy|Drama|Romance
5405,6267,Assassination Tango (2002),Drama|Thriller
5406,6268,Raising Victor Vargas (2002),Comedy|Drama|Romance
5407,6269,Stevie (2002),Documentary
5408,6270,Akira Kurosawa's Dreams (Dreams) (1990),Drama|Fantasy
5409,6271,Day for Night (La Nuit Américaine) (1973),Comedy|Drama|Romance
5410,6273,In a Lonely Place (1950),Drama|Film-Noir|Mystery|Romance
5411,6279,"Good Thief, The (2002)",Crime|Drama
5412,6280,"Man Apart, A (2003)",Action|Crime|Drama|Thriller
5413,6281,Phone Booth (2002),Drama|Thriller
5414,6283,Cowboy Bebop: The Movie (Cowboy Bebop: Tengoku no Tobira) (2001),Action|Animation|Sci-Fi|Thriller
5415,6285,Levity (2003),Drama
5416,6286,"Man Without a Past, The (Mies vailla menneisyyttä) (2002)",Comedy|Crime|Drama
5417,6287,Anger Management (2003),Comedy
5418,6288,Better Luck Tomorrow (2002),Crime|Drama
5419,6289,Ghosts of the Abyss (2003),Documentary|IMAX
5420,6290,House of 1000 Corpses (2003),Horror
5421,6291,Lilya 4-Ever (Lilja 4-ever) (2002),Crime|Drama
5422,6293,XX/XY (2002),Drama|Romance
5423,6294,Bulletproof Monk (2003),Action|Adventure|Sci-Fi
5424,6295,Chasing Papi (a.k.a. Papi Chulo) (2003),Comedy
5425,6296,"Mighty Wind, A (2003)",Comedy|Musical
5426,6297,Holes (2003),Adventure|Children|Comedy|Mystery
5427,6298,Malibu's Most Wanted (2003),Comedy|Crime
5428,6299,"Winged Migration (Peuple migrateur, Le) (2001)",Documentary
5429,6300,Flickering Lights (Blinkende lygter) (2000),Action|Comedy|Crime
5430,6301,Straw Dogs (1971),Drama|Thriller
5431,6303,"Andromeda Strain, The (1971)",Mystery|Sci-Fi
5432,6304,Brainscan (1994),Comedy|Horror|Sci-Fi|Thriller
5433,6305,Fahrenheit 451 (1966),Drama|Sci-Fi
5434,6306,I Am Trying to Break Your Heart (2002),Documentary
5435,6308,Legal Eagles (1986),Comedy|Crime|Romance
5436,6311,"Other Side of Heaven, The (2001)",Adventure|Drama
5437,6312,"Private Function, A (1984)",Comedy
5438,6313,Sibling Rivalry (1990),Comedy
5439,6314,Undercover Blues (1993),Comedy|Crime
5440,6315,Wildcats (1986),Comedy
5441,6316,"Wiz, The (1978)",Adventure|Children|Comedy|Fantasy|Musical
5442,6318,"Marrying Man, The (Too Hot to Handle) (1991)",Comedy|Romance
5443,6319,"My Father the Hero (Mon père, ce héros.) (1991)",Comedy|Drama
5444,6320,Scenes from a Mall (1991),Comedy
5445,6321,Stella (1990),Drama
5446,6322,Confidence (2003),Crime|Thriller
5447,6323,Identity (2003),Crime|Horror|Mystery|Thriller
5448,6324,It Runs in the Family (2003),Comedy|Drama
5449,6325,"Real Cancun, The (2003)",Documentary
5450,6326,City of Ghosts (2002),Crime|Drama|Thriller
5451,6327,"Decade Under the Influence, A (2003)",Documentary
5452,6329,Manic (2001),Drama
5453,6330,People I Know (2002),Crime|Drama
5454,6331,Spellbound (2002),Documentary
5455,6332,"Lizzie McGuire Movie, The (2003)",Children|Comedy|Romance
5456,6333,X2: X-Men United (2003),Action|Adventure|Sci-Fi|Thriller
5457,6334,Blue Car (2002),Drama
5458,6335,"Dancer Upstairs, The (2002)",Crime|Drama|Thriller
5459,6337,Owning Mahowny (2003),Crime|Drama|Thriller
5460,6338,Daddy Day Care (2003),Children|Comedy
5461,6339,"Man on the Train (Homme du train, L') (2002)",Comedy|Drama
5462,6341,"Shape of Things, The (2003)",Drama
5463,6344,101 Reykjavik (101 Reykjavík) (2000),Comedy|Drama|Romance
5464,6345,"Chorus Line, A (1985)",Comedy|Drama|Musical
5465,6346,Absolute Beginners (1986),Musical
5466,6347,Beat Street (1984),Drama|Musical
5467,6348,Breakin' 2: Electric Boogaloo (1984),Musical
5468,6349,Breakin' (1984),Drama|Musical
5469,6350,Laputa: Castle in the Sky (Tenkû no shiro Rapyuta) (1986),Action|Adventure|Animation|Children|Fantasy|Sci-Fi
5470,6351,Hysterical Blindness (2002),Drama
5471,6352,Lambada (1990),Drama
5472,6356,Gunfight at the O.K. Corral (1957),Western
5473,6357,High Society (1956),Comedy|Musical|Romance
5474,6358,Kiss Me Kate (1953),Comedy|Musical|Romance
5475,6365,"Matrix Reloaded, The (2003)",Action|Adventure|Sci-Fi|Thriller|IMAX
5476,6366,Dracula: Pages from a Virgin's Diary (2001),Horror|Mystery
5477,6367,Down with Love (2003),Comedy|Romance
5478,6368,Cinemania (2002),Documentary
5479,6370,"Spanish Apartment, The (L'auberge espagnole) (2002)",Comedy|Drama|Romance
5480,6371,Pokémon Heroes (2003),Animation|Children
5481,6373,Bruce Almighty (2003),Comedy|Drama|Fantasy|Romance
5482,6374,"In-Laws, The (2003)",Comedy
5483,6375,Gigantic (A Tale of Two Johns) (2002),Documentary
5484,6376,Respiro (2002),Comedy|Drama
5485,6377,Finding Nemo (2003),Adventure|Animation|Children|Comedy
5486,6378,"Italian Job, The (2003)",Action|Crime
5487,6379,Wrong Turn (2003),Horror|Thriller
5488,6380,Capturing the Friedmans (2003),Documentary
5489,6382,Together (Han ni Zai Yiki) (2002),Drama
5490,6383,"2 Fast 2 Furious (Fast and the Furious 2, The) (2003)",Action|Crime|Thriller
5491,6385,Whale Rider (2002),Drama
5492,6386,Nevada Smith (1966),Western
5493,6387,Once a Thief (Zong heng si hai) (1991),Action|Comedy|Crime|Thriller
5494,6390,Silk Stockings (1957),Musical
5495,6391,Snowball Express (1972),Children|Comedy
5496,6392,"Man Called Horse, A (1970)",Adventure|Drama|Western
5497,6394,Big Jake (1971),Western
5498,6395,"Crazies, The (a.k.a. Code Name: Trixie) (1973)",Action|Drama|Horror|Sci-Fi|Thriller
5499,6396,Dementia 13 (1963),Horror|Thriller
5500,6398,Le Mans (1971),Action|Adventure
5501,6400,Murder on a Sunday Morning (Un coupable idéal) (2001),Documentary
5502,6401,Rio Lobo (1970),Adventure|Romance|War|Western
5503,6403,"Swimmer, The (1968)",Drama
5504,6404,"White Sheik, The (Sceicco bianco, Lo) (1952)",Comedy|Romance
5505,6405,Treasure Island (1950),Adventure|Children
5506,6406,Two Evil Eyes (1990),Horror
5507,6407,"Walk, Don't Run (1966)",Comedy|Romance
5508,6408,Animals are Beautiful People (1974),Comedy|Documentary
5509,6409,Bend of the River (1952),Western
5510,6410,Car Wash (1976),Comedy
5511,6412,Destry Rides Again (1939),Comedy|Western
5512,6413,"Electric Horseman, The (1979)",Comedy|Western
5513,6414,Gay Purr-ee (1962),Animation|Children|Musical
5514,6416,King Rat (1965),Drama|War
5515,6419,Mr. & Mrs. Bridge (1990),Drama
5516,6422,Shenandoah (1965),Drama|War|Western
5517,6423,Straight Talk (1992),Comedy
5518,6424,Oscar (1991),Comedy|Crime|Mystery|Romance
5519,6425,"6th Man, The (Sixth Man, The) (1997)",Comedy
5520,6426,"Far Country, The (1954)",Western
5521,6427,"Railway Children, The (1970)",Children|Drama
5522,6428,Two Mules for Sister Sara (1970),Comedy|War|Western
5523,6429,Winchester '73 (1950),Western
5524,6430,Ziggy Stardust and the Spiders from Mars (1973),Documentary|Musical
5525,6432,"Courtship of Eddie's Father, The (1963)",Comedy
5526,6433,"Man with the Movie Camera, The (Chelovek s kino-apparatom) (1929)",Documentary
5527,6436,This Boy's Life (1993),Drama
5528,6437,13 Rue Madeleine (1947),Thriller|War
5529,6440,Barton Fink (1991),Drama|Thriller
5530,6441,Battle of Britain (1969),War
5531,6442,Belle époque (1992),Comedy|Romance
5532,6445,Cloak and Dagger (1946),Drama|Romance
5533,6446,"Comancheros, The (1961)",Action|Adventure|Drama|Romance
5534,6448,"Flight of the Phoenix, The (1965)",Action|Adventure|Drama
5535,6449,From the Terrace (1960),Drama
5536,6450,"Heaven Knows, Mr. Allison (1957)",Drama|War
5537,6451,"Hot Rock, The (1972)",Comedy|Crime
5538,6452,"Long, Hot Summer, The (1958)",Drama
5539,6453,Man of Aran (1934),Documentary
5540,6454,Music Box (1989),Drama
5541,6455,North to Alaska (1960),Comedy|Western
5542,6457,Sink the Bismark! (1960),Action|Drama|War
5543,6458,"Blue Max, The (1966)",Adventure|Drama|War
5544,6459,"Desert Fox, The (1951)",Drama|War
5545,6460,"Trial, The (Procès, Le) (1962)",Drama
5546,6461,"Unforgiven, The (1960)",Drama|Western
5547,6462,"Undefeated, The (1969)",Western
5548,6464,Good Burger (1997),Children|Comedy
5549,6466,Mississippi Masala (1991),Drama|Romance
5550,6467,Quai des Orfèvres (Jenny Lamour) (1947),Crime|Drama
5551,6468,"Stranger Among Us, A (1992)",Crime|Drama|Romance
5552,6469,Cahill U.S. Marshal (Cahill: United States Marshal) (Wednesday Morning) (1973),Western
5553,6470,Chisum (1970),Western
5554,6473,Half Moon Street (1986),Drama|Thriller
5555,6475,Opportunity Knocks (1990),Comedy
5556,6476,Shattered (1991),Mystery|Thriller
5557,6477,"Song of Bernadette, The (1943)",Drama
5558,6478,"Life and Times of Judge Roy Bean, The (1972)",Comedy|Western
5559,6480,Thoroughly Modern Millie (1967),Comedy|Musical
5560,6481,Where the Heart Is (1990),Comedy|Drama
5561,6482,Dumb and Dumberer: When Harry Met Lloyd (2003),Comedy
5562,6483,From Justin to Kelly (2003),Musical|Romance
5563,6484,Hollywood Homicide (2003),Action|Crime|Drama
5564,6485,Rugrats Go Wild! (2003),Adventure|Animation|Children|Comedy
5565,6486,"Hard Word, The (2002)",Comedy|Crime|Drama|Thriller
5566,6487,"Heart of Me, The (2002)",Drama|Romance
5567,6488,Jet Lag (Décalage horaire) (2002),Comedy|Romance
5568,6493,Alex and Emma (2003),Comedy|Drama|Romance
5569,6495,Experiment in Terror (1962),Crime|Thriller
5570,6497,Is Paris Burning? (Paris brûle-t-il?) (1966),Drama|War
5571,6498,Murphy's War (1971),War
5572,6500,"Satanic Rites of Dracula, The (1974)",Horror
5573,6502,28 Days Later (2002),Action|Horror|Sci-Fi
5574,6503,Charlie's Angels: Full Throttle (2003),Action|Adventure|Comedy|Crime|Thriller
5575,6505,Ed and His Dead Mother (1993),Comedy|Horror
5576,6506,Fulltime Killer (Chuen jik sat sau) (2001),Action|Thriller
5577,6508,"Bank, The (2001)",Thriller
5578,6509,Ali: Fear Eats the Soul (Angst essen Seele auf) (1974),Drama|Romance
5579,6510,"Bodies, Rest & Motion (1993)",Drama|Romance
5580,6513,Made for Each Other (1939),Comedy|Drama|Romance
5581,6515,You Only Live Once (1937),Crime|Film-Noir
5582,6516,Anastasia (1956),Drama
5583,6517,"Babe, The (1992)",Drama
5584,6518,Flight of the Intruder (1991),Action|War
5585,6519,Fun with Dick and Jane (1977),Comedy
5586,6520,Knights of the Round Table (1953),Adventure|Drama
5587,6521,"Main Event, The (1979)",Comedy
5588,6522,Man's Favorite Sport? (1964),Comedy
5589,6523,Mr. Baseball (1992),Comedy|Romance
5590,6524,Never on Sunday (Pote tin Kyriaki) (1960),Comedy|Drama
5591,6525,Nuts (1987),Drama
5592,6526,Rhapsody in August (Hachi-gatsu no kyôshikyoku) (1991),Drama
5593,6527,Scaramouche (1952),Adventure|Romance
5594,6528,Start the Revolution Without Me (1970),Comedy
5595,6530,"Tenant, The (Locataire, Le) (1976)",Drama|Horror|Mystery|Thriller
5596,6531,"Hour of the Pig, The (1993)",Crime|Drama|Mystery
5597,6533,"What's Up, Doc? (1972)",Comedy
5598,6534,Hulk (2003),Action|Adventure|Sci-Fi
5599,6535,"Legally Blonde 2: Red, White & Blonde (2003)",Comedy
5600,6536,Sinbad: Legend of the Seven Seas (2003),Adventure|Animation|Children|Fantasy
5601,6537,Terminator 3: Rise of the Machines (2003),Action|Adventure|Sci-Fi
5602,6538,Swimming Pool (2003),Drama|Mystery|Thriller
5603,6539,Pirates of the Caribbean: The Curse of the Black Pearl (2003),Action|Adventure|Comedy|Fantasy
5604,6541,"League of Extraordinary Gentlemen, The (a.k.a. LXG) (2003)",Action|Fantasy|Sci-Fi
5605,6542,"Cuckoo, The (Kukushka) (2002)",Comedy|Drama|War
5606,6544,"Housekeeper, The (femme de ménage, Une) (2002)",Comedy|Drama|Romance
5607,6545,I Capture the Castle (2003),Drama|Romance
5608,6547,Northfork (2003),Drama|Fantasy
5609,6548,Bad Boys II (2003),Action|Comedy|Crime|Thriller
5610,6549,How to Deal (2003),Comedy|Drama|Romance
5611,6550,Johnny English (2003),Action|Comedy|Thriller
5612,6551,"Anarchist Cookbook, The (2002)",Comedy|Romance
5613,6552,Dirty Pretty Things (2002),Crime|Drama|Thriller
5614,6554,Garage Days (2002),Comedy|Musical
5615,6557,Born to Be Wild (1995),Adventure|Children|Comedy|Drama
5616,6558,Curly Sue (1991),Comedy|Drama
5617,6559,Little Giants (1994),Children|Comedy
5618,6560,Loose Cannons (1990),Action|Comedy
5619,6561,"Mouse That Roared, The (1959)",Comedy|War
5620,6562,Spencer's Mountain (1963),Comedy|Drama
5621,6563,Masked & Anonymous (2003),Comedy|Drama
5622,6564,Lara Croft Tomb Raider: The Cradle of Life (2003),Action|Adventure|Comedy|Romance|Thriller
5623,6565,Seabiscuit (2003),Drama
5624,6566,Spy Kids 3-D: Game Over (2003),Action|Adventure|Children
5625,6567,Buffalo Soldiers (2001),Comedy|Crime|Drama|War
5626,6568,Camp (2003),Comedy|Musical
5627,6571,"Mondays in the Sun (Lunes al sol, Los) (2002)",Drama
5628,6572,Scorched (2003),Comedy|Crime
5629,6573,Avanti! (1972),Comedy|Drama
5630,6574,Eve of Destruction (1991),Action|Sci-Fi|Thriller
5631,6575,Gator (1976),Action|Drama
5632,6576,Juggernaut (1974),Action|Thriller
5633,6577,Kickboxer 2: The Road Back (1991),Action|Drama
5634,6578,"Kiss Me, Stupid (1964)",Comedy
5635,6579,"One, Two, Three (1961)",Comedy
5636,6581,"Private Life of Sherlock Holmes, The (1970)",Comedy|Drama|Mystery
5637,6582,Remo Williams: The Adventure Begins (1985),Action|Comedy|Crime|Thriller
5638,6583,"Blood of Heroes, The (Salute of the Jugger, The) (1989)",Action|Sci-Fi
5639,6584,"What's Up, Tiger Lily? (1966)",Adventure|Comedy|Crime|Thriller
5640,6586,American Wedding (American Pie 3) (2003),Comedy
5641,6587,Gigli (2003),Comedy|Crime|Romance
5642,6588,And Now... Ladies and Gentlemen... (2002),Romance|Thriller
5643,6591,"Magdalene Sisters, The (2002)",Drama
5644,6592,"Secret Lives of Dentists, The (2002)",Drama
5645,6593,Freaky Friday (2003),Children|Comedy|Fantasy
5646,6595,S.W.A.T. (2003),Action|Thriller
5647,6596,"Divorce, Le (2003)",Comedy|Drama|Romance
5648,6597,"Princess Blade, The (Shura Yukihime) (2001)",Action|Sci-Fi
5649,6598,Step Into Liquid (2002),Documentary
5650,6599,Accattone (1961),Drama
5651,6600,...And God Spoke (1993),Comedy
5652,6601,Big Trouble (1986),Comedy
5653,6602,Brain Damage (1988),Comedy|Horror
5654,6603,"Double Life, A (1947)",Crime|Drama|Film-Noir
5655,6609,"Gospel According to St. Matthew, The (Vangelo secondo Matteo, Il) (1964)",Drama
5656,6610,"Honeymoon Killers, The (1970)",Crime|Thriller
5657,6611,Umberto D. (1952),Drama
5658,6612,Brother's Keeper (1992),Documentary
5659,6613,"Day of the Dolphin, The (1973)",Drama
5660,6614,I Love You to Death (1990),Comedy|Crime
5661,6615,Freddy vs. Jason (2003),Action|Horror|Thriller
5662,6616,Grind (2003),Action|Comedy
5663,6617,Open Range (2003),Western
5664,6618,Shaolin Soccer (Siu lam juk kau) (2001),Action|Comedy
5665,6619,Uptown Girls (2003),Comedy
5666,6620,American Splendor (2003),Comedy|Drama
5667,6624,Agent Cody Banks (2003),Action|Adventure|Children|Fantasy
5668,6625,Camp Nowhere (1994),Adventure|Children|Comedy
5669,6628,Hot Dog... The Movie (1984),Comedy
5670,6629,House of Wax (1953),Crime|Horror|Mystery|Thriller
5671,6630,"Inn of the Sixth Happiness, The (1958)",Adventure|Drama
5672,6631,Man's Best Friend (1993),Horror|Sci-Fi|Thriller
5673,6635,"Rachel Papers, The (1989)",Drama|Romance
5674,6636,"Sure Thing, The (1985)",Comedy|Romance
5675,6638,Valley Girl (1983),Comedy|Romance
5676,6639,Wait Until Dark (1967),Drama|Thriller
5677,6641,Code Unknown (Code inconnu: Récit incomplet de divers voyages) (2000),Drama
5678,6642,Showdown in Little Tokyo (1991),Action|Crime
5679,6643,Tokyo Story (Tôkyô monogatari) (1953),Drama
5680,6644,"Green Ray, The (Rayon vert, Le) (1986)",Drama|Romance
5681,6645,THX 1138 (1971),Action|Adventure|Drama|Sci-Fi
5682,6646,Valley of the Dolls (1967),Drama
5683,6648,Chunhyang (2000),Drama|Musical|Romance
5684,6649,Tunes of Glory (1960),Drama
5685,6650,Kind Hearts and Coronets (1949),Comedy|Drama
5686,6651,Ash Wednesday (2002),Crime|Drama
5687,6652,Joe Kidd (1972),Western
5688,6653,"Keep, The (1983)",Horror|Thriller
5689,6657,"Beast from 20,000 Fathoms, The (1953)",Sci-Fi
5690,6658,10 (1979),Comedy|Romance
5691,6659,Tremors (1990),Comedy|Horror|Sci-Fi
5692,6660,"Red Shoes, The (1948)",Drama|Fantasy|Musical|Romance
5693,6662,"Pink Panther, The (1963)",Comedy|Crime
5694,6663,"Pink Panther Strikes Again, The (1976)",Comedy|Crime
5695,6664,Commando (1985),Action|Adventure
5696,6665,Dracula (1979),Horror|Romance
5697,6666,"Discreet Charm of the Bourgeoisie, The (Charme discret de la bourgeoisie, Le) (1972)",Comedy|Drama|Fantasy
5698,6667,Waco: The Rules of Engagement (1997),Documentary
5699,6668,"Road Home, The (Wo de fu qin mu qin) (1999)",Drama|Romance
5700,6669,Ikiru (1952),Drama
5701,6670,Comic Book Villains (2002),Comedy
5702,6671,"Angel at My Table, An (1990)",Drama
5703,6672,War Photographer (2001),Documentary|War
5704,6676,Incident at Oglala (1992),Documentary
5705,6678,"Handmaid's Tale, The (1990)",Drama|Sci-Fi
5706,6679,Revolution OS (2001),Documentary
5707,6680,Live Nude Girls Unite! (2000),Documentary
5708,6681,All the Little Animals (1998),Drama|Thriller
5709,6682,Earth (1998),Drama|War
5710,6683,Fire (1996),Drama
5711,6684,Death in Venice (Morte a Venezia) (1971),Drama|Romance
5712,6686,"Medallion, The (2003)",Action|Comedy|Crime|Fantasy
5713,6687,My Boss's Daughter (2003),Comedy|Romance
5714,6689,"Battle of Shaker Heights, The (2003)",Comedy|Drama|Romance
5715,6690,Don't Tempt Me (Sin noticias de Dios) (2001),Comedy|Fantasy|Mystery
5716,6692,Stoked: The Rise and Fall of Gator (2002),Documentary
5717,6695,Jeepers Creepers 2 (2003),Horror|Thriller
5718,6696,Bollywood/Hollywood (2002),Comedy|Drama|Musical|Romance
5719,6699,Once Upon a Time in the Midlands (2002),Drama
5720,6700,"Other Side of the Bed, The (Otro lado de la cama, El) (2002)",Comedy|Drama|Musical|Romance
5721,6701,Zero Day (2002),Drama
5722,6702,Dickie Roberts: Former Child Star (2003),Comedy
5723,6703,"Order, The (2003)",Horror|Mystery|Thriller
5724,6705,Party Monster (2003),Comedy|Crime|Drama|Thriller
5725,6707,Cabin Fever (2002),Horror|Thriller
5726,6708,Matchstick Men (2003),Comedy|Crime|Drama
5727,6709,Once Upon a Time in Mexico (2003),Action|Adventure|Crime|Thriller
5728,6710,Dummy (2002),Comedy|Drama|Romance
5729,6711,Lost in Translation (2003),Comedy|Drama|Romance
5730,6713,Millennium Actress (Sennen joyû) (2001),Animation|Drama|Romance
5731,6714,So Close (Chik Yeung Tin Sai) (2002),Action|Comedy|Romance|Thriller
5732,6718,Gotcha! (1985),Comedy
5733,6720,Kuffs (1992),Action|Comedy|Crime
5734,6721,Once Upon a Time in China (Wong Fei Hung) (1991),Action|Adventure|Drama
5735,6722,Once Upon a Time in China II (Wong Fei-hung Ji Yi: Naam yi dong ji keung) (1992),Action|Romance
5736,6723,Once Upon a Time in China III (Wong Fei-hung tsi sam: Siwong tsangba) (1993),Action
5737,6724,Paper Moon (1973),Comedy|Crime|Drama
5738,6725,Sgt. Pepper's Lonely Hearts Club Band (1978),Adventure|Musical
5739,6727,Targets (1968),Crime|Thriller
5740,6730,Convoy (1978),Action|Comedy|Drama
5741,6731,Day of the Dead (1985),Horror|Sci-Fi|Thriller
5742,6732,"Hello, Dolly! (1969)",Comedy|Musical|Romance
5743,6734,Memoirs of an Invisible Man (1992),Comedy|Romance|Sci-Fi|Thriller
5744,6735,"Rose, The (1979)",Drama
5745,6736,See No Evil (1971),Crime|Drama|Horror|Thriller
5746,6740,Bingo (1991),Adventure|Comedy
5747,6741,God told Me To (1976),Crime|Horror|Mystery|Sci-Fi|Thriller
5748,6743,Jungle Book (1942),Adventure|Fantasy
5749,6744,Once Bitten (1985),Comedy|Horror
5750,6745,"Shrimp on the Barbie, The (1990)",Comedy
5751,6746,Squirm (1976),Horror|Romance
5752,6747,"Adventures of Huckleberry Finn, The (1960)",Adventure|Children
5753,6748,"Brood, The (1979)",Horror
5754,6749,"Prince and the Pauper, The (1937)",Adventure|Drama
5755,6750,Anything Else (2003),Comedy|Drama|Romance
5756,6751,Cold Creek Manor (2003),Drama|Thriller
5757,6752,"Fighting Temptations, The (2003)",Drama
5758,6753,Secondhand Lions (2003),Children|Comedy|Drama
5759,6754,Underworld (2003),Action|Fantasy|Horror
5760,6755,Bubba Ho-tep (2002),Comedy|Horror
5761,6756,Casa de los babys (2003),Drama
5762,6757,Demonlover (2002),Crime|Drama|Mystery|Thriller
5763,6760,In This World (2002),Adventure|Drama
5764,6761,Tibet: Cry of the Snow Lion (2002),Documentary
5765,6762,Yossi & Jagger (2002),Drama|Romance
5766,6763,Duplex (2003),Comedy|Crime
5767,6764,"Rundown, The (2003)",Action|Adventure|Comedy
5768,6765,Under the Tuscan Sun (2003),Comedy|Drama|Romance
5769,6768,Luther (2003),Drama
5770,6769,Mambo Italiano (2003),Comedy
5771,6770,My Life Without Me (2003),Drama|Romance
5772,6771,Dorm Daze (National Lampoon Presents Dorm Daze) (2003),Comedy
5773,6772,To Be and to Have (Être et avoir) (2002),Documentary
5774,6773,"Triplets of Belleville, The (Les triplettes de Belleville) (2003)",Animation|Comedy|Fantasy
5775,6774,Videodrome (1983),Fantasy|Horror|Sci-Fi|Thriller
5776,6775,Life and Debt (2001),Documentary
5777,6776,Lagaan: Once Upon a Time in India (2001),Comedy|Drama|Musical|Romance
5778,6777,Judgment at Nuremberg (1961),Drama
5779,6779,"Same Time, Next Year (1978)",Comedy|Drama|Romance
5780,6780,"Brief History of Time, A (1991)",Documentary
5781,6781,"Jacob the Liar (Jakob, der Lügner) (1975)",Drama
5782,6782,Leningrad Cowboys Go America (1989),Comedy|Musical
5783,6783,"Rules of the Game, The (La règle du jeu) (1939)",Comedy|Drama
5784,6784,"Song Remains the Same, The (1976)",Documentary|Musical
5785,6785,Seven Brides for Seven Brothers (1954),Comedy|Musical|Romance|Western
5786,6786,Kiss of the Spider Woman (1985),Drama
5787,6787,All the President's Men (1976),Drama|Thriller
5788,6788,Angie (1994),Comedy|Drama|Romance
5789,6789,"Apartment, The (Appartement, L') (1996)",Drama|Mystery|Romance
5790,6790,Avalon (2001),Drama|Fantasy|Sci-Fi
5791,6791,Babette's Feast (Babettes gæstebud) (1987),Drama
5792,6792,"Barber of Siberia, The (Sibirskij tsiryulnik) (1998)",Drama|Romance
5793,6793,Beethoven (1992),Children|Comedy|Drama
5794,6794,Beethoven's 2nd (1993),Children|Comedy
5795,6795,Black Moon Rising (1986),Action|Crime|Sci-Fi|Thriller
5796,6796,Boyz N the Hood (1991),Crime|Drama
5797,6797,Bugsy (1991),Crime|Drama
5798,6798,Bugsy Malone (1976),Children|Comedy|Crime|Musical
5799,6800,Cobra (1986),Action|Crime
5800,6801,"Common Wealth (Comunidad, La) (2000)",Comedy|Thriller
5801,6802,Consenting Adults (1992),Thriller
5802,6803,Phenomena (a.k.a. Creepers) (1985),Horror|Mystery|Thriller
5803,6804,Crimewave (1985),Comedy|Crime
5804,6805,Crying Freeman (1995),Action|Crime|Thriller
5805,6806,Time and Tide (Seunlau Ngaklau) (2000),Action|Crime|Thriller
5806,6807,Monty Python's The Meaning of Life (1983),Comedy
5807,6808,Where Eagles Dare (1968),Action|Adventure|War
5808,6809,Tightrope (1984),Thriller
5809,6810,Sleeping with the Enemy (1991),Drama|Thriller
5810,6811,PCU (1994),Comedy
5811,6812,"Rookie, The (1990)",Action|Comedy|Thriller
5812,6813,"Ghost and Mr. Chicken, The (1966)",Comedy|Romance
5813,6814,City Heat (1984),Action|Comedy
5814,6815,Into the Night (1985),Action|Comedy|Drama|Thriller
5815,6816,Three O'Clock High (1987),Comedy
5816,6817,"White Hunter, Black Heart (1990)",Adventure|Drama
5817,6818,Come and See (Idi i smotri) (1985),Drama|War
5818,6820,Ginger Snaps (2000),Drama|Horror|Thriller
5819,6821,More American Graffiti (1979),Comedy
5820,6825,"Reluctant Astronaut, The (1967)",Comedy
5821,6826,"Shakiest Gun in the West, The (1968)",Comedy|Western
5822,6827,It's Pat (1994),Comedy
5823,6828,"Sunday in the Country, A (Un dimanche à la campagne) (1984)",Drama
5824,6829,"Gun in Betty Lou's Handbag, The (1992)",Comedy|Mystery
5825,6832,Regarding Henry (1991),Drama
5826,6837,Love Affair (1939),Comedy|Drama|Romance
5827,6839,All I Want (Try Seventeen) (2002),Comedy|Drama|Romance
5828,6840,"Hospital, The (1971)",Comedy|Drama
5829,6841,Article 99 (1992),Comedy|Drama
5830,6844,Oleanna (1994),Drama
5831,6848,Kingdom of the Spiders (1977),Horror|Sci-Fi
5832,6849,Scrooge (1970),Drama|Fantasy|Musical
5833,6850,Leap of Faith (1992),Comedy|Drama
5834,6851,"Gas, Food, Lodging (1992)",Drama|Romance
5835,6852,In Cold Blood (1967),Crime|Drama
5836,6854,"Bedford Incident, The (1965)",Drama|Thriller|War
5837,6856,Yankee Doodle Dandy (1942),Drama|Musical
5838,6857,Ninja Scroll (Jûbei ninpûchô) (1995),Action|Adventure|Animation|Fantasy
5839,6858,Knife in the Water (Nóz w wodzie) (1962),Drama
5840,6859,"Devil and Daniel Webster, The (All That Money Can Buy) (1941)",Drama|Fantasy
5841,6860,Mobsters (1991),Crime|Drama
5842,6862,Out of Time (2003),Crime|Drama|Thriller
5843,6863,School of Rock (2003),Comedy|Musical
5844,6864,"Concert for George, The (2003)",Documentary|Musical
5845,6867,"Station Agent, The (2003)",Comedy|Drama
5846,6868,Wonderland (2003),Crime|Drama|Mystery|Thriller
5847,6869,Bus 174 (Ônibus 174) (2002),Crime|Documentary
5848,6870,Mystic River (2003),Crime|Drama|Mystery
5849,6871,Good Boy! (2003),Children|Comedy|Sci-Fi
5850,6872,"House of the Dead, The (2003)",Action|Horror
5851,6873,Intolerable Cruelty (2003),Comedy|Romance
5852,6874,Kill Bill: Vol. 1 (2003),Action|Crime|Thriller
5853,6875,Dopamine (2003),Comedy|Drama|Romance
5854,6876,"Flower of Evil, The (Fleur du mal, La) (2003)",Drama
5855,6879,Runaway Jury (2003),Drama|Thriller
5856,6880,"Texas Chainsaw Massacre, The (2003)",Horror
5857,6881,Pieces of April (2003),Comedy|Drama
5858,6882,Returner (Ritaanaa) (2002),Action|Adventure|Sci-Fi
5859,6883,Sylvia (2003),Drama|Romance
5860,6884,Veronica Guerin (2003),Crime|Drama|Thriller
5861,6885,In the Cut (2003),Crime|Drama|Mystery|Romance|Thriller
5862,6886,Beyond Borders (2003),Drama|Romance|War
5863,6887,Radio (2003),Drama
5864,6888,Scary Movie 3 (2003),Comedy|Horror
5865,6889,Brother Bear (2003),Adventure|Animation|Children
5866,6890,Elephant (2003),Drama
5867,6892,"Singing Detective, The (2003)",Comedy|Drama|Musical|Mystery
5868,6893,"Italian Job, The (1969)",Action|Comedy|Crime
5869,6895,Normal (2003),Drama
5870,6896,Shoah (1985),Documentary|War
5871,6898,Sweet Sixteen (2002),Drama
5872,6899,Alien from L.A. (1988),Sci-Fi
5873,6900,Black Sunday (1977),Action|Drama|Thriller
5874,6902,Interstate 60 (2002),Adventure|Comedy|Drama|Fantasy|Mystery|Sci-Fi|Thriller
5875,6906,That Was Then... This Is Now (1985),Drama
5876,6909,"Eye, The (Gin gwai) (Jian gui) (2002)",Thriller
5877,6910,Kronos (a.k.a. Captain Kronos: Vampire Hunter) (1973),Horror
5878,6918,"Unvanquished, The (Aparajito) (1957)",Drama
5879,6920,"Cercle Rouge, Le (Red Circle, The) (1970)",Crime|Thriller
5880,6921,Man of Marble (Czlowiek z Marmuru) (1977),Drama
5881,6923,Sherlock Holmes and the Voice of Terror (1942),Crime|Mystery|War
5882,6924,Sherlock Holmes Faces Death (1943),Crime|Mystery
5883,6925,Sherlock Holmes in Washington (1943),Crime|Mystery
5884,6927,"Human Stain, The (2003)",Drama|Romance|Thriller
5885,6928,"Die, Mommie, Die (2003)",Comedy
5886,6932,Shattered Glass (2003),Crime|Drama
5887,6934,"Matrix Revolutions, The (2003)",Action|Adventure|Sci-Fi|Thriller|IMAX
5888,6935,"Revolution Will Not Be Televised, The (a.k.a. Chavez: Inside the Coup) (2003)",Documentary
5889,6936,Elf (2003),Children|Comedy|Fantasy
5890,6939,Gloomy Sunday (Ein Lied von Liebe und Tod) (1999),Drama|Romance
5891,6940,In My Skin (Dans ma Peau) (2002),Drama
5892,6942,Love Actually (2003),Comedy|Drama|Romance
5893,6944,Father of the Bride (1991),Comedy
5894,6945,My Architect: A Son's Journey (2003),Documentary
5895,6946,Looney Tunes: Back in Action (2003),Action|Animation|Children|Fantasy
5896,6947,Master and Commander: The Far Side of the World (2003),Adventure|Drama|War
5897,6948,Tupac: Resurrection (2003),Documentary
5898,6949,"Big Empty, The (2003)",Comedy|Mystery|Sci-Fi
5899,6950,"Missing, The (2003)",Adventure|Thriller|Western
5900,6951,"Cat in the Hat, The (2003)",Children|Comedy
5901,6952,Gothika (2003),Horror|Thriller
5902,6953,21 Grams (2003),Crime|Drama|Mystery|Romance|Thriller
5903,6954,"Barbarian Invasions, The (Les invasions barbares) (2003)",Comedy|Crime|Drama|Mystery|Romance
5904,6957,Bad Santa (2003),Comedy|Crime
5905,6958,"Haunted Mansion, The (2003)",Children|Comedy|Fantasy|Horror
5906,6959,Timeline (2003),Action|Adventure|Sci-Fi
5907,6961,Damage (Fatale) (1992),Drama
5908,6963,Devil's Playground (2002),Documentary
5909,6964,Dance with a Stranger (1985),Crime|Drama|Thriller
5910,6965,Journeys with George (2002),Documentary
5911,6966,Darkman (1990),Action|Crime|Fantasy|Sci-Fi|Thriller
5912,6967,Dead of Night (1945),Horror|Mystery
5913,6969,"Dernier Combat, Le (Last Battle, The) (1983)",Drama|Sci-Fi
5914,6970,Desk Set (1957),Comedy|Romance
5915,6971,Europa (Zentropa) (1991),Drama|Thriller
5916,6973,Final Analysis (1992),Drama|Romance|Thriller
5917,6974,"Freshman, The (1990)",Comedy|Crime
5918,6975,Funny Games (1997),Drama|Horror|Thriller
5919,6976,Tales from the Crypt (1972),Horror
5920,6977,New Jack City (1991),Action|Crime|Drama
5921,6978,Slacker (1991),Comedy|Drama
5922,6979,WarGames (1983),Drama|Sci-Fi|Thriller
5923,6980,Mr. Hobbs Takes a Vacation (1962),Comedy
5924,6981,"Ordet (Word, The) (1955)",Drama
5925,6982,Forbidden Games (Jeux interdits) (1952),Drama|War
5926,6983,Jane Eyre (1944),Drama|Romance
5927,6984,"Tale of Two Cities, A (1935)",Drama
5928,6985,"Passion of Joan of Arc, The (Passion de Jeanne d'Arc, La) (1928)",Drama
5929,6986,Ben-Hur: A Tale of the Christ (1925),Adventure|Drama
5930,6987,"Cabinet of Dr. Caligari, The (Cabinet des Dr. Caligari., Das) (1920)",Crime|Fantasy|Horror
5931,6988,Broken Blossoms or The Yellow Man and the Girl (1919),Drama|Romance
5932,6989,Gorky Park (1983),Crime|Drama|Thriller
5933,6990,"Great Train Robbery, The (a.k.a. First Great Train Robbery, The) (1979)",Action|Adventure|Comedy|Crime|Drama
5934,6991,"Greystoke: The Legend of Tarzan, Lord of the Apes (1984)",Adventure|Drama|Romance
5935,6992,Guarding Tess (1994),Comedy|Drama
5936,6993,Hannah and Her Sisters (1986),Comedy|Drama|Romance
5937,6994,"Hard Way, The (1991)",Action|Comedy
5938,6995,Hercules in New York (1970),Action|Comedy|Fantasy
5939,6996,Highlander II: The Quickening (1991),Action|Sci-Fi
5940,6997,Hoffa (1992),Crime|Drama
5941,6998,House of Cards (1993),Drama
5942,6999,Housesitter (1992),Comedy|Romance
5943,7000,Hudson Hawk (1991),Action|Adventure|Comedy
5944,7001,Invasion of the Body Snatchers (1978),Horror|Mystery|Sci-Fi|Thriller
5945,7002,Mindwalk (1990),Drama
5946,7003,Kafka (1991),Comedy|Drama|Mystery|Sci-Fi|Thriller
5947,7004,Kindergarten Cop (1990),Action|Comedy|Crime|Thriller
5948,7005,King Ralph (1991),Comedy
5949,7006,Knight Moves (1992),Mystery|Thriller
5950,7007,"Last Boy Scout, The (1991)",Action|Comedy|Crime|Drama|Thriller
5951,7008,Last Tango in Paris (Ultimo tango a Parigi) (1972),Drama|Romance
5952,7009,Lorenzo's Oil (1992),Drama
5953,7010,"Lover, The (Amant, L') (1992)",Drama|Romance
5954,7011,"Bullfighter, The (Matador) (1986)",Comedy|Crime|Drama
5955,7012,Mr. Destiny (1990),Comedy|Fantasy
5956,7013,"Night of the Hunter, The (1955)",Drama|Film-Noir|Thriller
5957,7014,Nowhere to Run (1993),Action|Romance
5958,7015,Only the Lonely (1991),Comedy|Romance
5959,7016,Over the Top (1987),Action|Drama
5960,7017,Passenger 57 (1992),Action|Thriller
5961,7018,Presumed Innocent (1990),Crime|Drama|Thriller
5962,7019,Project X (1987),Comedy|Drama
5963,7020,Proof (1991),Comedy|Drama|Romance
5964,7021,Pure Luck (1991),Comedy|Crime
5965,7022,Battle Royale (Batoru rowaiaru) (2000),Action|Drama|Horror|Thriller
5966,7023,"Wedding Banquet, The (Xi yan) (1993)",Comedy|Drama|Romance
5967,7024,"Salo, or The 120 Days of Sodom (Salò o le 120 giornate di Sodoma) (1976)",Drama
5968,7025,"Midnight Clear, A (1992)",Drama|War
5969,7026,Summer School (1987),Comedy
5970,7027,Silverado (1985),Action|Western
5971,7028,Quick Change (1990),Comedy|Crime
5972,7029,Rabid (1977),Horror|Thriller
5973,7030,Radio Flyer (1992),Drama
5974,7031,"Real McCoy, The (1993)",Action|Crime|Drama|Thriller
5975,7032,Revenge (1990),Drama|Romance|Thriller
5976,7033,"Secret of My Succe$s, The (a.k.a. The Secret of My Success) (1987)",Comedy|Romance
5977,7034,Show Me Love (Fucking Åmål) (1998),Drama|Romance
5978,7035,Streets of Fire (1984),Action|Romance
5979,7036,Teen Wolf (1985),Comedy|Fantasy
5980,7037,High Heels (Tacones lejanos) (1991),Comedy|Drama
5981,7038,Things You Can Tell Just by Looking at Her (2000),Drama|Romance
5982,7039,Thunderheart (1992),Crime|Mystery|Thriller
5983,7040,To Live and Die in L.A. (1985),Action|Crime|Drama|Thriller
5984,7041,Trapped in Paradise (1994),Comedy|Crime
5985,7042,Betty Blue (37°2 le matin) (1986),Drama|Romance
5986,7043,Vivre sa vie: Film en douze tableaux (My Life to Live) (1962),Drama
5987,7044,Wild at Heart (1990),Crime|Drama|Mystery|Romance|Thriller
5988,7045,"Witches, The (1990)",Children|Fantasy
5989,7046,"Witches of Eastwick, The (1987)",Comedy|Fantasy|Horror|Thriller
5990,7047,Year of the Dragon (1985),Action|Crime|Drama
5991,7048,Nothing to Lose (1997),Action|Adventure|Comedy|Crime
5992,7049,Flying Down to Rio (1933),Comedy|Musical|Romance
5993,7050,Follow the Fleet (1936),Comedy|Musical|Romance
5994,7051,"What's New, Pussycat (1965)",Comedy
5995,7054,Little Women (1949),Drama
5996,7055,Swing Time (1936),Comedy|Musical|Romance
5997,7056,"Public Enemy, The (1931)",Action|Crime|Drama
5998,7057,"Midsummer Night's Dream, A (1935)",Comedy|Fantasy|Romance
5999,7058,Life with Father (1947),Comedy
6000,7059,National Velvet (1944),Children|Drama
6001,7060,Jesus Christ Superstar (1973),Drama|Musical
6002,7061,Dark Victory (1939),Drama|Romance
6003,7062,Birdman of Alcatraz (1962),Drama
6004,7063,"Aguirre: The Wrath of God (Aguirre, der Zorn Gottes) (1972)",Adventure|Drama
6005,7064,Beauty and the Beast (La belle et la bête) (1946),Drama|Fantasy
6006,7065,"Birth of a Nation, The (1915)",Drama|War
6007,7066,"Blue Kite, The (Lan feng zheng) (1993)",Drama
6008,7067,Juliet of the Spirits (Giulietta degli spiriti) (1965),Comedy|Drama|Fantasy|Romance
6009,7068,Last Year at Marienbad (L'Année dernière à Marienbad) (1961),Drama|Mystery|Romance
6010,7069,"Macbeth (a.k.a. Tragedy of Macbeth, The) (1971)",Drama
6011,7070,Red River (1948),Action|Adventure|Western
6012,7071,"Woman Under the Influence, A (1974)",Drama
6013,7072,Stagecoach (1939),Action|Drama|Romance|Western
6014,7073,"Shot in the Dark, A (1964)",Comedy|Crime|Mystery
6015,7074,"Navigator, The (1924)",Comedy
6016,7075,"Court Jester, The (1956)",Adventure|Comedy|Musical
6017,7076,Bullitt (1968),Action|Crime|Drama|Thriller
6018,7078,Jezebel (1938),Drama
6019,7079,"Hunchback of Notre Dame, The (1939)",Drama
6020,7080,42nd Street (1933),Drama|Musical|Romance
6021,7081,I'm No Angel (1933),Comedy
6022,7082,That Touch of Mink (1962),Comedy|Romance
6023,7083,Sweet Dreams (1985),Drama
6024,7084,"Play It Again, Sam (1972)",Comedy|Romance
6025,7085,Send Me No Flowers (1964),Comedy|Romance
6026,7086,Pygmalion (1938),Comedy|Drama
6027,7087,"Passage to India, A (1984)",Adventure|Drama
6028,7088,Black Orpheus (Orfeu Negro) (1959),Drama|Romance
6029,7089,Amarcord (1973),Comedy|Drama
6030,7090,Hero (Ying xiong) (2002),Action|Adventure|Drama
6031,7091,Horse Feathers (1932),Comedy
6032,7092,Anna Karenina (1935),Drama|Romance
6033,7093,"Front Page, The (1974)",Comedy
6034,7094,Attraction (2000),Drama|Romance|Thriller
6035,7095,Looking for Mr. Goodbar (1977),Drama
6036,7096,Rivers and Tides (2001),Documentary
6037,7099,Nausicaä of the Valley of the Wind (Kaze no tani no Naushika) (1984),Adventure|Animation|Drama|Fantasy|Sci-Fi
6038,7101,Doc Hollywood (1991),Comedy|Romance
6039,7102,Dragnet (1987),Comedy|Crime|Drama
6040,7103,Madhouse (1990),Comedy
6041,7104,1941 (1979),Comedy|War
6042,7107,Foul Play (1978),Comedy|Thriller
6043,7108,Crime Story (Zhong an zu) (1993),Action|Crime|Drama
6044,7109,Beyond the Clouds (Al di là delle nuvole) (1996),Drama|Romance
6045,7111,Ryan's Daughter (1970),Drama|Romance
6046,7114,"Collector, The (1965)",Drama|Horror|Thriller
6047,7115,Deep Red (Profondo rosso) (1975),Horror|Mystery|Thriller
6048,7116,Diabolique (Les diaboliques) (1955),Horror|Mystery|Thriller
6049,7117,Leprechaun (1993),Comedy|Horror
6050,7118,Wings of Honneamise (Ôritsu uchûgun Oneamisu no tsubasa) (1987),Animation|Drama|Sci-Fi|War
6051,7119,Crazy People (1990),Comedy
6052,7121,Adam's Rib (1949),Comedy|Romance
6053,7122,King of Hearts (1966),Comedy|Drama|War
6054,7123,Naked Lunch (1991),Drama|Fantasy|Mystery|Sci-Fi
6055,7124,Grass (1999),Documentary
6056,7125,Spring Forward (1999),Drama
6057,7126,"Killing of a Chinese Bookie, The (1976)",Comedy|Crime|Drama|Film-Noir|Musical
6058,7127,Run (1991),Action|Drama|Thriller
6059,7128,Things to Come (1936),Sci-Fi
6060,7130,Darling (1965),Drama
6061,7131,"Summer Place, A (1959)",Drama
6062,7132,"Night at the Opera, A (1935)",Comedy|Musical|Romance
6063,7133,Metalstorm: The Destruction of Jared-Syn (1983),Action|Adventure|Sci-Fi
6064,7134,"Element of Crime, The (Forbrydelsens Element) (1984)",Drama|Thriller
6065,7135,Shoot the Piano Player (Tirez sur le pianiste) (1960),Crime|Drama|Romance|Thriller
6066,7136,Stolen Kisses (Baisers volés) (1968),Comedy|Drama|Romance
6067,7137,"Cooler, The (2003)",Comedy|Drama|Romance
6068,7139,In America (2002),Drama|Romance
6069,7141,My Flesh and Blood (2003),Documentary
6070,7142,Honey (2003),Drama|Romance
6071,7143,"Last Samurai, The (2003)",Action|Adventure|Drama|War
6072,7147,Big Fish (2003),Drama|Fantasy|Romance
6073,7148,Love Don't Cost a Thing (2003),Drama|Romance
6074,7149,Something's Gotta Give (2003),Comedy|Drama|Romance
6075,7150,Stuck on You (2003),Comedy
6076,7151,Girl with a Pearl Earring (2003),Drama|Romance
6077,7152,"Statement, The (2003)",Drama|Thriller
6078,7153,"Lord of the Rings: The Return of the King, The (2003)",Action|Adventure|Drama|Fantasy
6079,7154,Mona Lisa Smile (2003),Drama|Romance
6080,7155,Calendar Girls (2003),Comedy
6081,7156,"Fog of War: Eleven Lessons from the Life of Robert S. McNamara, The (2003)",Documentary|War
6082,7157,"Hebrew Hammer, The (2003)",Comedy
6083,7158,House of Sand and Fog (2003),Drama
6084,7160,Monster (2003),Crime|Drama
6085,7161,Cheaper by the Dozen (2003),Children|Comedy
6086,7162,Cold Mountain (2003),Drama|Romance|War
6087,7163,Paycheck (2003),Action|Sci-Fi|Thriller
6088,7164,Peter Pan (2003),Action|Adventure|Children|Fantasy
6089,7165,"Company, The (2003)",Drama|Musical
6090,7167,Japanese Story (2003),Drama
6091,7168,Secret Things (Choses secrètes) (2002),Drama
6092,7169,Chasing Liberty (2004),Comedy|Romance
6093,7171,Aileen: Life and Death of a Serial Killer (2003),Documentary
6094,7172,Distant (Uzak) (2002),Drama
6095,7173,Along Came Polly (2004),Comedy|Romance
6096,7174,Teacher's Pet (2004),Animation|Children
6097,7175,Torque (2004),Action|Crime
6098,7176,Crimson Gold (Talaye sorgh) (2003),Drama
6099,7177,Osama (2003),Drama
6100,7178,"Great Gatsby, The (1974)",Drama
6101,7179,Wuthering Heights (1992),Drama|Romance
6102,7181,Ship of Fools (1965),Drama
6103,7183,There's a Girl in My Soup (1970),Comedy
6104,7185,Real Men (1987),Comedy|Sci-Fi
6105,7186,Once Upon a Crime... (1992),Comedy|Mystery
6106,7189,"Car 54, Where Are You? (1994)",Comedy
6107,7190,Jane Eyre (1970),Drama
6108,7191,Blame It on the Bellboy (1992),Comedy
6109,7193,"Adventures of Ford Fairlane, The (1990)",Action|Comedy
6110,7194,Bonjour tristesse (1958),Drama
6111,7195,"Enforcer, The (1951)",Crime|Drama|Film-Noir
6112,7198,"Pick-up Artist, The (1987)",Comedy|Romance
6113,7199,Melvin Goes to Dinner (2003),Comedy|Drama
6114,7201,Crime Spree (2003),Comedy|Crime
6115,7202,Beyond Re-Animator (2003),Horror
6116,7205,"Wind and the Lion, The (1975)",Adventure
6117,7206,Mon Oncle (My Uncle) (1958),Comedy
6118,7207,Where the Boys Are (1960),Comedy
6119,7208,Dr. Jekyll and Mr. Hyde (1941),Drama|Horror
6120,7209,"M. Hulot’s Holiday (Mr. Hulot's Holiday) (Vacances de Monsieur Hulot, Les) (1953)",Comedy
6121,7210,My Darling Clementine (1946),Western
6122,7211,People Will Talk (1951),Comedy|Romance
6123,7212,I Was a Male War Bride (1949),Comedy|Romance
6124,7215,To Have and Have Not (1944),Adventure|Drama|Romance|Thriller|War
6125,7216,High Sierra (1941),Crime|Drama|Film-Noir|Thriller
6126,7217,Dark Passage (1947),Crime|Drama|Film-Noir|Romance|Thriller
6127,7218,"Ox-Bow Incident, The (1943)",Drama|Western
6128,7219,They Drive by Night (1940),Drama
6129,7220,Micki + Maude (1984),Comedy
6130,7221,Platinum Blonde (1931),Comedy|Romance
6131,7222,Reefer Madness (a.k.a. Tell Your Children) (1938),Comedy|Drama
6132,7223,D.O.A. (1950),Drama|Film-Noir|Mystery
6133,7224,"Boy with Green Hair, The (1948)",Children|Drama
6134,7225,Pumping Iron (1977),Documentary
6135,7226,No Good Deed (a.k.a. The House on Turk Street) (2002),Crime|Drama|Thriller
6136,7227,"Trouble with Angels, The (1966)",Comedy
6137,7228,Cool World (1992),Animation|Comedy|Fantasy
6138,7229,Money for Nothing (1993),Comedy|Crime
6139,7234,"Strada, La (1954)",Drama
6140,7235,Ichi the Killer (Koroshiya 1) (2001),Action|Comedy|Crime|Drama|Horror|Thriller
6141,7236,"Boy and His Dog, A (1975)",Sci-Fi
6142,7237,"Last Tycoon, The (1976)",Drama|Romance
6143,7238,Ashes and Diamonds (Popiól i diament) (1958),Drama|War
6144,7239,Marooned (1969),Drama|Sci-Fi
6145,7241,Kanal (1957),Drama|War
6146,7243,Intolerance: Love's Struggle Throughout the Ages (1916),Drama
6147,7244,"Beast of Yucca Flats, The (1961)",Horror|Sci-Fi
6148,7247,Chitty Chitty Bang Bang (1968),Adventure|Children|Comedy|Fantasy|Musical
6149,7249,Plaza Suite (1971),Comedy
6150,7250,"Out of Towners, The (1970)",Comedy
6151,7252,"Three Stooges in Orbit, The (1962)",Comedy|Sci-Fi
6152,7253,It (1927),Comedy|Romance
6153,7254,The Butterfly Effect (2004),Drama|Sci-Fi|Thriller
6154,7255,Win a Date with Tad Hamilton! (2004),Comedy|Romance
6155,7256,Touching the Void (2003),Adventure|Documentary
6156,7257,"Big Bounce, The (2004)",Comedy|Crime|Thriller
6157,7258,"Perfect Score, The (2004)",Comedy|Crime
6158,7259,You Got Served (2004),Drama|Musical
6159,7260,Latter Days (2003),Comedy|Drama|Romance
6160,7261,Barbershop 2: Back in Business (2004),Comedy
6161,7262,Catch That Kid (2004),Action|Adventure|Children|Comedy|Crime
6162,7263,Miracle (2004),Drama
6163,7265,"Dreamers, The (2003)",Drama
6164,7266,"Lost Skeleton of Cadavra, The (2002)",Comedy|Horror|Sci-Fi
6165,7270,Sleep with Me (1994),Comedy|Drama|Romance
6166,7272,Super Fly (Superfly) (1972),Action|Crime|Drama
6167,7275,Uptown Saturday Night (1974),Comedy
6168,7280,Blacula (1972),Horror
6169,7281,"Scream, Blacula, Scream! (1973)",Horror
6170,7283,Swing Shift (1984),Drama
6171,7284,Trespass (1992),Action|Crime|Thriller
6172,7285,Thirteen (2003),Drama
6173,7286,Simple Men (1992),Comedy|Drama
6174,7289,"Silent Night, Bloody Night (1973)",Horror
6175,7292,Best Defense (1984),Comedy|War
6176,7293,50 First Dates (2004),Comedy|Romance
6177,7294,Welcome to Mooseport (2004),Comedy
6178,7297,Kitchen Stories (Salmer fra kjøkkenet) (2003),Comedy|Drama
6179,7299,Monsieur Ibrahim (Monsieur Ibrahim et les fleurs du Coran) (2003),Drama
6180,7300,Vanishing Point (1971),Action|Drama
6181,7301,Diary of a Country Priest (Journal d'un curé de campagne) (1951),Drama
6182,7302,"Thief of Bagdad, The (1924)",Action|Adventure|Fantasy
6183,7303,"Diary of Anne Frank, The (1959)",Drama|War
6184,7304,Allegro non troppo (1977),Animation|Comedy|Fantasy|Musical
6185,7305,Black Widow (1987),Crime|Drama|Mystery|Thriller
6186,7306,"Herod's Law (Ley de Herodes, La) (2000)",Comedy|Crime|Mystery
6187,7307,Flesh & Blood (1985),Action|Adventure|Drama|War
6188,7308,King Solomon's Mines (1985),Adventure|Comedy
6189,7310,Raw Deal (1986),Action
6190,7311,"Goodbye, Mr. Chips (1939)",Drama|Romance
6191,7312,"Follow Me, Boys! (1966)",Comedy|Drama
6192,7313,Fire Birds (1990),Action|Adventure
6193,7314,Robot Stories (2003),Drama|Sci-Fi
6194,7315,Against the Ropes (2004),Comedy|Drama
6195,7316,Confessions of a Teenage Drama Queen (2004),Comedy
6196,7317,EuroTrip (2004),Adventure|Comedy
6197,7318,"Passion of the Christ, The (2004)",Drama
6198,7319,Club Dread (2004),Comedy|Horror
6199,7320,Dirty Dancing: Havana Nights (2004),Romance
6200,7321,Twisted (2004),Thriller
6201,7323,"Good bye, Lenin! (2003)",Comedy|Drama
6202,7324,Hidalgo (2004),Adventure|Drama
6203,7325,Starsky & Hutch (2004),Action|Comedy|Crime|Thriller
6204,7326,"Reckoning, The (2004)",Crime|Drama
6205,7327,Persona (1966),Drama
6206,7328,"Passion of Anna, The (Passion, En) (1969)",Drama
6207,7331,"Serpent's Egg, The (Schlangenei, Das) (1977)",Drama|Thriller
6208,7333,"Corbeau, Le (Raven, The) (1943)",Crime|Drama|Thriller
6209,7334,"Front, The (1976)",Comedy|Drama
6210,7335,Pickup on South Street (1953),Film-Noir
6211,7336,"Damned, The (La Caduta degli dei) (1969)",Drama|War
6212,7338,Richard III (1955),Drama|War
6213,7340,Just One of the Guys (1985),Comedy
6214,7341,The Chase (1966),Crime|Drama|Thriller
6215,7345,Agent Cody Banks 2: Destination London (2004),Action|Adventure|Children|Comedy
6216,7346,"Girl Next Door, The (2004)",Comedy|Romance
6217,7347,Secret Window (2004),Mystery|Thriller
6218,7348,Spartan (2004),Thriller
6219,7349,Broken Wings (Knafayim Shvurot) (2002),Drama
6220,7352,Wilbur Wants to Kill Himself (2002),Comedy|Drama|Romance
6221,7353,Clifford (1994),Comedy
6222,7354,Mad Dog and Glory (1993),Comedy|Drama|Romance
6223,7355,Mr. Toad's Wild Ride (a.k.a. The Wind in the Willows) (1996),Adventure|Animation|Comedy
6224,7357,Peyton Place (1957),Drama|Romance
6225,7359,Walk Like a Man (1987),Comedy
6226,7360,Dawn of the Dead (2004),Action|Drama|Horror|Thriller
6227,7361,Eternal Sunshine of the Spotless Mind (2004),Drama|Romance|Sci-Fi
6228,7362,Taking Lives (2004),Crime|Drama|Thriller
6229,7364,Intermission (2003),Comedy|Crime|Drama
6230,7365,Noi the Albino (Nói albinói) (2003),Drama
6231,7366,Jersey Girl (2004),Comedy|Drama|Romance
6232,7367,"Ladykillers, The (2004)",Comedy|Crime
6233,7369,Scooby-Doo 2: Monsters Unleashed (2004),Action|Adventure|Children|Comedy|Mystery
6234,7371,Dogville (2003),Drama|Mystery|Thriller
6235,7372,Ned Kelly (2003),Drama
6236,7373,Hellboy (2004),Action|Adventure|Fantasy|Horror
6237,7374,Home on the Range (2004),Animation|Children|Comedy|Musical|Western
6238,7375,"Prince & Me, The (2004)",Comedy|Romance
6239,7376,Walking Tall (2004),Action
6240,7377,"United States of Leland, The (2003)",Crime|Drama
6241,7378,Johnson Family Vacation (2004),Comedy
6242,7379,"Alamo, The (2004)",Drama|War|Western
6243,7380,Ella Enchanted (2004),Comedy|Fantasy|Romance
6244,7381,"Whole Ten Yards, The (2004)",Action|Comedy|Crime
6245,7382,I'm Not Scared (Io non ho paura) (2003),Drama|Mystery|Thriller
6246,7383,Shade (2003),Crime|Drama|Thriller
6247,7384,Since Otar Left (Depuis qu'Otar est parti...) (2003),Drama
6248,7385,Twentynine Palms (2003),Drama|Horror
6249,7386,"Ten Commandments, The (1956)",Adventure|Drama
6250,7387,Dawn of the Dead (1978),Action|Drama|Horror
6251,7388,"Brother Sun, Sister Moon (Fratello sole, sorella luna) (1972)",Drama
6252,7389,One Million Years B.C. (1966),Adventure|Fantasy
6253,7391,"Mother, Jugs & Speed (1976)",Comedy
6254,7394,Those Magnificent Men in Their Flying Machines (1965),Action|Adventure|Comedy
6255,7395,Cheaper by the Dozen (1950),Comedy|Drama
6256,7396,Scenes From a Marriage (Scener ur ett äktenskap) (1973),Drama
6257,7402,"Food of the Gods, The (1976)",Horror|Sci-Fi
6258,7405,Road to Bali (1952),Comedy|Musical
6259,7406,"Flying Deuces, The (1939)",Comedy
6260,7410,"Osterman Weekend, The (1983)",Action|Thriller
6261,7414,Going in Style (1979),Comedy|Drama
6262,7415,"Late Show, The (1977)",Comedy|Crime|Drama|Mystery
6263,7416,"Sunshine Boys, The (1975)",Comedy
6264,7417,Jersey Girl (1992),Comedy|Romance
6265,7419,After Hours (1985),Comedy|Thriller
6266,7420,Viva Las Vegas (1964),Comedy|Musical|Romance
6267,7437,Connie and Carla (2004),Comedy
6268,7438,Kill Bill: Vol. 2 (2004),Action|Drama|Thriller
6269,7439,"Punisher, The (2004)",Action|Crime|Thriller
6270,7440,Paper Clips (2004),Documentary
6271,7442,Young Adam (2003),Crime|Drama|Thriller
6272,7444,13 Going on 30 (2004),Comedy|Fantasy|Romance
6273,7445,Man on Fire (2004),Action|Crime|Drama|Mystery|Thriller
6274,7448,Envy (2004),Comedy
6275,7449,Godsend (2004),Drama|Horror|Thriller
6276,7450,Laws of Attraction (2004),Comedy|Romance
6277,7451,Mean Girls (2004),Comedy
6278,7453,New York Minute (2004),Action|Adventure|Comedy
6279,7454,Van Helsing (2004),Action|Adventure|Fantasy|Horror
6280,7456,Valentin (Valentín) (2002),Drama
6281,7457,Breakin' All the Rules (2004),Comedy|Romance
6282,7458,Troy (2004),Action|Adventure|Drama|War
6283,7459,Carandiru (2003),Crime|Drama
6284,7460,Coffee and Cigarettes (2003),Comedy|Drama
6285,7474,"Boys in the Band, The (1970)",Drama
6286,7475,Raid (2003),Action|Crime|Drama|Thriller
6287,7478,Swimming to Cambodia (1987),Drama
6288,7480,Under Fire (1983),Drama|Thriller|War
6289,7481,Enemy Mine (1985),Adventure|Drama|Sci-Fi
6290,7482,Enter the Dragon (1973),Action|Crime
6291,7484,Gimme Shelter (1970),Documentary
6292,7485,Good Morning (Ohayô) (1959),Comedy
6293,7486,Happy Together (a.k.a. Buenos Aires Affair) (Chun gwong cha sit) (1997),Drama|Romance
6294,7487,Henry & June (1990),Drama
6295,7489,"Nasty Girl, The (schreckliche Mädchen, Das) (1990)",Comedy|Drama
6296,7490,At First Sight (Entre Nous) (Coup de foudre) (1983),Drama
6297,7491,"Naked Prey, The (1966)",Adventure
6298,7492,Martin (1977),Drama|Horror
6299,7493,"Three Faces of Eve, The (1957)",Drama
6300,7502,Band of Brothers (2001),Action|Drama|War
6301,7505,"Kingdom, The (Riget) (1994)",Drama|Horror|Mystery
6302,7523,Desperate Hours (1990),Crime|Drama|Thriller
6303,7541,100 Girls (2000),Comedy|Romance
6304,7560,Fail-Safe (1964),Drama|Thriller|War
6305,7561,Paperhouse (1988),Fantasy|Horror|Thriller
6306,7562,Dobermann (1997),Action|Crime
6307,7564,Kwaidan (Kaidan) (1964),Horror
6308,7566,28 Up (1985),Documentary
6309,7569,You Only Live Twice (1967),Action|Adventure|Sci-Fi|Thriller
6310,7570,Octopussy (1983),Action|Adventure|Thriller
6311,7571,"Blue Gardenia, The (1953)",Crime|Drama|Film-Noir|Thriller
6312,7572,Wit (2001),Drama
6313,7573,Never Say Never Again (1983),Action|Adventure|Thriller
6314,7574,Maborosi (Maboroshi no hikari) (1995),Drama
6315,7577,"Magic Flute, The (Trollflöjten) (1975)",Comedy|Fantasy|Musical|Romance
6316,7578,Midnight (1939),Comedy|Romance
6317,7579,Pride and Prejudice (1940),Comedy|Drama|Romance
6318,7580,"Man in the Gray Flannel Suit, The (1956)",Drama
6319,7581,"Fountainhead, The (1949)",Drama
6320,7584,Woman of the Year (1942),Comedy|Romance
6321,7585,Summertime (1955),Drama|Romance
6322,7586,Soldier of Orange (a.k.a. Survival Run) (Soldaat van Oranje) (1977),Drama|Thriller|War
6323,7587,"Samouraï, Le (Godson, The) (1967)",Crime|Drama|Thriller
6324,7613,White Palace (1990),Drama
6325,7614,Oklahoma! (1955),Musical|Romance|Western
6326,7615,Desert Hearts (1985),Drama
6327,7616,Body Double (1984),Mystery|Thriller
6328,7617,Rooster Cogburn (1975),Comedy|Western
6329,7618,Chaplin (1992),Drama
6330,7619,"Miracle Worker, The (1962)",Drama
6331,7620,Monster in a Box (1992),Comedy|Drama
6332,7624,School Ties (1992),Drama
6333,7626,Switch (1991),Comedy|Crime|Fantasy
6334,7636,Raising Cain (1992),Horror|Thriller
6335,7637,Irma Vep (1996),Comedy|Drama
6336,7638,Buck Privates (1941),Comedy|Musical
6337,7646,Rose Red (2002),Horror|Mystery|Thriller
6338,7647,Noises Off... (1992),Comedy
6339,7649,Babylon 5: In the Beginning (1998),Adventure|Sci-Fi
6340,7650,"Witchfinder General (Conquerer Worm, The) (1968)",Horror
6341,7657,Versus (2000),Action|Comedy|Fantasy|Horror
6342,7669,Pride and Prejudice (1995),Drama|Romance
6343,7675,"Canterville Ghost, The (1944)",Comedy|Fantasy
6344,7697,"Prince and the Showgirl, The (1957)",Comedy|Romance
6345,7698,"China Syndrome, The (1979)",Drama|Thriller
6346,7700,"Wages of Fear, The (Salaire de la peur, Le) (1953)",Action|Adventure|Drama|Thriller
6347,7701,Look Who's Talking Too (1990),Comedy|Romance
6348,7702,"Bells of St. Mary's, The (1945)",Drama
6349,7704,"Delta Force, The (1986)",Action
6350,7705,Pat and Mike (1952),Comedy|Romance
6351,7706,Animal Crackers (1930),Comedy|Musical
6352,7707,"He Said, She Said (1991)",Comedy|Drama|Romance
6353,7708,Bedazzled (1967),Comedy|Fantasy
6354,7713,Cat People (1942),Drama|Horror|Romance|Thriller
6355,7714,Camelot (1967),Drama|Musical|Romance
6356,7716,"Lonely Guy, The (1984)",Comedy
6357,7720,"Four Musketeers, The (1974)",Action|Adventure|Comedy|Romance
6358,7724,Steel Dawn (1987),Action|Sci-Fi
6359,7725,On Deadly Ground (1994),Action|Adventure|Thriller
6360,7727,Protocol (1984),Comedy
6361,7728,"Postman Always Rings Twice, The (1946)",Crime|Drama|Film-Noir|Thriller
6362,7730,Matinee (1993),Comedy|Drama
6363,7742,Baxter (1989),Drama|Horror
6364,7743,Explorers (1985),Adventure|Children|Sci-Fi
6365,7745,"Scent of Green Papaya, The (Mùi du du xhan - L'odeur de la papaye verte) (1993)",Drama
6366,7748,Pierrot le fou (1965),Crime|Drama
6367,7749,Weekend (a.k.a. Le Week-end) (Week End) (1967),Drama
6368,7753,Tuesdays with Morrie (1999),Drama
6369,7756,Alexander Nevsky (Aleksandr Nevskiy) (1938),Action|Drama|War
6370,7757,Jason and the Argonauts (1963),Action|Adventure|Fantasy
6371,7759,Nostalghia (1983),Drama
6372,7761,"Soft Skin, The (La peau douce) (1964)",Drama
6373,7762,"Tinker, Tailor, Soldier, Spy (1979)",Drama|Thriller
6374,7763,Winter Sleepers (Winterschläfer) (2000),Drama|Romance
6375,7764,"Driller Killer, The (1979)",Drama|Horror
6376,7766,Throne of Blood (Kumonosu jô) (1957),Action|Drama|Thriller|War
6377,7767,"Best of Youth, The (La meglio gioventù) (2003)",Drama
6378,7770,Treasure Island (1990),Adventure
6379,7771,Zorba the Greek (Alexis Zorbas) (1964),Adventure|Drama
6380,7773,"Bang, Bang, You're Dead (2002)",Drama
6381,7781,Twister (1990),Comedy
6382,7782,Sniper (1993),Action|Drama
6383,7784,Ghost in the Machine (a.k.a. Deadly Terror) (1993),Horror|Sci-Fi|Thriller
6384,7785,"Time for Drunken Horses, A (Zamani barayé masti asbha) (2000)",Drama
6385,7786,Genghis Blues (1999),Documentary
6386,7787,To Hell and Back (1955),Action|Drama|War
6387,7789,"11'09\\""01 - September 11 (2002)""",Drama
6388,7790,"Bon Voyage, Charlie Brown (and Don't Come Back!) (1980)",Animation|Children|Comedy
6389,7791,Internal Affairs (1990),Crime|Thriller
6390,7792,"Parallax View, The (1974)",Thriller
6391,7802,"Warriors, The (1979)",Action|Adventure|Crime|Thriller
6392,7809,Ambush (Rukajärven tie) (1999),Drama|Romance|War
6393,7810,Babylon 5: A Call to Arms (1999),Adventure|Sci-Fi
6394,7811,Babylon 5: The River of Souls (1998),Drama|Sci-Fi
6395,7812,Babylon 5: Thirdspace (1998),Drama|Sci-Fi
6396,7815,True Stories (1986),Comedy|Musical
6397,7817,Zardoz (1974),Fantasy|Sci-Fi
6398,7818,School For Scoundrels (1960),Comedy
6399,7820,"Virgin Spring, The (Jungfrukällan) (1960)",Crime|Drama
6400,7822,Mogambo (1953),Adventure|Drama|Romance
6401,7826,"Secret Life of Walter Mitty, The (1947)",Comedy|Romance|Thriller
6402,7827,Cypher (2002),Action|Sci-Fi|Thriller
6403,7831,Another Thin Man (1939),Comedy|Crime|Drama|Mystery|Romance
6404,7832,"Thin Man Goes Home, The (1945)",Comedy|Crime|Mystery
6405,7833,Shadow of the Thin Man (1941),Comedy|Crime|Mystery
6406,7834,After the Thin Man (1936),Comedy|Crime|Mystery|Romance
6407,7835,Song of the Thin Man (1947),Comedy|Crime|Drama|Musical|Mystery|Romance
6408,7836,Woodstock (1970),Documentary|Musical
6409,7840,Gunga Din (1939),Adventure|Comedy|War
6410,7841,Children of Dune (2003),Fantasy|Sci-Fi
6411,7842,Dune (2000),Drama|Fantasy|Sci-Fi
6412,7843,Lammbock (2001),Comedy
6413,7844,"Legend, The (Legend of Fong Sai-Yuk, The) (Fong Sai Yuk) (1993)",Action|Comedy
6414,7845,Tremors II: Aftershocks (1996),Comedy|Horror|Sci-Fi
6415,7846,Tremors 3: Back to Perfection (2001),Comedy|Horror|Sci-Fi
6416,7847,"Peanut Butter Solution, The (1985)",Children|Fantasy
6417,7879,Notorious C.H.O. (2002),Comedy
6418,7881,White Zombie (1932),Horror
6419,7883,I Walked with a Zombie (1943),Drama|Horror
6420,7884,Highway 61 (1991),Comedy
6421,7885,"Vampire Lovers, The (1970)",Horror
6422,7888,How to Succeed in Business Without Really Trying (1967),Comedy|Musical
6423,7889,Pat Garrett and Billy the Kid (1973),Western
6424,7891,"Last Man on Earth, The (Ultimo uomo della Terra, L') (1964)",Drama|Horror|Sci-Fi
6425,7892,"Street Fighter, The (Gekitotsu! Satsujin ken) (1974)",Action
6426,7894,"Duck, You Sucker (a.k.a. Fistful of Dynamite, A) (Giù la testa) (1971)",Action|Adventure|War|Western
6427,7895,Bring Me the Head of Alfredo Garcia (1974),Crime|Drama|Thriller
6428,7896,Ride the High Country (1962),Adventure|Drama|Western
6429,7897,"Ballad of Cable Hogue, The (1970)",Comedy|Western
6430,7898,Junior Bonner (1972),Comedy|Drama|Western
6431,7899,Master of the Flying Guillotine (Du bi quan wang da po xue di zi) (1975),Action
6432,7914,Berlin: Symphony of a Great City (Berlin: Die Sinfonie der Großstadt) (1927),Documentary
6433,7915,Samurai Fiction (SF: Episode One) (1998),Action|Adventure|Comedy
6434,7916,Gidget (1959),Comedy
6435,7918,"Indian Runner, The (1991)",Drama
6436,7919,Drunken Angel (Yoidore tenshi) (1948),Drama|Film-Noir
6437,7920,Desperate Living (1977),Comedy|Crime
6438,7923,Rolling Thunder (1977),Action|Drama
6439,7924,Stray Dog (Nora inu) (1949),Drama|Film-Noir|Thriller
6440,7925,"Hidden Fortress, The (Kakushi-toride no san-akunin) (1958)",Action|Adventure
6441,7926,High and Low (Tengoku to jigoku) (1963),Crime|Drama|Film-Noir|Thriller
6442,7930,"People Under the Stairs, The (1991)",Horror|Mystery|Thriller
6443,7932,Dark Days (2000),Documentary
6444,7933,"Night in Casablanca, A (1946)",Comedy
6445,7934,Zelig (1983),Comedy
6446,7935,Face to Face (Ansikte mot ansikte) (1976),Drama|Fantasy|Horror|Mystery
6447,7936,Shame (Skammen) (1968),Drama|War
6448,7937,"Silence, The (Tystnaden) (1963)",Drama
6449,7938,Winter Light (Nattvardsgästerna) (1963),Drama
6450,7939,Through a Glass Darkly (Såsom i en spegel) (1961),Drama
6451,7940,"Magician, The (Ansiktet) (1958)",Drama
6452,7941,Smiles of a Summer Night (Sommarnattens leende) (1955),Comedy|Romance
6453,7942,Summer with Monika (Sommaren med Monika) (1953),Drama|Romance
6454,7943,"Killers, The (1946)",Crime|Film-Noir
6455,7944,"Night of the Iguana, The (1964)",Drama|Thriller
6456,7946,Reflections in a Golden Eye (1967),Drama
6457,7947,Under the Volcano (1984),Drama
6458,7948,Wise Blood (1979),Comedy|Drama
6459,7949,"Yakuza, The (1975)",Drama
6460,7951,Nightbreed (1990),Fantasy|Horror
6461,7959,"Trip, The (1967)",Drama
6462,7976,Ken Park (2002),Drama
6463,7979,Monterey Pop (1968),Documentary|Musical
6464,7980,"Bridge Too Far, A (1977)",Action|Drama|War
6465,7981,Infernal Affairs (Mou gaan dou) (2002),Crime|Drama|Thriller
6466,7982,"Tale of Two Sisters, A (Janghwa, Hongryeon) (2003)",Drama|Horror|Mystery|Thriller
6467,7983,Broadway Danny Rose (1984),Comedy
6468,7984,From Beyond (1986),Horror|Sci-Fi
6469,7986,Robot Jox (1990),Sci-Fi
6470,7987,Dolls (1987),Horror
6471,7988,Space Truckers (1996),Comedy|Sci-Fi
6472,7990,Rock 'N' Roll High School (1979),Comedy|Musical
6473,7991,Death Race 2000 (1975),Action|Sci-Fi
6474,7993,"Bucket Of Blood, A (1959)",Comedy|Horror
6475,8004,Planet of the Vampires (Terrore nello spazio) (1965),Horror|Sci-Fi
6476,8007,Pure Country (1992),Drama|Musical|Romance
6477,8008,Brigadoon (1954),Fantasy|Musical|Romance
6478,8010,"Power of One, The (1992)",Drama
6479,8011,"Weather Underground, The (2002)",Documentary
6480,8012,Kikujiro (Kikujirô no natsu) (1999),Comedy|Drama
6481,8013,I'm with Lucy (2002),Comedy|Romance
6482,8014,"Spring, Summer, Fall, Winter... and Spring (Bom yeoreum gaeul gyeoul geurigo bom) (2003)",Drama
6483,8015,"Phantom Tollbooth, The (1970)",Adventure|Animation|Children|Fantasy
6484,8016,"Getaway, The (1972)",Action|Crime|Drama|Thriller
6485,8017,10 Rillington Place (1971),Crime|Drama|Thriller
6486,8019,Dark Water (Honogurai mizu no soko kara) (2002),Drama|Horror|Mystery|Thriller
6487,8024,"Thing Called Love, The (1993)",Comedy|Drama|Romance
6488,8025,"Thief, The (Vor) (1997)",Drama
6489,8033,How to Steal a Million (1966),Comedy|Crime|Romance
6490,8035,"Stendhal Syndrome, The (Sindrome di Stendhal, La) (1996)",Crime|Horror|Thriller
6491,8039,Support Your Local Sheriff! (1969),Comedy|Western
6492,8040,Brain Donors (1992),Comedy
6493,8042,Mean Streets (1973),Crime|Drama
6494,8043,Jack the Bear (1993),Comedy|Drama
6495,8044,I Am a Fugitive from a Chain Gang (1932),Crime|Drama|Film-Noir
6496,8045,Hamburger Hill (1987),Action|Drama|War
6497,8056,Harper (1966),Crime|Drama|Mystery
6498,8057,Sweet Bird of Youth (1962),Drama
6499,8062,Dahmer (2002),Drama|Horror|Thriller
6500,8063,Paradise (1991),Drama
6501,8092,Frankenstein Unbound (1990),Drama|Horror|Sci-Fi
6502,8093,Shiri (Swiri) (1999),Action|Drama|Romance|Thriller
6503,8094,Bad Day at Black Rock (1955),Drama|Thriller|Western
6504,8117,In China They Eat Dogs (I Kina spiser de hunde) (1999),Action|Comedy
6505,8118,Delta Force 2 (Delta Force 2: The Colombian Connection) (1990),Action|Adventure|Thriller|War
6506,8119,Crossroads (1986),Drama
6507,8121,"Seducing Doctor Lewis (Grande séduction, La) (2003)",Comedy
6508,8123,Sammy and Rosie Get Laid (1987),Comedy|Drama
6509,8125,Sunrise: A Song of Two Humans (1927),Drama|Romance
6510,8126,Shock Corridor (1963),Drama
6511,8127,"First $20 Million Is Always the Hardest, The (2002)",Comedy
6512,8128,Au revoir les enfants (1987),Drama
6513,8129,Sex: The Annabel Chong Story (1999),Documentary
6514,8130,"Girl Next Door, The (1999)",Documentary
6515,8131,Pursuit of Happiness (2001),Comedy|Romance
6516,8132,Gladiator (1992),Action|Drama
6517,8133,"Inheritance, The (Arven) (2003)",Drama
6518,8134,Wonderful Days (a.k.a. Sky Blue) (2003),Animation|Sci-Fi
6519,8138,Attack of the Giant Leeches (1959),Horror|Sci-Fi
6520,8140,The Cruel Sea (1953),Drama|War
6521,8142,Dead or Alive: Hanzaisha (1999),Action|Crime
6522,8143,Lola Montès (1955),Drama
6523,8147,Charly (1968),Drama|Sci-Fi
6524,8153,Lust for Life (1956),Drama
6525,8154,"Dolce Vita, La (1960)",Drama
6526,8157,Jin Roh: The Wolf Brigade (Jin-Rô) (1998),Animation|Fantasy|Thriller
6527,8158,Rush (1991),Crime|Drama
6528,8167,Captain Blood (1935),Action|Adventure|Romance
6529,8169,*batteries not included (1987),Children|Comedy|Fantasy|Sci-Fi
6530,8183,Educating Rita (1983),Comedy|Drama
6531,8188,Sansho the Bailiff (Sanshô dayû) (1954),Drama
6532,8189,Zazie dans le métro (1960),Comedy
6533,8190,"Americanization of Emily, The (1964)",Comedy|Drama|War
6534,8191,Anne of the Thousand Days (1969),Drama
6535,8194,Baby Doll (1956),Drama
6536,8195,"Avventura, L' (Adventure, The) (1960)",Drama|Mystery|Romance
6537,8196,Beyond the Valley of the Dolls (1970),Comedy|Horror
6538,8197,Hiroshima Mon Amour (1959),Drama|Romance|War
6539,8198,"1000 Eyes of Dr. Mabuse, The (Die 1000 Augen des Dr. Mabuse) (1960)",Crime|Horror|Mystery|Thriller
6540,8199,Ugetsu (Ugetsu monogatari) (1953),Drama|Thriller
6541,8201,At Play in the Fields of the Lord (1991),Drama
6542,8206,Mystery of the Wax Museum (1933),Horror
6543,8207,"Day of the Jackal, The (1973)",Crime|Thriller
6544,8208,"Razor's Edge, The (1946)",Drama
6545,8221,War of the Buttons (1994),Adventure|Children|Drama
6546,8222,"Other, The (1972)",Drama|Horror|Mystery
6547,8225,Night of the Living Dead (1990),Horror
6548,8227,Drums Along the Mohawk (1939),Adventure|War|Western
6549,8228,"Maltese Falcon, The (a.k.a. Dangerous Female) (1931)",Mystery
6550,8232,I Love You Again (1940),Comedy|Drama
6551,8235,Safety Last! (1923),Action|Comedy|Romance
6552,8239,Viridiana (1961),Comedy|Drama
6553,8241,Masterminds (1997),Action|Comedy|Thriller
6554,8253,Lupin III: The Castle Of Cagliostro (Rupan sansei: Kariosutoro no shiro) (1979),Action|Adventure|Animation|Comedy|Crime|Mystery
6555,8254,Arizona Dream (1993),Comedy|Drama|Fantasy|Romance
6556,8256,Queen Christina (1933),Drama|Romance
6557,8257,Battleground (1949),Action|Drama|War
6558,8258,Citizen Toxie: The Toxic Avenger IV (2000),Action|Comedy|Horror
6559,8259,Hooper (1978),Action|Comedy
6560,8260,"Crazy Stranger, The (Gadjo Dilo) (1997)",Comedy|Drama
6561,8261,3 Women (Three Women) (1977),Drama
6562,8263,Take Me Out to the Ball Game (1949),Comedy|Musical|Romance
6563,8264,Grey Gardens (1975),Documentary
6564,8265,Frogs (1972),Drama|Horror|Mystery|Thriller
6565,8266,Purple Rain (1984),Drama|Musical
6566,8268,Point of No Return (1993),Action|Thriller
6567,8270,"Hairdresser's Husband, The (Le mari de la coiffeuse) (1990)",Comedy|Drama|Romance
6568,8272,Cromwell (1970),Drama
6569,8273,"Tale of Ham and Passion, A (Jamón, Jamón) (1992)",Comedy|Drama|Romance
6570,8275,College (1927),Comedy
6571,8290,Mitchell (1975),Action|Crime
6572,8291,Agatha Christie's 'Ten Little Indians' (Ten Little Indians) (And Then There Were None) (1965),Mystery
6573,8292,"Idiot, The (Hakuchi) (1951)",Crime|Drama|Romance
6574,8295,"Most Dangerous Game, The (1932)",Adventure|Mystery|Thriller
6575,8302,"Front Page, The (1931)",Comedy|Drama|Romance
6576,8327,Dolls (2002),Drama|Romance
6577,8330,Our Man in Havana (1959),Comedy|Drama|Thriller
6578,8331,"Man Who Came to Dinner, The (1942)",Comedy
6579,8332,Sunday Bloody Sunday (1971),Drama
6580,8334,"Cowboys, The (1972)",Western
6581,8335,Make Way for Tomorrow (1937),Drama
6582,8336,"Major and the Minor, The (1942)",Comedy|Romance
6583,8337,"Caine Mutiny, The (1954)",Drama|War
6584,8338,Black Narcissus (1947),Drama
6585,8340,Escape from Alcatraz (1979),Drama|Thriller
6586,8341,Oliver Twist (1948),Adventure|Crime|Drama
6587,8360,Shrek 2 (2004),Adventure|Animation|Children|Comedy|Musical|Romance
6588,8361,"Day After Tomorrow, The (2004)",Action|Adventure|Drama|Sci-Fi|Thriller
6589,8362,Raising Helen (2004),Comedy|Drama|Romance
6590,8363,Soul Plane (2004),Comedy
6591,8364,Baadasssss! (How to Get the Man's Foot Outta Your Ass) (2003),Drama
6592,8365,"Mother, The (2003)",Drama
6593,8366,Saved! (2004),Comedy|Drama
6594,8367,"Time of the Wolf, The (Le temps du loup) (2003)",Drama
6595,8368,Harry Potter and the Prisoner of Azkaban (2004),Adventure|Fantasy|IMAX
6596,8369,Mindhunters (2004),Action|Crime|Horror|Mystery|Thriller
6597,8370,"Blind Swordsman: Zatoichi, The (Zatôichi) (2003)",Action|Comedy|Crime|Drama
6598,8371,"Chronicles of Riddick, The (2004)",Action|Sci-Fi|Thriller
6599,8372,Garfield: The Movie (2004),Animation|Children|Comedy
6600,8373,"Stepford Wives, The (2004)",Comedy|Fantasy|Thriller
6601,8375,"Hunting of the President, The (2004)",Documentary
6602,8376,Napoleon Dynamite (2004),Comedy
6603,8377,City of Joy (1992),Drama
6604,8378,"Doctor, The (1991)",Drama
6605,8379,"Dresser, The (1983)",Drama
6606,8380,Father Hood (1993),Comedy
6607,8382,Hello Again (1987),Comedy
6608,8383,Hope Springs (2003),Comedy|Romance
6609,8385,Lover Come Back (1961),Comedy|Romance
6610,8387,Police Academy: Mission to Moscow (1994),Comedy|Crime
6611,8391,Big Wednesday (1978),Comedy|Drama
6612,8395,"Last of Sheila, The (1973)",Crime|Mystery|Thriller
6613,8400,Wish You Were Here (1987),Comedy|Drama
6614,8401,"Adventures of Sherlock Holmes, The (1939)",Crime|Mystery|Thriller
6615,8404,"Hound of the Baskervilles, The (1939)",Crime|Mystery|Thriller
6616,8405,Hour of the Wolf (Vargtimmen) (1968),Drama|Horror
6617,8410,Suddenly (1954),Crime|Drama|Film-Noir
6618,8423,"Kid Brother, The (1927)",Children|Comedy|Romance
6619,8425,Meet the Applegates (1991),Comedy
6620,8426,Robot Carnival (Roboto kânibauru) (1987),Animation|Comedy|Drama|Fantasy|Sci-Fi
6621,8446,Sands of Iwo Jima (1949),Action|Drama|Romance|War
6622,8447,This Island Earth (1955),Sci-Fi
6623,8451,Blackboard Jungle (1955),Drama
6624,8456,Investigation of a Citizen Above Suspicion (Indagine su un cittadino al di sopra di ogni sospetto) (1970),Crime|Drama|Thriller
6625,8459,"Heiress, The (1949)",Drama|Romance
6626,8460,State Fair (1945),Musical|Romance
6627,8463,Johnny Belinda (1948),Drama
6628,8464,Super Size Me (2004),Comedy|Documentary|Drama
6629,8477,"Pier, The (Jetée, La) (1962)",Romance|Sci-Fi
6630,8481,Northwest Passage (1940),Action|Adventure|Drama|Romance|Thriller|Western
6631,8482,"Picture of Dorian Gray, The (1945)",Drama|Fantasy|Horror
6632,8484,"Human Condition I, The (Ningen no joken I) (1959)",Drama|War
6633,8485,Samsara (2001),Adventure|Drama|Romance
6634,8486,Bachelor Mother (1939),Comedy|Romance
6635,8487,Please Don't Eat the Daisies (1960),Children|Comedy|Musical
6636,8491,White Heat (1949),Crime|Drama|Film-Noir
6637,8492,"Christmas Carol, A (Scrooge) (1951)",Drama|Fantasy
6638,8493,Memphis Belle (1990),Action|Drama|War
6639,8494,"Cincinnati Kid, The (1965)",Drama
6640,8495,Animal Factory (2000),Crime|Drama
6641,8496,"Panic in Needle Park, The (1971)",Drama|Romance
6642,8499,Pretty Baby (1978),Drama
6643,8501,"Hitcher, The (1986)",Action|Thriller
6644,8502,Show Boat (1951),Drama|Musical|Romance
6645,8503,Ivanhoe (1952),Adventure|Drama|Romance
6646,8504,Box of Moon Light (1996),Comedy|Drama
6647,8505,"Eel, The (Unagi) (1997)",Drama|Romance
6648,8507,Freaks (1932),Crime|Drama|Horror
6649,8511,"Immigrant, The (1917)",Comedy
6650,8512,Silent Movie (1976),Comedy
6651,8516,"Matter of Life and Death, A (Stairway to Heaven) (1946)",Drama|Fantasy|Romance
6652,8520,Deep Cover (1992),Action|Crime|Thriller
6653,8521,Dr. Jekyll and Mr. Hyde (1931),Drama|Horror
6654,8522,My Little Chickadee (1940),Comedy|Western
6655,8524,"High and the Mighty, The (1954)",Drama
6656,8525,"Ugly Dachshund, The (1966)",Children|Comedy
6657,8526,Around the World in 80 Days (2004),Adventure|Children|Comedy
6658,8527,I'll Sleep When I'm Dead (2003),Crime|Drama
6659,8528,Dodgeball: A True Underdog Story (2004),Comedy
6660,8529,"Terminal, The (2004)",Comedy|Drama|Romance
6661,8530,Dear Frankie (2004),Drama|Romance
6662,8531,White Chicks (2004),Action|Comedy|Crime
6663,8532,"Door in the Floor, The (2004)",Drama
6664,8533,"Notebook, The (2004)",Drama|Romance
6665,8534,Two Brothers (Deux frères) (2004),Adventure|Children|Drama
6666,8535,De-Lovely (2004),Drama|Musical
6667,8537,Kaena: The Prophecy (Kaena: La prophétie) (2003),Action|Adventure|Animation|Children|Sci-Fi
6668,8540,Back to Bataan (1945),Drama|War
6669,8542,"Day at the Races, A (1937)",Comedy|Musical
6670,8543,"Flying Leathernecks, The (1951)",Action|Drama|War
6671,8571,Bob & Carol & Ted & Alice (1969),Comedy|Drama
6672,8573,Reconstruction (2003),Drama|Romance
6673,8574,"Claymation Christmas Celebration, A (1987)",Animation|Children|Comedy|Musical
6674,8575,"Happenstance (Battement d'ailes du papillon, Le) (2001)",Comedy|Drama
6675,8576,Kopps (2003),Action|Comedy
6676,8577,Comandante (2003),Documentary
6677,8578,Undead (2003),Action|Comedy|Horror|Sci-Fi
6678,8580,Into the Woods (1991),Adventure|Comedy|Fantasy|Musical
6679,8581,Pirates of Silicon Valley (1999),Documentary|Drama
6680,8582,Manufacturing Consent: Noam Chomsky and the Media (1992),Documentary|War
6681,8584,Leave Her to Heaven (1945),Drama|Film-Noir
6682,8585,Rapa Nui (1994),Action|Adventure|Drama|Romance
6683,8587,Mayor of the Sunset Strip (2003),Documentary
6684,8588,Killing Me Softly (2002),Drama|Mystery|Romance|Thriller
6685,8589,Winter War (Talvisota) (1989),Drama|War
6686,8591,"Philadelphia Experiment, The (1984)",Adventure|Drama|Sci-Fi
6687,8593,Juice (1992),Action|Crime|Drama|Thriller
6688,8595,"Flim-Flam Man, The (1967)",Action|Adventure|Comedy
6689,8596,Revenge of the Pink Panther (1978),Comedy|Crime
6690,8598,I Am Dina (2002),Crime|Drama|Mystery|Romance
6691,8600,Angels with Dirty Faces (1938),Crime|Drama
6692,8601,Zero de conduite (Zero for Conduct) (Zéro de conduite: Jeunes diables au collège) (1933),Comedy|Drama
6693,8602,Shadows (1959),Drama
6694,8604,Taxi (1998),Action|Comedy
6695,8605,Taxi 3 (2003),Action|Comedy
6696,8607,Tokyo Godfathers (2003),Adventure|Animation|Drama
6697,8608,"Butcher, The (Boucher, Le) (1970)",Drama|Thriller
6698,8609,Our Hospitality (1923),Comedy
6699,8610,All of Me (1984),Comedy|Fantasy
6700,8611,"Farmer's Daughter, The (1947)",Comedy
6701,8612,Lassie Come Home (1943),Adventure|Children|Drama
6702,8614,Overboard (1987),Comedy|Romance
6703,8616,By the Light of the Silvery Moon (1953),Children|Musical|Romance
6704,8617,Butterfield 8 (1960),Drama
6705,8618,Johnny Guitar (1954),Drama|Western
6706,8620,"Exterminating Angel, The (Ángel exterminador, El) (1962)",Comedy|Drama|Fantasy|Mystery
6707,8622,Fahrenheit 9/11 (2004),Documentary
6708,8623,Roxanne (1987),Comedy|Romance
6709,8629,"Book of Life, The (1998)",Comedy|Fantasy
6710,8631,Hard Times (1975),Action|Drama
6711,8633,"Last Starfighter, The (1984)",Action|Adventure|Comedy|Sci-Fi
6712,8634,Tank (1984),Action|Comedy|Drama
6713,8636,Spider-Man 2 (2004),Action|Adventure|Sci-Fi|IMAX
6714,8638,Before Sunset (2004),Drama|Romance
6715,8639,"Clearing, The (2004)",Drama|Thriller
6716,8640,King Arthur (2004),Action|Adventure|Drama|War
6717,8641,Anchorman: The Legend of Ron Burgundy (2004),Comedy
6718,8642,Sleepover (2004),Comedy
6719,8643,"Cinderella Story, A (2004)",Comedy|Romance
6720,8644,"I, Robot (2004)",Action|Adventure|Sci-Fi|Thriller
6721,8645,"Maria Full of Grace (Maria, Llena eres de gracia) (2004)",Crime|Drama
6722,8650,Long Day's Journey Into Night (1962),Drama
6723,8651,Man of La Mancha (1972),Adventure|Comedy|Musical
6724,8655,Rustlers' Rhapsody (1985),Comedy|Western
6725,8656,"Short Film About Killing, A (Krótki film o zabijaniu) (1988)",Crime|Drama
6726,8657,"Tin Star, The (1957)",Western
6727,8658,Zandalee (1991),Drama|Thriller
6728,8661,How the West Was Won (1962),Adventure|Drama|Western
6729,8662,Joan of Arc (1948),Action|Drama|War
6730,8663,Live Forever (2003),Comedy|Documentary
6731,8665,"Bourne Supremacy, The (2004)",Action|Crime|Thriller
6732,8666,Catwoman (2004),Action|Crime|Fantasy
6733,8667,A Home at the End of the World (2004),Drama|Romance
6734,8670,"Testament of Dr. Mabuse, The (Das Testament des Dr. Mabuse) (1933)",Crime|Horror|Mystery|Thriller
6735,8674,Disco Pigs (2001),Drama
6736,8675,"Enemy Below, The (1957)",Action|Drama|War
6737,8676,Fist of the North Star (1995),Action|Thriller
6738,8677,Flash Gordon Conquers the Universe (1940),Action|Sci-Fi
6739,8678,Guns of the Magnificent Seven (1969),Action|Adventure|Drama|Western
6740,8680,In a Glass Cage (Tras el cristal) (1986),Drama|Horror
6741,8684,"Man Escaped, A (Un  condamné à mort s'est échappé ou Le vent souffle où il veut) (1956)",Adventure|Drama
6742,8689,"Shock to the System, A (1990)",Comedy|Crime|Thriller
6743,8690,Slaughterhouse-Five (1972),Comedy|Drama|Sci-Fi|War
6744,8695,"Bachelor and the Bobby-Soxer, The (1947)",Comedy
6745,8698,"Comfort of Strangers, The (1990)",Drama
6746,8700,Destination Tokyo (1943),Adventure|War
6747,8701,Dr. Jekyll and Ms. Hyde (1995),Comedy|Horror
6748,8709,How I Got Into College (1989),Comedy|Romance
6749,8710,Map of the Human Heart (1993),Drama|Romance
6750,8711,Mr. Blandings Builds His Dream House (1948),Comedy
6751,8712,My Favorite Wife (1940),Comedy|Romance
6752,8713,"New Adventures of Pippi Longstocking, The (1988)",Adventure|Children|Fantasy|Musical
6753,8718,"Snake Pit, The (1948)",Drama
6754,8720,"Super, The (1991)",Comedy
6755,8722,Two of a Kind (1983),Comedy|Fantasy|Romance
6756,8724,"Leopard, The (Gattopardo, Il) (1963)",Drama|War
6757,8725,"Goodbye, Columbus (1969)",Comedy|Drama|Romance
6758,8726,"President's Analyst, The (1967)",Comedy|Thriller
6759,8727,"Day of the Locust, The (1975)",Drama
6760,8730,To End All Wars (2001),Action|Drama|War
6761,8731,Moulin Rouge (1952),Drama
6762,8732,"Belly of an Architect, The (1987)",Drama
6763,8733,"Nest, The (Nid de Guêpes) (2002)",Action|Crime|Thriller
6764,8738,"Woman Is a Woman, A (femme est une femme, Une) (1961)",Comedy|Drama|Musical|Romance
6765,8739,Mamma Roma (1962),Drama
6766,8740,"Lower Depths, The (Donzoko) (1957)",Comedy|Drama
6767,8746,King of the Ants (2003),Crime|Horror
6768,8749,"Beautiful Troublemaker, The (La belle noiseuse) (1991)",Drama
6769,8751,Gun Crazy (a.k.a. Deadly Is the Female) (1949),Crime|Drama|Film-Noir
6770,8752,"Set-Up, The (1949)",Drama|Film-Noir|Romance
6771,8753,Unprecedented: The 2000 Presidential Election (2002),Documentary
6772,8754,"Prime of Miss Jean Brodie, The (1969)",Drama
6773,8755,My Voyage to Italy (Il mio viaggio in Italia) (1999),Documentary
6774,8760,Side Out (1990),Comedy|Romance
6775,8761,"Three Lives of Thomasina, The (1964)",Children|Drama
6776,8765,This Gun for Hire (1942),Crime|Film-Noir|Thriller
6777,8767,"Big Clock, The (1948)",Crime|Film-Noir|Thriller
6778,8768,Criss Cross (1949),Crime|Drama|Film-Noir
6779,8769,"5th Musketeer, The (a.k.a. Fifth Musketeer, The) (1979)",Adventure
6780,8772,"Spy Who Came in from the Cold, The (1965)",Drama|Thriller
6781,8773,Sherlock Holmes and the Secret Weapon (1942),Crime|Mystery|Thriller
6782,8778,Sherlock Holmes: Dressed to Kill (1946),Crime|Mystery
6783,8779,Bon Voyage (2003),Comedy|Drama
6784,8780,"Assassination Bureau, The (1969)",Action|Adventure|Comedy|Crime|Sci-Fi
6785,8781,"Manchurian Candidate, The (2004)",Thriller
6786,8782,Thunderbirds (2004),Action|Adventure|Fantasy|Sci-Fi
6787,8783,"Village, The (2004)",Drama|Mystery|Thriller
6788,8784,Garden State (2004),Comedy|Drama|Romance
6789,8785,Early Summer (Bakushû) (1951),Drama
6790,8786,Port of Shadows (Quai des brumes) (1938),Drama
6791,8787,Thunderbirds Are GO (1966),Action|Sci-Fi
6792,8795,Musa the Warrior (Musa) (2001),Action|Adventure|Drama|War
6793,8796,"Funny Thing Happened on the Way to the Forum, A (1966)",Comedy|Musical
6794,8797,Salesman (1969),Documentary
6795,8798,Collateral (2004),Action|Crime|Drama|Thriller
6796,8799,Little Black Book (2004),Comedy|Romance
6797,8800,Code 46 (2003),Romance|Sci-Fi
6798,8805,Attack the Gas Station! (Juyuso seubgyuksageun) (1999),Comedy|Crime
6799,8807,Harold and Kumar Go to White Castle (2004),Adventure|Comedy
6800,8808,"Princess Diaries 2: Royal Engagement, The (2004)",Comedy|Romance
6801,8809,Danny Deckchair (2003),Comedy|Romance
6802,8810,AVP: Alien vs. Predator (2004),Action|Horror|Sci-Fi|Thriller
6803,8811,Yu-Gi-Oh! (2004),Action|Adventure|Animation|Fantasy
6804,8813,We Don't Live Here Anymore (2004),Drama
6805,8814,Without a Paddle (2004),Comedy
6806,8815,Exorcist: The Beginning (2004),Horror|Thriller
6807,8823,"Sting II, The (1983)",Comedy|Crime
6808,8826,Human Resources (Ressources humaines) (1999),Drama
6809,8827,"Bill Cosby, Himself (1983)",Comedy|Documentary
6810,8830,Anacondas: The Hunt for the Blood Orchid (2004),Adventure|Drama|Horror|Sci-Fi|Thriller
6811,8831,Suspect Zero (2004),Crime|Thriller
6812,8832,Warriors of Heaven and Earth (Tian di ying xiong) (2003),Action|Adventure|Drama
6813,8833,Vanity Fair (2004),Drama|Romance
6814,8835,Paparazzi (2004),Drama|Thriller
6815,8836,Wicker Park (2004),Drama|Romance|Thriller
6816,8838,Alice Doesn't Live Here Anymore (1974),Drama|Romance
6817,8839,"Mangler, The (1995)",Horror
6818,8840,Who's That Knocking at My Door? (1967),Drama
6819,8841,Seeing Other People (2004),Comedy
6820,8844,Camera Buff (Amator) (1979),Drama
6821,8846,Highwaymen (2003),Action|Crime|Thriller
6822,8848,"Vitelloni, I (a.k.a. The Young and the Passionate) (1953)",Drama
6823,8849,Under the Cherry Moon (1986),Comedy|Drama|Musical|Romance
6824,8850,Flipper (1963),Adventure|Children|Drama
6825,8851,Smile (1975),Comedy
6826,8852,Lord Jim (1965),Adventure|Drama
6827,8854,Night of the Demons (1988),Horror
6828,8855,Witchboard (1986),Horror|Mystery|Thriller
6829,8859,SuperBabies: Baby Geniuses 2 (2004),Comedy
6830,8860,Cellular (2004),Action|Crime|Drama|Mystery|Thriller
6831,8861,Resident Evil: Apocalypse (2004),Action|Horror|Sci-Fi|Thriller
6832,8862,Criminal (2004),Comedy|Drama
6833,8864,Mr. 3000 (2004),Comedy|Drama
6834,8865,Sky Captain and the World of Tomorrow (2004),Action|Adventure|Sci-Fi
6835,8866,Wimbledon (2004),Comedy|Romance
6836,8867,Anatomy of Hell (Anatomie de l'enfer) (2004),Drama
6837,8868,Head in the Clouds (2004),Drama|Romance|War
6838,8869,First Daughter (2004),Comedy|Romance
6839,8870,"Forgotten, The (2004)",Drama|Mystery|Sci-Fi|Thriller
6840,8871,"Last Shot, The (2004)",Comedy
6841,8872,"Dirty Shame, A (2004)",Comedy
6842,8873,"Motorcycle Diaries, The (Diarios de motocicleta) (2004)",Adventure|Drama
6843,8874,Shaun of the Dead (2004),Comedy|Horror
6844,8875,"Come Back, Little Sheba (1952)",Drama
6845,8879,Murder on the Orient Express (1974),Crime|Mystery|Thriller
6846,8880,Mask (1985),Drama
6847,8882,"Boston Strangler, The (1968)",Crime|Drama|Mystery|Thriller
6848,8884,"Man with One Red Shoe, The (1985)",Comedy|Thriller
6849,8885,"Sentinel, The (1977)",Drama|Horror|Mystery|Thriller
6850,8886,SSSSSSS (1973),Horror|Sci-Fi
6851,8893,Basket Case 2 (1990),Comedy|Horror
6852,8894,Orca: The Killer Whale (1977),Action|Drama|Horror|Thriller
6853,8898,"Robinson Crusoe (Adventures of Robinson Crusoe, The) (1954)",Adventure|Drama
6854,8899,Hardcore (1979),Drama
6855,8900,Watermelon Man (1970),Comedy|Drama
6856,8903,"Terror, The (1963)",Horror|Mystery
6857,8905,1492: Conquest of Paradise (1992),Adventure|Drama
6858,8906,Cannibal Holocaust (1980),Horror
6859,8907,Shark Tale (2004),Animation|Children|Comedy
6860,8908,Ladder 49 (2004),Action|Drama|Thriller
6861,8910,I Heart Huckabees (2004),Comedy
6862,8911,Raise Your Voice (2004),Romance
6863,8912,Taxi (2004),Action|Comedy
6864,8913,Around the Bend (2004),Drama
6865,8914,Primer (2004),Drama|Sci-Fi
6866,8915,Stage Beauty (2004),Drama
6867,8916,Shall We Dance? (2004),Comedy|Romance
6868,8917,Team America: World Police (2004),Action|Adventure|Animation|Comedy
6869,8918,Eulogy (2004),Comedy|Crime|Drama
6870,8919,P.S. (2004),Comedy|Drama|Fantasy|Romance
6871,8920,"Country Girl, The (1954)",Drama
6872,8921,"Rose Tattoo, The (1955)",Drama|Romance
6873,8922,Epidemic (1988),Drama|Horror|Thriller
6874,8923,Tess (1979),Drama|Romance
6875,8924,I Wanna Hold Your Hand (1978),Comedy
6876,8927,Cannonball (1976),Action|Comedy|Drama
6877,8928,"Fearless Vampire Killers, The (1967)",Comedy|Horror
6878,8929,Black Beauty (1971),Children|Drama
6879,8930,"Five Obstructions, The (Fem benspænd, De) (2003)",Documentary
6880,8931,Born Rich (2003),Documentary
6881,8932,It's Alive (1974),Horror
6882,8933,"Decline of the American Empire, The (Déclin de l'empire américain, Le) (1986)",Comedy|Drama
6883,8934,Bebe's Kids (1992),Animation|Children|Comedy
6884,8935,All I Want for Christmas (1991),Children|Comedy
6885,8937,Friday Night Lights (2004),Action|Drama
6886,8938,Tarnation (2003),Documentary
6887,8939,"Final Cut, The (2004)",Sci-Fi|Thriller
6888,8941,Riding the Bullet (2004),Horror|Thriller
6889,8943,Being Julia (2004),Comedy|Drama
6890,8946,Surviving Christmas (2004),Comedy
6891,8947,"Grudge, The (2004)",Horror|Mystery|Thriller
6892,8948,Alfie (2004),Comedy|Drama|Romance
6893,8949,Sideways (2004),Comedy|Drama|Romance
6894,8950,"Machinist, The (Maquinista, El) (2004)",Mystery|Thriller
6895,8951,Vera Drake (2004),Drama
6896,8955,Undertow (2004),Crime|Drama|Thriller
6897,8956,Enduring Love (2004),Drama
6898,8957,Saw (2004),Horror|Mystery|Thriller
6899,8958,Ray (2004),Drama
6900,8959,Birth (2004),Drama|Mystery
6901,8961,"Incredibles, The (2004)",Action|Adventure|Animation|Children|Comedy
6902,8963,It's All About Love (2003),Drama|Romance|Sci-Fi|Thriller
6903,8965,"Polar Express, The (2004)",Adventure|Animation|Children|Fantasy|IMAX
6904,8966,Kinsey (2004),Drama
6905,8967,Seed of Chucky (Child's Play 5) (2004),Comedy|Horror
6906,8968,After the Sunset (2004),Action|Adventure|Comedy|Crime|Thriller
6907,8969,Bridget Jones: The Edge of Reason (2004),Comedy|Drama|Romance
6908,8970,Finding Neverland (2004),Drama
6909,8971,Veer Zaara (2004),Drama|Musical|Romance
6910,8972,National Treasure (2004),Action|Adventure|Drama|Mystery|Thriller
6911,8973,Bad Education (La mala educación) (2004),Drama|Thriller
6912,8974,"SpongeBob SquarePants Movie, The (2004)",Adventure|Animation|Children|Comedy
6913,8977,Alexander (2004),Action|Adventure|Drama|War
6914,8978,Christmas with the Kranks (2004),Children|Comedy
6915,8979,Guerrilla: The Taking of Patty Hearst (2004),Documentary
6916,8980,Our Music (Notre musique) (2004),Drama
6917,8981,Closer (2004),Drama|Romance
6918,8982,I Am David (2003),Drama
6919,8983,House of Flying Daggers (Shi mian mai fu) (2004),Action|Drama|Romance
6920,8984,Ocean's Twelve (2004),Action|Comedy|Crime|Thriller
6921,8985,Blade: Trinity (2004),Action|Fantasy|Horror|Thriller
6922,8986,"Bellboy, The (1960)",Comedy
6923,8987,Bush's Brain (2004),Documentary
6924,8988,Cinderfella (1960),Comedy
6925,8989,Damn Yankees! (1958),Comedy|Musical
6926,8991,"Disorderly Orderly, The (1964)",Comedy|Romance
6927,8994,"Ladies Man, The (1961)",Comedy
6928,8998,That's Entertainment (1974),Documentary
6929,8999,"That's Entertainment, Part II (1976)",Documentary
6930,9000,That's Entertainment! III (1994),Documentary
6931,9001,"Wackiest Ship in the Army, The (1960)",Comedy|War
6932,9002,Alexander the Great (1956),Drama
6933,9004,D.A.R.Y.L. (1985),Adventure|Children|Sci-Fi
6934,9005,Fire in the Sky (1993),Drama|Mystery|Sci-Fi
6935,9010,Love Me If You Dare (Jeux d'enfants) (2003),Drama|Romance
6936,9011,Portrait of Jennie (1948),Drama|Fantasy|Mystery|Romance
6937,9013,Secret Honor (1984),Drama
6938,9018,Control Room (2004),Documentary|War
6939,25737,"Golem, The (Golem, wie er in die Welt kam, Der) (1920)",Fantasy|Horror
6940,25738,"Last of the Mohicans, The (1920)",Adventure|Drama
6941,25744,Haxan: Witchcraft Through the Ages (a.k.a. The Witches) (1922),Documentary|Horror
6942,25746,"Hunchback of Notre Dame, The (1923)",Drama|Horror
6943,25750,Sherlock Jr. (1924),Comedy|Fantasy|Romance
6944,25752,"Freshman, The (1925)",Comedy
6945,25753,Greed (1924),Drama
6946,25755,"Phantom of the Opera, The (1925)",Drama|Horror
6947,25757,"Jazz Singer, The (1927)",Drama|Musical|Romance
6948,25762,"Unknown, The (a.k.a. Alonzo the Armless) (1927)",Drama|Horror|Romance
6949,25763,"Pandora's Box (Büchse der Pandora, Die) (1929)",Drama
6950,25764,"Cameraman, The (1928)",Comedy|Drama|Romance
6951,25766,"Crowd, The (1928)",Drama
6952,25769,"Steamboat Bill, Jr. (1928)",Comedy|Romance
6953,25771,"Andalusian Dog, An (Chien andalou, Un) (1929)",Fantasy
6954,25773,Little Caesar (1931),Crime|Drama
6955,25774,"Golden Age, The (Âge d'Or, L') (1930)",Comedy|Drama|Romance
6956,25777,Monkey Business (1931),Comedy
6957,25782,Boudu Saved From Drowning (Boudu sauvé des eaux) (1932),Comedy
6958,25788,Scarface (1932),Crime|Drama
6959,25789,Shanghai Express (1932),Adventure|Drama|Romance
6960,25793,Vampyr (1932),Fantasy|Horror
6961,25795,Dinner at Eight (1933),Comedy|Drama|Romance
6962,25797,Gold Diggers of 1933 (1933),Musical
6963,25805,"Atalante, L' (1934)",Comedy|Drama|Romance
6964,25825,Fury (1936),Drama|Film-Noir
6965,25826,Libeled Lady (1936),Comedy|Romance
6966,25827,Mr. Deeds Goes to Town (1936),Comedy|Romance
6967,25828,"Petrified Forest, The (1936)",Crime|Drama|Romance
6968,25833,Camille (1936),Drama|Romance
6969,25834,Captains Courageous (1937),Adventure|Drama
6970,25835,Dead End (1937),Crime|Drama
6971,25839,Nothing Sacred (1937),Comedy|Drama|Romance
6972,25840,"Prisoner of Zenda, The (1937)",Action|Adventure|Romance
6973,25841,Stage Door (1937),Drama
6974,25842,Topper (1937),Comedy|Fantasy|Romance
6975,25850,Holiday (1938),Comedy|Drama|Romance
6976,25852,Gaslight (1940),Mystery|Thriller
6977,25855,"Roaring Twenties, The (1939)",Crime|Drama|Thriller
6978,25856,Wuthering Heights (1939),Drama|Romance
6979,25865,"Letter, The (1940)",Drama|Film-Noir
6980,25866,"Sea Hawk, The (1940)",Action|Adventure|Romance
6981,25868,Ball of Fire (1941),Comedy|Romance
6982,25870,Here Comes Mr. Jordan (1941),Comedy|Fantasy|Romance
6983,25886,Random Harvest (1942),Drama|Romance
6984,25891,Heaven Can Wait (1943),Comedy|Fantasy|Romance
6985,25893,"Memphis Belle: A Story of a Flying Fortress, The (1944)",Documentary|War
6986,25898,Day of Wrath (Vredens dag) (1943),Drama
6987,25900,"Curse of the Cat People, The (1944)",Drama
6988,25901,"Henry V (Chronicle History of King Henry the Fift with His Battell Fought at Agincourt in France, The) (1944)",Drama|War
6989,25904,Ministry of Fear (1944),Drama|Film-Noir|Thriller
6990,25905,"Miracle of Morgan's Creek, The (1944)",Comedy|Romance
6991,25911,"Woman in the Window, The (1944)",Crime|Film-Noir|Thriller
6992,25914,"Ivan the Terrible, Part One (Ivan Groznyy I) (1944)",Drama
6993,25916,They Were Expendable (1945),Drama|War
6994,25918,"Tree Grows in Brooklyn, A (1945)",Drama
6995,25923,Great Expectations (1946),Drama
6996,25927,"Stranger, The (1946)",Drama|Film-Noir|Thriller
6997,25929,Nightmare Alley (1947),Drama|Film-Noir
6998,25930,Odd Man Out (1947),Crime|Drama|Film-Noir|Thriller
6999,25934,3 Godfathers (1948),Drama|Western
7000,25937,Easter Parade (1948),Musical|Romance
7001,25938,Fort Apache (1948),Western
7002,25940,"Lady from Shanghai, The (1947)",Drama|Film-Noir|Mystery
7003,25941,Letter from an Unknown Woman (1948),Drama|Romance
7004,25943,"Naked City, The (1948)",Crime|Drama|Film-Noir|Mystery
7005,25945,They Live by Night (1949),Crime|Film-Noir|Romance
7006,25946,"Three Musketeers, The (1948)",Action|Adventure|Drama|Romance
7007,25947,Unfaithfully Yours (1948),Comedy
7008,25952,"Letter to Three Wives, A (1949)",Comedy|Drama
7009,25954,Orpheus (Orphée) (1950),Drama|Fantasy|Romance
7010,25961,"Gunfighter, The (1950)",Action|Western
7011,25962,King Solomon's Mines (1950),Action|Adventure|Romance
7012,25963,"Young and the Damned, The (Olvidados, Los) (1950)",Crime|Drama
7013,25971,Carrie (1952),Drama|Romance
7014,25977,Abbott and Costello Meet Dr. Jekyll and Mr. Hyde (1953),Comedy|Horror|Sci-Fi
7015,25993,Magnificent Obsession (1954),Drama|Romance
7016,25995,Samurai I: Musashi Miyamoto (Miyamoto Musashi) (1954),Action|Adventure|Drama
7017,25996,"Star Is Born, A (1954)",Drama|Musical
7018,25999,"Wild One, The (1953)",Drama
7019,26002,Confidential Report (1955),Crime|Drama|Mystery|Thriller
7020,26003,Night and Fog (Nuit et brouillard) (1955),Crime|Documentary|War
7021,26005,Samurai II: Duel at Ichijoji Temple (Zoku Miyamoto Musashi: Ichijôji no kettô) (1955),Action|Adventure|Drama
7022,26007,"Unknown Soldier, The (Tuntematon sotilas) (1955)",Drama|War
7023,26012,Samurai III: Duel on Ganryu Island (a.k.a. Bushido) (Miyamoto Musashi kanketsuhen: kettô Ganryûjima) (1956),Action|Adventure|Drama
7024,26025,"Spirit of St. Louis, The (1957)",Adventure|Drama
7025,26038,Teacher's Pet (1958),Comedy|Romance
7026,26043,"Vikings, The (1958)",Action|Adventure
7027,26048,"Human Condition II, The (Ningen no joken II) (1959)",Drama|War
7028,26051,"Nun's Story, The (1959)",Drama
7029,26052,Pickpocket (1959),Crime|Drama
7030,26055,Floating Weeds (Ukigusa) (1959),Drama
7031,26064,"Bad Sleep Well, The (Warui yatsu hodo yoku nemuru) (1960)",Drama|Thriller
7032,26073,"Human Condition III, The (Ningen no joken III) (1961)",Drama|War
7033,26078,Advise and Consent (1962),Drama
7034,26082,Harakiri (Seppuku) (1962),Drama
7035,26083,"Loneliness of the Long Distance Runner, The (1962)",Drama
7036,26084,"Music Man, The (1962)",Children|Comedy|Musical|Romance
7037,26085,Mutiny on the Bounty (1962),Adventure|Drama|Romance
7038,26094,"Eclisse, L' (Eclipse) (1962)",Drama
7039,26101,McLintock! (1963),Comedy|Western
7040,26111,Becket (1964),Drama
7041,26113,"Best Man, The (1964)",Comedy|Drama
7042,26116,"Hush... Hush, Sweet Charlotte (1964)",Horror|Thriller
7043,26117,"Killers, The (1964)",Action|Crime|Drama|Film-Noir|Thriller
7044,26119,"Naked Kiss, The (1964)",Drama
7045,26122,Onibaba (1964),Drama|Horror|War
7046,26124,Robinson Crusoe on Mars (1964),Sci-Fi
7047,26131,"Battle of Algiers, The (La battaglia di Algeri) (1966)",Drama|War
7048,26133,"Charlie Brown Christmas, A (1965)",Animation|Children|Comedy
7049,26134,Dracula: Prince of Darkness (1966),Horror|Mystery
7050,26138,"Hill, The (1965)",Drama|War
7051,26139,In Harm's Way (1965),Drama|War
7052,26147,"Thousand Clowns, A (1965)",Comedy|Drama|Romance
7053,26148,"Train, The (1964)",Action|Thriller|War
7054,26150,Andrei Rublev (Andrey Rublyov) (1969),Drama|War
7055,26151,Au Hasard Balthazar (1966),Crime|Drama
7056,26152,Batman (1966),Action|Adventure|Comedy
7057,26155,Khartoum (1966),Action|Adventure|Drama|War
7058,26157,Manos: The Hands of Fate (1966),Horror
7059,26158,Closely Watched Trains (Ostre sledované vlaky) (1966),Comedy|Drama|War
7060,26159,Tokyo Drifter (Tôkyô nagaremono) (1966),Action|Crime|Drama
7061,26163,Don't Look Back (1967),Documentary|Musical
7062,26169,Branded to Kill (Koroshi no rakuin) (1967),Action|Crime|Drama
7063,26170,"Bride Wore Black, The (La mariée était en noir) (1968)",Crime|Drama
7064,26171,Play Time (a.k.a. Playtime) (1967),Comedy
7065,26172,Point Blank (1967),Action|Crime|Drama|Thriller
7066,26178,Two for the Road (1967),Comedy|Drama|Romance
7067,26181,"War Wagon, The (1967)",Action|Western
7068,26187,Head (1968),Comedy|Fantasy|Musical
7069,26198,"Yours, Mine and Ours (1968)",Children|Comedy
7070,26199,Alice's Restaurant (1969),Comedy|Drama
7071,26203,Colossus: The Forbin Project (1970),Sci-Fi|Thriller
7072,26208,My Night At Maud's (Ma Nuit Chez Maud) (1969),Comedy|Drama|Romance
7073,26222,Dodes'ka-den (Clickety-Clack) (1970),Drama|Fantasy
7074,26225,"Claire's Knee (Genou de Claire, Le) (1970)",Comedy|Romance
7075,26230,On a Clear Day You Can See Forever (1970),Comedy|Musical|Romance
7076,26231,Performance (1970),Crime|Drama|Thriller
7077,26237,Zabriskie Point (1970),Drama|Romance
7078,26240,"Beguiled, The (1971)",Drama|Thriller|War
7079,26241,"Devils, The (1971)",Drama
7080,26242,Duel (1971),Action|Mystery|Thriller
7081,26246,Johnny Got His Gun (1971),Drama|War
7082,26249,They Call Me Trinity (1971),Comedy|Western
7083,26258,"Topo, El (1970)",Fantasy|Western
7084,26268,"Tall Blond Man with One Black Shoe, The (Le grand blond avec une chaussure noire) (1972)",Comedy|Mystery
7085,26269,Lone Wolf and Cub: Sword of Vengeance (Kozure Ôkami: Kowokashi udekashi tsukamatsuru) (1972),Action|Crime
7086,26270,Lone Wolf and Cub: Baby Cart at the River Styx (Kozure Ôkami: Sanzu no kawa no ubaguruma) (1972),Action|Adventure
7087,26271,Lady Sings the Blues (1972),Drama|Musical
7088,26280,Traffic (Trafic) (1971),Comedy
7089,26283,Charley Varrick (1973),Crime|Drama|Thriller
7090,26285,Dark Star (1974),Comedy|Sci-Fi|Thriller
7091,26294,My Name Is Nobody (Il Mio nome è Nessuno) (1973),Comedy|Western
7092,26299,Phase IV (1974),Horror|Sci-Fi|Thriller
7093,26302,Scarecrow (1973),Drama
7094,26303,Sisters (1973),Horror|Thriller
7095,26306,Theatre of Blood (1973),Comedy|Horror|Mystery
7096,26313,California Split (1974),Comedy|Drama
7097,26317,Emmanuelle (1974),Drama|Romance
7098,26318,"Phantom of Liberty, The (Fantôme de la liberté, Le) (1974)",Comedy|Drama
7099,26322,Gone in 60 Seconds (1974),Action|Crime|Drama
7100,26324,Harry and Tonto (1974),Comedy|Drama
7101,26325,Hearts and Minds (1974),Documentary|War
7102,26326,"Holy Mountain, The (Montaña sagrada, La) (1973)",Drama
7103,26336,"Adventure of Sherlock Holmes' Smarter Brother, The (1975)",Comedy|Crime|Mystery
7104,26340,"Twelve Tasks of Asterix, The (Les douze travaux d'Astérix) (1976)",Action|Adventure|Animation|Children|Comedy|Fantasy
7105,26342,"Farewell, My Lovely (1975)",Crime|Mystery|Thriller
7106,26344,French Connection II (1975),Action|Crime|Drama|Thriller
7107,26347,"Irony of Fate, or Enjoy Your Bath! (Ironiya sudby, ili S legkim parom!) (1975)",Comedy|Drama|Romance
7108,26349,Night Moves (1975),Crime|Thriller
7109,26350,"Passenger, The (Professione: reporter) (1975)",Drama
7110,26359,1900 (Novecento) (1976),Drama|War
7111,26360,"Small Change (Argent de poche, L') (1976)",Comedy|Drama
7112,26365,Futureworld (1976),Sci-Fi|Thriller
7113,26366,Harlan County U.S.A. (1976),Documentary
7114,26371,The Missouri Breaks (1976),Drama|Western
7115,26375,Silver Streak (1976),Action|Comedy|Crime
7116,26379,Jesus of Nazareth (1977),Drama
7117,26383,Demon Seed (1977),Horror|Sci-Fi|Thriller
7118,26386,High Anxiety (1977),Comedy|Thriller
7119,26391,"New York, New York (1977)",Drama|Musical|Romance
7120,26393,Sorcerer (1977),Action|Thriller
7121,26394,"Turning Point, The (1977)",Drama|Romance
7122,26395,"Rutles: All You Need Is Cash, The (1978)",Comedy
7123,26398,Capricorn One (1978),Drama|Sci-Fi|Thriller
7124,26399,"5 Deadly Venoms, The (Wu du) (Five Deadly Venoms) (1978)",Action
7125,26400,Gates of Heaven (1978),Documentary
7126,26403,"Hobbit, The (1977)",Animation|Children|Fantasy
7127,26413,Snake in the Eagle's Shadow (Se ying diu sau) (1978),Action|Comedy
7128,26414,"Wedding, A (1978)",Comedy|Drama
7129,26422,Hair (1979),Comedy|Drama|Musical
7130,26425,"In-Laws, The (1979)",Action|Comedy
7131,26444,"Hitch Hikers Guide to the Galaxy, The (1981)",Adventure|Comedy|Sci-Fi
7132,26453,Smiley's People (1982),Drama|Mystery
7133,26462,Bad Boys (1983),Crime|Drama|Thriller
7134,26463,Barefoot Gen (Hadashi no Gen) (1983),Animation|Drama|War
7135,26464,Blue Thunder (1983),Action|Crime|Drama
7136,26465,D.C. Cab (1983),Action|Comedy
7137,26467,"Day After, The (1983)",Drama|Sci-Fi
7138,26471,Eddie Murphy Delirious (1983),Comedy|Documentary
7139,26472,"Norte, El (1984)",Adventure|Drama
7140,26476,Merry Christmas Mr. Lawrence (1983),Drama|War
7141,26479,"Pirates of Penzance, The (1983)",Adventure|Comedy|Musical|Romance
7142,26485,Rumble Fish (1983),Drama
7143,26487,Star 80 (1983),Drama
7144,26488,"Star Chamber, The (1983)",Action|Crime|Drama|Thriller
7145,26491,To Be or Not to Be (1983),Comedy|Romance|War
7146,26492,Twilight Zone: The Movie (1983),Fantasy|Horror|Sci-Fi|Thriller
7147,26495,Yellowbeard (1983),Action|Adventure|Comedy
7148,26497,Another Country (1984),Drama|Romance
7149,26502,"Christmas Carol, A (1984)",Drama|Fantasy
7150,26504,Cloak & Dagger (1984),Action|Adventure|Children|Crime|Mystery|Thriller
7151,26509,Electric Dreams (1984),Comedy|Drama|Romance|Sci-Fi
7152,26513,"Ice Pirates, The (1984)",Action|Adventure|Comedy|Sci-Fi
7153,26521,Racing with the Moon (1984),Comedy|Drama|Romance
7154,26524,"Times of Harvey Milk, The (1984)",Documentary
7155,26527,What Have I Done to Deserve This? (¿Qué he hecho yo para merecer esto!!) (1984),Comedy|Drama
7156,26528,Anne of Green Gables (1985),Children|Drama
7157,26539,Death of a Salesman (1985),Drama
7158,26547,Police Story (Ging chaat goo si) (1985),Action|Comedy|Crime|Thriller
7159,26550,Mishima: A Life in Four Chapters (1985),Drama
7160,26554,"Quiet Earth, The (1985)",Drama|Mystery|Sci-Fi
7161,26555,Spies Like Us (1985),Comedy
7162,26558,"Stuff, The (1985)",Comedy|Horror|Mystery|Sci-Fi
7163,26560,"Unknown Soldier, The (Tuntematon sotilas) (1985)",Drama|War
7164,26561,Vision Quest (1985),Drama|Romance
7165,26562,White Nights (1985),Drama
7166,26564,'Round Midnight (1986),Drama|Musical
7167,26567,Club Paradise (1986),Comedy
7168,26578,"Sacrifice, The (Offret - Sacraficatio) (1986)",Drama
7169,26585,"Better Tomorrow, A (Ying hung boon sik) (1986)",Crime|Drama|Thriller
7170,26587,"Decalogue, The (Dekalog) (1989)",Crime|Drama|Romance
7171,26599,"Law of Desire (Ley del deseo, La) (1987)",Comedy|Drama|Romance
7172,26603,Prince of Darkness (1987),Fantasy|Horror|Sci-Fi|Thriller
7173,26606,"Chinese Ghost Story, A (Sinnui yauwan) (1987)",Action|Fantasy|Horror|Romance
7174,26612,"Better Tomorrow II, A (Ying hung boon sik II) (1987)",Crime|Drama|Thriller
7175,26614,"Bourne Identity, The (1988)",Action|Adventure|Drama|Mystery|Thriller
7176,26616,Cobra Verde (1987),Adventure|Drama
7177,26629,Killer Klowns from Outer Space (1988),Comedy|Horror|Sci-Fi
7178,26630,Moonwalker (1988),Musical
7179,26631,Alice (Neco z Alenky) (1988),Animation|Fantasy|Mystery
7180,26649,Lonesome Dove (1989),Adventure|Drama|Western
7181,26662,Kiki's Delivery Service (Majo no takkyûbin) (1989),Adventure|Animation|Children|Drama|Fantasy
7182,26663,Monsieur Hire (1989),Crime|Romance|Thriller
7183,26680,Cry-Baby (1990),Comedy|Musical|Romance
7184,26681,Bullet in the Head (1990),Action|Drama|War
7185,26686,Ghost Dad (1990),Comedy|Fantasy
7186,26688,Hard to Kill (1990),Action|Crime|Drama
7187,26691,I Hired a Contract Killer (1990),Comedy|Drama
7188,26693,It (1990),Drama|Fantasy|Horror|Mystery|Thriller
7189,26694,Ju Dou (1990),Drama
7190,26695,"Krays, The (1990)",Drama
7191,26696,Lionheart (1990),Action
7192,26699,Close-Up (Nema-ye Nazdik) (1990),Drama
7193,26700,Nuns on the Run (1990),Comedy|Crime
7194,26701,Patlabor: The Movie (Kidô keisatsu patorebâ: The Movie) (1989),Action|Animation|Crime|Drama|Film-Noir|Mystery|Sci-Fi|Thriller
7195,26702,"Reflecting Skin, The (1990)",Drama|Horror|Thriller
7196,26704,State of Grace (1990),Crime|Drama|Thriller
7197,26712,35 Up (1991),Documentary
7198,26713,Days of Being Wild (A Fei jingjyuhn) (1990),Drama|Romance
7199,26726,Dutch (1991),Comedy
7200,26729,Hearts of Darkness: A Filmmakers Apocalypse (1991),Documentary
7201,26731,Homicide (1991),Crime|Drama|Thriller
7202,26734,"Kiss Before Dying, A (1991)",Thriller
7203,26736,Riki-Oh: The Story of Ricky (Lik Wong) (1991),Action|Crime|Thriller
7204,26741,Mannequin 2: On the Move (1991),Comedy|Fantasy|Romance
7205,26743,Only Yesterday (Omohide poro poro) (1991),Animation|Drama
7206,26744,Once Around (1991),Drama
7207,26745,Other People's Money (1991),Comedy|Drama|Romance
7208,26746,Out for Justice (1991),Action|Crime|Drama|Thriller
7209,26750,Quigley Down Under (1990),Adventure|Drama|Western
7210,26758,All the Mornings of the World (Tous les matins du monde) (1991),Drama|Romance
7211,26760,Wild Hearts Can't Be Broken (1991),Drama|Romance
7212,26770,Diggstown (1992),Drama
7213,26776,Porco Rosso (Crimson Pig) (Kurenai no buta) (1992),Adventure|Animation|Comedy|Fantasy|Romance
7214,26778,Ladybugs (1992),Comedy
7215,26782,"Mambo Kings, The (1992)",Drama|Musical
7216,26788,"Story of Qiu Ju, The (Qiu Ju da guan si) (1992)",Comedy|Drama
7217,26791,Shining Through (1992),Drama|Romance|Thriller|War
7218,26792,Sidekicks (1992),Action|Adventure|Children|Comedy
7219,26796,"Heart in Winter, A (Un coeur en hiver) (1992)",Drama|Romance
7220,26810,Bad Boy Bubby (1993),Drama
7221,26812,Barbarians at the Gate (1993),Drama
7222,26819,Fortress (1992),Action|Sci-Fi
7223,26828,Mr. Nanny (1993),Action|Children|Comedy
7224,26838,"Snapper, The (1993)",Comedy|Drama
7225,26840,Sonatine (Sonachine) (1993),Action|Comedy|Crime|Drama
7226,26841,Splitting Heirs (1993),Comedy
7227,26842,Tai Chi Master (Twin Warriors) (Tai ji: Zhang San Feng) (1993),Action|Adventure|Comedy|Drama
7228,26849,"Stand, The (1994)",Adventure|Drama|Fantasy|Horror|Sci-Fi
7229,26850,71 Fragments of a Chronology of Chance (71 Fragmente einer Chronologie des Zufalls) (1994),Drama
7230,26865,Fist of Legend (Jing wu ying xiong) (1994),Action|Drama
7231,26870,Major League II (1994),Comedy
7232,26871,My Father the Hero (1994),Comedy|Romance
7233,26875,"Pure Formality, A (Pura formalità, Una) (1994)",Crime|Film-Noir|Mystery|Thriller
7234,26887,"Langoliers, The (1995)",Drama|Fantasy|Horror|Mystery|Sci-Fi|Thriller
7235,26903,Whisper of the Heart (Mimi wo sumaseba) (1995),Animation|Drama|Romance
7236,26913,Street Fighter II: The Animated Movie (Sutorîto Faitâ II gekijô-ban) (1994),Action|Animation
7237,26914,Trinity and Beyond (1995),Documentary
7238,26915,Tromeo and Juliet (1996),Comedy|Drama
7239,26925,Cannibal! The Musical (a.k.a. Alferd Packer: The Musical) (1996),Comedy|Horror|Musical|Western
7240,26934,God of Cookery (Sik san) (1996),Comedy
7241,26939,Drifting Clouds (Kauas pilvet karkaavat) (1996),Comedy|Drama
7242,26940,"Late Shift, The (1996)",Comedy
7243,26947,Pusher (1996),Crime|Thriller
7244,26965,"Boxer, The (1997)",Drama|Thriller
7245,26973,Snow White: A Tale of Terror (1997),Fantasy|Horror
7246,26974,Gummo (1997),Drama
7247,26985,Nirvana (1997),Action|Sci-Fi
7248,26999,"Lion King II: Simba's Pride, The (1998)",Adventure|Animation|Children|Musical|Romance
7249,27002,From the Earth to the Moon (1998),Action|Documentary|Drama|Thriller
7250,27003,Beowulf (1999),Action|Horror|Sci-Fi
7251,27005,"Interview, The (1998)",Crime|Drama|Mystery|Thriller
7252,27006,RKO 281 (1999),Drama
7253,27020,Gia (1998),Drama|Romance
7254,27022,Thursday (1998),Action|Crime|Thriller
7255,27032,Who Am I? (Wo shi shei) (1998),Action|Adventure|Comedy|Sci-Fi|Thriller
7256,27033,"Kingdom II, The (Riget II) (1997)",Drama|Horror|Mystery
7257,27036,Merlin (1998),Action|Adventure|Drama|Fantasy|Romance
7258,27073,Two Hands (1999),Comedy|Crime|Thriller
7259,27075,Addams Family Reunion (1998),Children|Comedy|Fantasy
7260,27109,Lady Snowblood (Shurayukihime) (1973),Action|Crime|Drama|Thriller
7261,27152,Pitkä kuuma kesä (1999),Comedy|Drama
7262,27155,"Batman/Superman Movie, The (1998)",Action|Adventure|Animation|Children|Fantasy|Sci-Fi
7263,27156,"Neon Genesis Evangelion: The End of Evangelion (Shin seiki Evangelion Gekijô-ban: Air/Magokoro wo, kimi ni) (1997)",Action|Animation|Drama|Fantasy|Sci-Fi
7264,27178,In July (Im Juli) (2000),Comedy|Romance
7265,27180,Joan of Arc (1999),Adventure|Drama
7266,27186,Kirikou and the Sorceress (Kirikou et la sorcière) (1998),Adventure|Animation|Children|Fantasy
7267,27193,Taxi 2 (2000),Action|Comedy
7268,27216,Katsastus (1988),Comedy|Drama
7269,27246,If These Walls Could Talk 2 (2000),Drama|Romance
7270,27251,"10th Kingdom, The (2000)",Adventure|Comedy|Fantasy
7271,27253,"Extremely Goofy Movie, An (2000)",Animation|Children|Comedy
7272,27255,"Wind Will Carry Us, The (Bad ma ra khahad bord) (1999)",Drama
7273,27266,2046 (2004),Drama|Fantasy|Romance|Sci-Fi
7274,27271,Taboo (Gohatto) (1999),Drama
7275,27309,Restless (Levottomat) (2000),Drama|Romance
7276,27311,Batman Beyond: Return of the Joker (2000),Action|Animation|Crime|Sci-Fi|Thriller
7277,27316,6ixtynin9 (Ruang Talok 69) (1999),Action|Comedy|Thriller
7278,27317,Audition (Ôdishon) (1999),Drama|Horror|Mystery|Romance|Thriller
7279,27329,Paradise Lost 2: Revelations (2000),Documentary
7280,27338,"Hole, The (2001)",Crime|Drama|Horror|Mystery|Thriller
7281,27340,"Sleeping Dictionary, The (2003)",Drama|Romance
7282,27351,Spiral (2000),Horror
7283,27362,"Sometimes Happiness, Sometimes Sorrow (Kabhi Khushi Kabhie Gham) (2001)",Drama|Musical|Romance
7284,27366,Werckmeister Harmonies (Werckmeister harmóniák) (2000),Drama
7285,27368,Asterix & Obelix: Mission Cleopatra (Astérix & Obélix: Mission Cléopâtre) (2002),Adventure|Comedy|Fantasy
7286,27369,Daria: Is It Fall Yet? (2000),Animation|Comedy
7287,27370,Late Night Shopping (2001),Comedy
7288,27373,61* (2001),Drama
7289,27376,"Tunnel, The (Tunnel, Der) (2001)",Action|Drama|Thriller
7290,27391,"Laramie Project, The (2002)",Crime|Drama
7291,27392,Run Ronnie Run (2002),Comedy
7292,27397,Joint Security Area (Gongdong gyeongbi guyeok JSA) (2000),Crime|Drama|Mystery|Thriller|War
7293,27402,Dagon (2001),Fantasy|Horror|Mystery|Thriller
7294,27408,Ripley's Game (2002),Drama|Thriller
7295,27410,Conspiracy (2001),Drama|War
7296,27416,Jalla! Jalla! (2000),Comedy|Drama|Romance
7297,27432,"Beautiful Country, The (2004)",Drama
7298,27434,Darkness (2002),Horror|Mystery
7299,27441,Blood: The Last Vampire (2000),Action|Animation|Horror
7300,27450,Blueberry (2004),Adventure|Western
7301,27456,Shackleton's Antarctic Adventure (2001),Documentary|IMAX
7302,27473,American Psycho II: All American Girl (2002),Comedy|Crime|Horror|Mystery|Thriller
7303,27478,Ali G Indahouse (2002),Comedy
7304,27482,Cube 2: Hypercube (2002),Horror|Mystery|Sci-Fi
7305,27491,Pulse (Kairo) (2001),Horror|Mystery|Thriller
7306,27509,Carolina (2005),Comedy|Romance
7307,27515,Balzac and the Little Chinese Seamstress (Xiao cai feng) (2002),Drama|Romance
7308,27523,My Sassy Girl (Yeopgijeogin geunyeo) (2001),Comedy|Romance
7309,27537,Nothing (2003),Comedy|Fantasy|Mystery|Sci-Fi
7310,27555,Fubar (2002),Comedy
7311,27563,"Happiness of the Katakuris, The (Katakuri-ke no kôfuku) (2001)",Comedy|Horror|Musical
7312,27564,Sex Is Comedy (2002),Comedy|Drama|Romance
7313,27584,Dead End (2003),Comedy|Horror|Mystery|Thriller
7314,27592,Sympathy for Mr. Vengeance (Boksuneun naui geot) (2002),Crime|Drama
7315,27604,Suicide Club (Jisatsu saakuru) (2001),Horror|Mystery|Thriller
7316,27608,Immortel (ad vitam) (Immortal) (2004),Action|Adventure|Animation|Fantasy|Sci-Fi
7317,27611,Battlestar Galactica (2003),Drama|Sci-Fi|War
7318,27618,"Sound of Thunder, A (2005)",Action|Adventure|Drama|Sci-Fi|Thriller
7319,27619,"Lion King 1½, The (2004)",Adventure|Animation|Children|Comedy
7320,27636,Herr Lehmann (2003),Comedy|Drama
7321,27641,Upswing (Nousukausi) (2003),Comedy|Drama
7322,27643,Pahat pojat (2003),Action|Crime|Drama
7323,27647,Tipping the Velvet (2002),Comedy|Drama|Romance
7324,27648,Bright Young Things (2003),Comedy|Drama
7325,27660,"Animatrix, The (2003)",Action|Animation|Drama|Sci-Fi
7326,27664,"Brown Bunny, The (2003)",Drama
7327,27671,As If I Didn't Exist (Elina - Som om jag inte fanns) (2002),Children|Drama
7328,27674,11:14 (2003),Comedy|Crime|Drama|Mystery|Thriller
7329,27685,Bring It On Again (2004),Comedy
7330,27689,"Crimson Rivers 2: Angels of the Apocalypse (Rivières pourpres II - Les anges de l'apocalypse, Les) (2004)",Action|Crime|Thriller
7331,27695,Nicotina (2003),Action|Comedy|Drama
7332,27700,Evil (Ondskan) (2003),Drama
7333,27704,Battle Royale 2: Requiem (Batoru rowaiaru II: Chinkonka) (2003),Action|Drama|Thriller|War
7334,27705,In Hell (2003),Action|Drama|Thriller
7335,27706,Lemony Snicket's A Series of Unfortunate Events (2004),Adventure|Children|Comedy|Fantasy
7336,27716,"Green Butchers, The (Grønne slagtere, De) (2003)",Comedy|Crime|Drama|Romance
7337,27717,Pearls and Pigs (Helmiä ja sikoja) (2003),Comedy
7338,27721,"Very Long Engagement, A (Un long dimanche de fiançailles) (2004)",Drama|Mystery|Romance|War
7339,27722,Last Life in the Universe (Ruang rak noi nid mahasan) (2003),Drama|Romance
7340,27724,Hitler: The Rise of Evil (2003),Drama
7341,27727,Head-On (Gegen die Wand) (2004),Drama|Romance
7342,27728,Ghost in the Shell 2: Innocence (a.k.a. Innocence) (Inosensu) (2004),Action|Animation|Drama|Sci-Fi|Thriller
7343,27731,"Cat Returns, The (Neko no ongaeshi) (2002)",Adventure|Animation|Children|Fantasy
7344,27735,Unstoppable (2004),Action|Adventure|Comedy|Drama|Thriller
7345,27738,"Cathedral, The (Katedra) (2002)",Animation
7346,27741,"Twilight Samurai, The (Tasogare Seibei) (2002)",Drama|Romance
7347,27744,"Facing Windows (Finestra di fronte, La) (2003)",Drama|Romance
7348,27746,Ginger Snaps: Unleashed (2004),Horror|Thriller
7349,27751,'Salem's Lot (2004),Drama|Horror|Mystery|Thriller
7350,27768,Intimate Strangers (Confidences trop intimes) (2004),Drama
7351,27772,Ju-on: The Grudge (2002),Horror
7352,27773,Old Boy (2003),Mystery|Thriller
7353,27776,Red Lights (Feux rouges) (2004),Drama
7354,27778,Ginger Snaps Back: The Beginning (2004),Fantasy|Horror
7355,27784,One Missed Call (Chakushin ari) (2003),Horror|Mystery
7356,27788,"Jacket, The (2005)",Drama|Mystery|Sci-Fi|Thriller
7357,27790,Millions (2004),Children|Comedy|Crime|Drama|Fantasy
7358,27792,"Saddest Music in the World, The (2003)",Comedy|Drama|Fantasy|Musical|Romance
7359,27793,Starship Troopers 2: Hero of the Federation (2004),Action|Horror|Sci-Fi|War
7360,27797,"Man Who Copied, The (Homem Que Copiava, O) (2003)",Comedy|Crime|Drama|Romance
7361,27800,Interstella 5555: The 5tory of the 5ecret 5tar 5ystem (2003),Adventure|Animation|Fantasy|Musical|Sci-Fi
7362,27801,Ong-Bak: The Thai Warrior (Ong Bak) (2003),Action|Thriller
7363,27802,Infernal Affairs 2 (Mou gaan dou II) (2003),Action|Crime|Drama|Thriller
7364,27803,"Sea Inside, The (Mar adentro) (2004)",Drama
7365,27808,Spanglish (2004),Comedy|Drama|Romance
7366,27812,Festival Express (2003),Documentary|Musical
7367,27815,"Chorus, The (Choristes, Les) (2004)",Drama
7368,27816,Saints and Soldiers (2003),Action|Adventure|Drama|War
7369,27820,"Story of the Weeping Camel, The (Geschichte vom weinenden Kamel, Die) (2003)",Documentary|Drama
7370,27821,"Interpreter, The (2005)",Drama|Thriller
7371,27822,Open Water (2003),Drama|Thriller
7372,27826,Touch of Pink (2004),Comedy|Drama|Romance
7373,27828,"Memory of a Killer, The (Zaak Alzheimer, De) (2003)",Action|Crime|Drama|Thriller
7374,27830,"Bobby Jones, Stroke of Genius (2004)",Drama
7375,27831,Layer Cake (2004),Crime|Drama|Thriller
7376,27833,Silver City (2004),Comedy|Drama|Mystery|Thriller
7377,27834,"Return, The (Vozvrashcheniye) (2003)",Drama
7378,27837,Flight of the Phoenix (2004),Action|Adventure
7379,27838,Mean Creek (2004),Drama|Thriller
7380,27839,"Ring Two, The (2005)",Drama|Horror|Mystery|Thriller
7381,27843,Machuca (2004),Drama
7382,27846,"Corporation, The (2003)",Documentary
7383,27850,"Yes Men, The (2003)",Documentary
7384,27851,"Fond Kiss, A (Ae Fond Kiss...) (2004)",Drama|Romance
7385,27857,As it is in Heaven (Så som i himmelen) (2004),Drama|Musical|Romance
7386,27864,She Hate Me (2004),Comedy|Drama
7387,27865,Azumi (2003),Action|Adventure|Drama|Thriller
7388,27866,In My Father's Den (2004),Drama
7389,27869,Tae Guk Gi: The Brotherhood of War (Taegukgi hwinalrimyeo) (2004),Action|Drama|War
7390,27871,Something the Lord Made (2004),Drama
7391,27873,Metallica: Some Kind of Monster (2004),Documentary
7392,27875,Redemption: The Stan Tookie Williams Story (2004),Crime|Documentary|Drama
7393,27876,Schultze Gets the Blues (2003),Comedy|Drama
7394,27878,Born into Brothels (2004),Documentary
7395,27879,DiG! (2004),Documentary
7396,27882,Riding Giants (2004),Documentary
7397,27884,Word Wars (2004),Comedy|Documentary|Drama
7398,27888,When Will I Be Loved (2004),Drama
7399,27899,What the #$*! Do We Know!? (a.k.a. What the Bleep Do We Know!?) (2004),Comedy|Documentary|Drama
7400,27904,"Scanner Darkly, A (2006)",Animation|Drama|Mystery|Sci-Fi|Thriller
7401,27905,Casshern (2004),Action|Drama|Fantasy|Sci-Fi
7402,27912,Outfoxed: Rupert Murdoch's War on Journalism (2004),Documentary
7403,27922,Jerry Seinfeld: 'I'm Telling You for the Last Time' (1998),Comedy|Documentary
7404,30701,Chimes at Midnight (Campanadas a medianoche) (1965),Comedy|Drama|War
7405,30707,Million Dollar Baby (2004),Drama
7406,30712,"Narrow Margin, The (1952)",Crime|Drama|Film-Noir
7407,30721,Hell Is for Heroes (1962),Drama|War
7408,30745,Gozu (Gokudô kyôfu dai-gekijô: Gozu) (2003),Comedy|Crime|Drama|Horror|Mystery
7409,30747,"Goodbye, Dragon Inn (Bu san) (2003)",Comedy|Drama
7410,30749,Hotel Rwanda (2004),Drama|War
7411,30791,Hellraiser: Inferno (2000),Horror
7412,30793,Charlie and the Chocolate Factory (2005),Adventure|Children|Comedy|Fantasy|IMAX
7413,30803,3-Iron (Bin-jip) (2004),Drama|Romance
7414,30810,"Life Aquatic with Steve Zissou, The (2004)",Adventure|Comedy|Fantasy
7415,30812,"Aviator, The (2004)",Drama
7416,30816,"Phantom of the Opera, The (2004)",Drama|Musical|Romance
7417,30818,Beyond the Sea (2004),Drama|Musical
7418,30820,"Woodsman, The (2004)",Drama
7419,30822,In Good Company (2004),Comedy|Drama
7420,30825,Meet the Fockers (2004),Comedy
7421,30846,"Assassination of Richard Nixon, The (2004)",Crime|Drama|Thriller
7422,30848,"Love Song for Bobby Long, A (2004)",Drama
7423,30850,"Merchant of Venice, The (2004)",Drama
7424,30867,Kamikaze Girls (Shimotsuma monogatari) (2004),Comedy
7425,30883,Fat Albert (2004),Comedy|Fantasy
7426,30892,In the Realms of the Unreal (2004),Animation|Documentary
7427,30894,White Noise (2005),Drama|Horror|Mystery|Sci-Fi|Thriller
7428,30898,"Upside of Anger, The (2005)",Comedy|Drama|Romance
7429,30949,"Grateful Dead Movie, The (1977)",Documentary|Musical
7430,30952,Last Train from Gun Hill (1959),Drama|Western
7431,30991,Powwow Highway (1989),Drama
7432,30996,Little Miss Marker (1934),Comedy|Drama
7433,31000,Sweet Liberty (1986),Comedy
7434,31026,"Phantom of the Opera, The (1989)",Drama|Horror|Musical
7435,31030,I Remember Mama (1948),Children|Drama
7436,31032,"Last Horror Movie, The (2003)",Horror|Thriller
7437,31035,Testament (1983),Drama
7438,31042,Hell's Angels (1930),Drama|War
7439,31079,Son of Godzilla (Kaijûtô no kessen: Gojira no musuko) (1967),Sci-Fi
7440,31101,Stander (2003),Action|Crime|Drama
7441,31114,Imaginary Heroes (2004),Comedy|Drama
7442,31116,Sergeant York (1941),Drama|War
7443,31123,Ruby & Quentin (Tais-toi!) (2003),Comedy|Crime
7444,31133,Deathwatch (2002),Drama|Horror|Thriller|War
7445,31148,Day of the Wacko (Dzien swira) (2002),Comedy|Drama
7446,31150,Wizards (1977),Animation|Fantasy|Sci-Fi|War
7447,31156,Abbott and Costello Meet the Invisible Man (1951),Comedy|Sci-Fi
7448,31162,"Life and Death of Peter Sellers, The (2004)",Comedy|Drama
7449,31184,Appleseed (Appurushîdo) (2004),Action|Animation|Fantasy|Sci-Fi
7450,31193,"Many Adventures of Winnie the Pooh, The (1977)",Animation|Children|Musical
7451,31221,Elektra (2005),Action|Adventure|Crime|Drama
7452,31223,Racing Stripes (2005),Children|Comedy
7453,31225,Coach Carter (2005),Drama
7454,31251,Iceman (1984),Drama|Sci-Fi
7455,31255,Ice Station Zebra (1968),Action|Thriller
7456,31260,Boys Town (1938),Drama
7457,31263,Torremolinos 73 (2003),Comedy|Drama
7458,31270,Shivers (They Came from Within) (1975),Drama|Horror|Sci-Fi
7459,31309,Rocco and His Brothers (Rocco e i suoi fratelli) (1960),Crime|Drama
7460,31347,Christmas in July (1940),Comedy|Romance
7461,31359,Moolaadé (2004),Drama
7462,31364,Memories of Murder (Salinui chueok) (2003),Crime|Drama|Mystery|Thriller
7463,31367,"Chase, The (1994)",Action|Adventure|Comedy|Crime|Romance|Thriller
7464,31374,Hobson's Choice (1954),Comedy|Drama|Romance
7465,31408,Summer Storm (Sommersturm) (2004),Drama|Romance
7466,31410,"Downfall (Untergang, Der) (2004)",Drama|War
7467,31420,Assault on Precinct 13 (2005),Action|Crime|Drama|Thriller
7468,31422,Are We There Yet? (2005),Children|Comedy
7469,31424,Alone in the Dark (2005),Action|Horror|Sci-Fi|Thriller
7470,31427,Hide and Seek (2005),Horror|Mystery|Thriller
7471,31429,Aliens of the Deep (2005),Documentary|IMAX
7472,31431,Boogeyman (2005),Drama|Horror|Mystery|Thriller
7473,31433,"Wedding Date, The (2005)",Comedy|Romance
7474,31435,Rory O'Shea Was Here (Inside I'm Dancing) (2004),Drama
7475,31437,Nobody Knows (Dare mo shiranai) (2004),Drama
7476,31445,Employee of the Month (2004),Comedy|Drama
7477,31467,"Great White Hope, The (1970)",Action|Drama
7478,31485,"Professionals, The (1966)",Western
7479,31502,Salem's Lot (1979),Drama|Horror|Mystery|Thriller
7480,31522,"Marriage of Maria Braun, The (Ehe der Maria Braun, Die) (1979)",Drama
7481,31528,Beau Geste (1939),Action|Adventure|Drama|War
7482,31539,Overnight (2003),Documentary
7483,31545,"Trou, Le (Hole, The) (Night Watch, The) (1960)",Crime|Film-Noir
7484,31547,Lessons of Darkness (Lektionen in Finsternis) (1992),Documentary|War
7485,31553,Double Dragon (1994),Action|Adventure|Sci-Fi
7486,31555,Mac and Me (1988),Children|Fantasy|Sci-Fi
7487,31584,Rosenstrasse (2003),Drama|War
7488,31588,Casque d'or (1952),Crime|Drama|Romance
7489,31590,Hands Off the Loot (Touchez pas au grisbi) (1954),Crime|Drama|Thriller
7490,31617,El Cid (1961),Action|Adventure|Drama|Romance|War
7491,31658,Howl's Moving Castle (Hauru no ugoku shiro) (2004),Adventure|Animation|Fantasy|Romance
7492,31660,Steamboy (Suchîmubôi) (2004),Action|Animation|Drama|Sci-Fi
7493,31685,Hitch (2005),Comedy|Romance
7494,31687,Pooh's Heffalump Movie (2005),Animation|Children
7495,31689,Inside Deep Throat (2005),Documentary
7496,31694,Bride & Prejudice (2004),Comedy|Musical|Romance
7497,31696,Constantine (2005),Action|Fantasy|Horror|Thriller
7498,31698,Son of the Mask (2005),Adventure|Children|Comedy|Fantasy
7499,31700,Because of Winn-Dixie (2005),Children|Comedy|Drama
7500,31702,Turtles Can Fly (Lakposhtha hâm parvaz mikonand) (2004),Drama|War
7501,31705,Beautiful Boxer (2003),Action|Drama
7502,31724,Pauly Shore Is Dead (2003),Comedy
7503,31737,Bunny Lake Is Missing (1965),Mystery|Thriller
7504,31747,The Boyfriend School (1990),Comedy|Romance
7505,31770,Night and the City (1950),Film-Noir|Thriller
7506,31785,Frozen Land (Paha maa) (2005),Drama
7507,31804,Night Watch (Nochnoy dozor) (2004),Action|Fantasy|Horror|Mystery|Sci-Fi|Thriller
7508,31807,Dot the I (2003),Drama|Film-Noir|Thriller
7509,31854,Morocco (1930),Drama|Romance
7510,31867,Man of the House (2005),Action|Comedy
7511,31878,Kung Fu Hustle (Gong fu) (2004),Action|Comedy
7512,31903,Zelary (2003),Drama|Romance
7513,31909,Dr. Giggles (1992),Comedy|Horror
7514,31921,"Seven-Per-Cent Solution, The (1976)",Adventure|Comedy|Crime|Drama|Mystery|Thriller
7515,31923,"Three Musketeers, The (1973)",Action|Adventure|Comedy
7516,31930,Masculin Féminin (1966),Drama
7517,31934,"Four Feathers, The (1939)",Adventure|War
7518,31950,Curse of the Demon (Night of the Demon) (1957),Fantasy|Horror|Mystery
7519,31952,Control (Kontroll) (2003),Comedy|Crime|Drama|Mystery
7520,31956,5x2 (2004),Drama|Romance
7521,31973,Germany Year Zero (Germania anno zero) (Deutschland im Jahre Null) (1948),Drama|War
7522,32009,Tyler Perry's Diary of a Mad Black Woman (2005),Comedy|Drama|Romance
7523,32011,Cursed (2005),Horror|Thriller
7524,32017,"Pacifier, The (2005)",Action|Comedy
7525,32019,Be Cool (2005),Comedy|Crime|Musical
7526,32022,Gunner Palace (2004),Documentary|War
7527,32025,Walk on Water (2004),Drama|Thriller
7528,32029,Hostage (2005),Action|Crime|Drama|Thriller
7529,32031,Robots (2005),Adventure|Animation|Children|Comedy|Fantasy|Sci-Fi|IMAX
7530,32058,Class Action (1991),Drama
7531,32076,Godzilla vs. The Sea Monster (Gojira-Ebira-Mosura: Nankai no daiketto) (1966),Action|Adventure|Fantasy|Sci-Fi
7532,32078,Godzilla vs. Mechagodzilla II (Gojira VS Mekagojira) (1993),Action|Drama|Sci-Fi
7533,32084,Crush (1992),Drama
7534,32116,"Oh, God! You Devil (1984)",Comedy
7535,32128,Blackball (2003),Comedy|Drama
7536,32139,"Agony and the Ecstasy, The (1965)",Drama
7537,32153,Once Upon a Forest (1993),Adventure|Animation|Children|Fantasy
7538,32160,Twentieth Century (1934),Comedy
7539,32170,Chronicles (Crónicas) (2004),Crime|Drama
7540,32174,"Green Berets, The (1968)",Action|Drama|War
7541,32179,Elevator to the Gallows (a.k.a. Frantic) (Ascenseur pour l'échafaud) (1958),Crime|Drama|Thriller
7542,32196,"Violent Cop (Sono otoko, kyôbô ni tsuki) (1989)",Action|Crime|Drama|Thriller
7543,32203,Brian's Song (1971),Drama
7544,32213,Cube Zero (2004),Horror|Mystery|Sci-Fi|Thriller
7545,32234,Julia (1977),Drama
7546,32239,Save the Green Planet! (Jigureul jikyeora!) (2003),Comedy|Drama|Horror|Sci-Fi|Thriller
7547,32261,Thirty Seconds Over Tokyo (1944),Drama|War
7548,32289,Ice Princess (2005),Children|Comedy|Drama
7549,32291,Melinda and Melinda (2004),Comedy|Drama
7550,32296,Miss Congeniality 2: Armed and Fabulous (2005),Adventure|Comedy|Crime
7551,32298,Guess Who (2005),Comedy|Romance
7552,32300,D.E.B.S. (2004),Action|Comedy
7553,32302,"League of Ordinary Gentlemen, A (2004)",Documentary
7554,32314,Incident at Loch Ness (2004),Adventure|Comedy|Documentary
7555,32316,"River, The (1951)",Drama|Romance
7556,32349,Stella Dallas (1937),Drama
7557,32352,"Thief and the Cobbler, The (a.k.a. Arabian Knight) (1995)",Adventure|Animation|Comedy|Fantasy
7558,32369,Panic in the Streets (1950),Crime|Drama|Film-Noir|Thriller
7559,32371,Call Northside 777 (1948),Crime|Drama|Film-Noir
7560,32381,Bells Are Ringing (1960),Comedy|Musical|Romance
7561,32383,Finian's Rainbow (1968),Fantasy|Musical
7562,32387,"Sword of Doom, The (Dai-bosatsu tôge) (1966)",Action|Drama
7563,32392,800 Bullets (800 Balas) (2002),Comedy|Crime|Drama|Western
7564,32442,Greedy (1994),Comedy
7565,32452,My Neighbors the Yamadas (Hôhokekyo tonari no Yamada-kun) (1999),Animation|Comedy
7566,32456,"Pom Poko (a.k.a. Raccoon War, The) (Heisei tanuki gassen pompoko) (1994)",Animation|Comedy|Drama|Fantasy
7567,32460,Knockin' on Heaven's Door (1997),Action|Comedy|Crime|Drama
7568,32469,We're No Angels (1955),Comedy|Crime|Drama
7569,32493,End of the Century: The Story of the Ramones (2003),Documentary|Musical
7570,32525,"Earrings of Madame de..., The (Madame de...) (1953)",Drama
7571,32554,Memories (Memorîzu) (1995),Animation|Fantasy|Sci-Fi|Thriller
7572,32562,Harvie Krumpet (2003),Animation|Comedy|Drama
7573,32582,"Wild Parrots of Telegraph Hill, The (2003)",Documentary
7574,32584,"Ballad of Jack and Rose, The (2005)",Drama
7575,32587,Sin City (2005),Action|Crime|Film-Noir|Mystery|Thriller
7576,32589,Beauty Shop (2005),Comedy
7577,32591,Look at Me (Comme une image) (2004),Comedy|Drama|Romance
7578,32596,Sahara (2005),Action|Adventure|Comedy
7579,32598,Fever Pitch (2005),Comedy|Romance
7580,32600,Eros (2004),Drama
7581,32627,Rhinestone (1984),Comedy
7582,32632,Electra Glide in Blue (1973),Action|Crime
7583,32657,"Man Who Planted Trees, The (Homme qui plantait des arbres, L') (1987)",Animation|Drama
7584,32666,National Lampoon's Lady Killers (National Lampoon's Gold Diggers) (2003),Comedy
7585,32668,Blind Horizon (2003),Drama|Thriller
7586,32721,Battle of the Bulge (1965),Action|Drama|War
7587,32728,"Little Girl Who Lives Down the Lane, The (1976)",Drama|Mystery|Thriller
7588,32743,Ringu 0: Bâsudei (2000),Drama|Horror|Thriller
7589,32770,Brothers (Brødre) (2004),Drama
7590,32792,"Red Desert (Deserto rosso, Il) (1964)",Drama
7591,32825,Sexmission (Seksmisja) (1984),Adventure|Comedy|Sci-Fi
7592,32840,Vincent (1982),Animation
7593,32853,"Sorrow and the Pity, The (Le chagrin et la pitié) (1969)",Documentary|War
7594,32862,With Six You Get Eggroll (1968),Comedy|Romance
7595,32882,"Big Store, The (1941)",Comedy|Musical
7596,32892,Ivan's Childhood (a.k.a. My Name is Ivan) (Ivanovo detstvo) (1962),Drama|War
7597,32898,"Trip to the Moon, A (Voyage dans la lune, Le) (1902)",Action|Adventure|Fantasy|Sci-Fi
7598,32914,Carrie (2002),Drama|Horror|Thriller
7599,32943,Life Is Sweet (1990),Comedy|Drama
7600,32988,Clean (2004),Drama
7601,33004,"Hitchhiker's Guide to the Galaxy, The (2005)",Adventure|Comedy|Sci-Fi
7602,33036,"Eiger Sanction, The (1975)",Action|Adventure|Drama|Thriller
7603,33072,F for Fake (Vérités et mensonges) (1973),Documentary|Mystery
7604,33085,"Amityville Horror, The (2005)",Horror|Thriller
7605,33124,Before the Fall (NaPolA - Elite für den Führer) (2004),Drama|War
7606,33126,"Frisco Kid, The (1979)",Comedy|Western
7607,33136,House of D (2004),Drama
7608,33138,Palindromes (2004),Adventure|Comedy|Drama
7609,33145,"Lot Like Love, A (2005)",Comedy|Drama|Romance
7610,33154,Enron: The Smartest Guys in the Room (2005),Documentary
7611,33158,xXx: State of the Union (2005),Action|Crime|Thriller
7612,33162,Kingdom of Heaven (2005),Action|Drama|Romance|War
7613,33164,House of Wax (2005),Horror|Thriller
7614,33166,Crash (2004),Crime|Drama
7615,33168,Jiminy Glick in La La Wood (2004),Comedy|Mystery
7616,33171,Mysterious Skin (2004),Drama|Mystery
7617,33188,Mischief (1985),Comedy|Romance
7618,33237,San Francisco (1936),Drama|Musical|Romance
7619,33270,"Taste of Tea, The (Cha no aji) (2004)",Comedy|Drama
7620,33288,Kes (1969),Drama
7621,33312,"Cocoanuts, The (1929)",Comedy|Musical
7622,33358,Off the Map (2003),Comedy|Drama
7623,33410,Crackerjack (2002),Comedy
7624,33421,Dear Wendy (2005),Drama
7625,33437,Unleashed (Danny the Dog) (2005),Action|Crime|Drama|Thriller
7626,33451,"Ugly, Dirty and Bad (Brutti sporchi e cattivi) (1976)",Comedy|Drama
7627,33454,Léolo (1992),Comedy|Drama
7628,33463,DuckTales: The Movie - Treasure of the Lost Lamp (1990),Adventure|Animation|Children|Comedy|Fantasy
7629,33487,Samaritan Girl (Samaria) (2004),Drama
7630,33493,Star Wars: Episode III - Revenge of the Sith (2005),Action|Adventure|Sci-Fi
7631,33495,Kicking & Screaming (2005),Comedy
7632,33499,Monster-in-Law (2005),Comedy|Romance
7633,33539,Deep Blue (2003),Documentary
7634,33558,"Snow Walker, The (2003)",Adventure|Drama
7635,33564,Divorce - Italian Style (Divorzio all'italiana) (1961),Comedy
7636,33585,9 Songs (2004),Drama|Romance
7637,33592,Bad Guy (Nabbeun namja) (2001),Drama
7638,33603,Simon (2004),Comedy|Drama
7639,33615,Madagascar (2005),Adventure|Animation|Children|Comedy
7640,33621,Somersault (2004),Drama
7641,33629,Airborne (1993),Adventure|Comedy
7642,33639,Mad Hot Ballroom (2005),Children|Documentary
7643,33644,Dominion: Prequel to the Exorcist (2005),Horror|Thriller
7644,33646,"Longest Yard, The (2005)",Comedy|Drama
7645,33649,Saving Face (2004),Comedy|Drama|Romance
7646,33660,Cinderella Man (2005),Drama|Romance
7647,33669,"Sisterhood of the Traveling Pants, The (2005)",Adventure|Comedy|Drama
7648,33672,Lords of Dogtown (2005),Action|Comedy|Drama
7649,33675,After You (Après vous...) (2003),Comedy|Romance
7650,33677,Rock School (2005),Documentary
7651,33679,Mr. & Mrs. Smith (2005),Action|Adventure|Comedy|Romance
7652,33681,"Adventures of Sharkboy and Lavagirl 3-D, The (2005)",Action|Adventure|Children|Fantasy
7653,33683,High Tension (Haute tension) (Switchblade Romance) (2003),Horror|Thriller
7654,33685,"Honeymooners, The (2005)",Comedy
7655,33722,Ladies in Lavender (2004),Comedy|Drama|Romance
7656,33725,It's All Gone Pete Tong (2004),Comedy|Drama|Musical
7657,33750,Innocent Voices (Voces inocentes) (2004),Drama|War
7658,33779,Eddie Izzard: Dress to Kill (1999),Comedy
7659,33781,Quo Vadis (1951),Drama|Romance
7660,33794,Batman Begins (2005),Action|Crime|IMAX
7661,33815,"Perfect Man, The (2005)",Comedy|Drama|Romance
7662,33817,My Summer of Love (2004),Drama|Romance
7663,33819,Heights (2004),Drama
7664,33826,Saint Ralph (2004),Comedy|Drama
7665,33830,Herbie: Fully Loaded (2005),Adventure|Comedy|Romance
7666,33832,Yes (2004),Drama
7667,33834,Land of the Dead (2005),Action|Horror|Thriller
7668,33836,Bewitched (2005),Comedy|Fantasy|Romance
7669,33838,Rize (2005),Documentary
7670,33880,Me and You and Everyone We Know (2005),Comedy|Drama
7671,33893,"Perfect Crime, The (Crimen Ferpecto) (Ferpect Crime) (2004)",Comedy|Crime|Thriller
7672,33896,3 Extremes (Three... Extremes) (Saam gaang yi) (2004),Horror
7673,33903,"Edukators, The (Die Fetten Jahre sind vorbei) (2004)",Comedy|Crime|Drama|Romance
7674,33905,Somebody Up There Likes Me (1956),Action|Crime|Drama
7675,33966,Cop and ½ (1993),Comedy
7676,34002,Room Service (1938),Comedy
7677,34018,At the Circus (1939),Comedy|Musical
7678,34048,War of the Worlds (2005),Action|Adventure|Sci-Fi|Thriller
7679,34063,Gambit (1966),Comedy|Crime
7680,34065,Billion Dollar Brain (1967),Drama|Thriller
7681,34072,"March of the Penguins (Marche de l'empereur, La) (2005)",Documentary
7682,34111,"God Who Wasn't There, The (2005)",Documentary
7683,34129,Rebound (2005),Comedy
7684,34143,Dark Water (2005),Drama|Horror|Thriller
7685,34148,"Beat That My Heart Skipped, The (battre mon coeur s'est arrêté, De) (2005)",Drama
7686,34150,Fantastic Four (2005),Action|Adventure|Sci-Fi
7687,34153,Murderball (2005),Documentary
7688,34155,Saraband (2003),Drama
7689,34162,Wedding Crashers (2005),Comedy|Romance
7690,34164,Happy Endings (2005),Comedy|Drama
7691,34177,"Hindenburg, The (1975)",Drama|Thriller
7692,34198,Russian Dolls (Les poupées russes) (2005),Comedy|Romance
7693,34271,Hustle & Flow (2005),Crime|Drama
7694,34292,Hardware (1990),Action|Horror|Sci-Fi
7695,34319,"Island, The (2005)",Action|Sci-Fi|Thriller
7696,34321,Bad News Bears (2005),Children|Comedy
7697,34323,"Devil's Rejects, The (2005)",Action|Crime|Horror
7698,34326,Last Days (2005),Drama
7699,34330,November (2004),Drama|Mystery
7700,34332,Sky High (2005),Action|Adventure|Children|Comedy
7701,34334,Stealth (2005),Action|Adventure|Sci-Fi|Thriller
7702,34336,Must Love Dogs (2005),Comedy|Romance
7703,34338,"Aristocrats, The (2005)",Comedy|Documentary
7704,34359,Georgy Girl (1966),Comedy
7705,34405,Serenity (2005),Action|Adventure|Sci-Fi
7706,34435,Sholay (1975),Action|Adventure|Comedy|Musical|Romance|Thriller
7707,34437,Broken Flowers (2005),Comedy|Drama
7708,34469,Baby Face (1933),Drama
7709,34482,"Browning Version, The (1951)",Drama
7710,34520,"Dukes of Hazzard, The (2005)",Action|Adventure|Comedy
7711,34523,The Chumscrubber (2005),Comedy|Drama
7712,34528,Junebug (2005),Comedy|Drama
7713,34530,Deuce Bigalow: European Gigolo (2005),Comedy
7714,34532,"Skeleton Key, The (2005)",Drama|Horror|Mystery|Thriller
7715,34534,Four Brothers (2005),Action|Crime|Drama
7716,34536,The Great Raid (2005),Action|Drama|War
7717,34540,Pretty Persuasion (2005),Comedy|Drama
7718,34542,Grizzly Man (2005),Documentary
7719,34552,"Girl in the Café, The (2005)",Drama|Romance
7720,34579,"24th Day, The (2004)",Drama|Thriller
7721,34583,Prime Cut (1972),Action|Crime|Drama
7722,34645,Race with the Devil (1975),Action|Horror|Mystery
7723,34767,My Date with Drew (2004),Comedy|Documentary|Romance
7724,34811,Pusher II: With Blood on My Hands (2004),Action|Crime|Drama|Thriller
7725,35015,Duma (2005),Adventure|Drama
7726,35347,Animal Farm (1954),Animation|Drama
7727,35836,"40-Year-Old Virgin, The (2005)",Comedy|Romance
7728,35957,Red Eye (2005),Horror|Thriller
7729,36056,Man of the West (1958),Western
7730,36086,Dilwale Dulhania Le Jayenge (1995),Comedy|Musical|Romance
7731,36276,Hidden (a.k.a. Cache) (Caché) (2005),Drama|Mystery|Thriller
7732,36289,Asterix & Obelix vs. Caesar (Astérix et Obélix contre César) (1999),Adventure|Children|Comedy|Fantasy
7733,36363,Kin-Dza-Dza! (1986),Comedy|Drama|Sci-Fi
7734,36397,Valiant (2005),Adventure|Animation|Children|Comedy|Fantasy|War
7735,36401,"Brothers Grimm, The (2005)",Comedy|Fantasy|Horror|Thriller
7736,36477,"Baxter, The (2005)",Comedy|Drama|Romance
7737,36509,"Cave, The (2005)",Action|Adventure|Horror|Mystery|Sci-Fi|Thriller
7738,36513,Dirty Deeds (2005),Comedy
7739,36517,"Constant Gardener, The (2005)",Drama|Thriller
7740,36519,Transporter 2 (2005),Action|Crime|Thriller
7741,36523,Margaret Cho: Assassin (2005),Comedy
7742,36525,Just Like Heaven (2005),Comedy|Fantasy|Romance
7743,36527,Proof (2005),Drama
7744,36529,Lord of War (2005),Action|Crime|Drama|Thriller|War
7745,36531,Venom (2005),Horror|Thriller
7746,36533,Cry_Wolf (a.k.a. Cry Wolf) (2005),Drama|Horror|Mystery|Thriller
7747,36535,Everything Is Illuminated (2005),Comedy|Drama
7748,36537,Thumbsucker (2005),Comedy|Drama
7749,36539,"Thing About My Folks, The (2005)",Comedy
7750,36708,Family Guy Presents Stewie Griffin: The Untold Story (2005),Adventure|Animation|Comedy
7751,36850,Police Story 2 (Ging chaat goo si juk jaap) (1988),Action|Comedy|Crime|Thriller
7752,36931,New Police Story (Xin jing cha gu shi) (2004),Action|Crime|Drama
7753,37211,Go West (1940),Comedy|Musical|Western
7754,37240,Why We Fight (2005),Documentary
7755,37380,Doom (2005),Action|Horror|Sci-Fi
7756,37382,Domino (2005),Crime|Drama|Thriller
7757,37384,Waiting... (2005),Comedy
7758,37386,Aeon Flux (2005),Action|Sci-Fi
7759,37475,"Unfinished Life, An (2005)",Drama
7760,37477,"Man, The (2005)",Action|Comedy|Crime
7761,37495,Survive Style 5+ (2004),Fantasy|Mystery|Romance|Thriller
7762,37545,Woyzeck (1979),Drama
7763,37626,It's a Gift (1934),Comedy
7764,37720,"Exorcism of Emily Rose, The (2005)",Crime|Drama|Horror|Thriller
7765,37727,Flightplan (2005),Action|Drama|Thriller
7766,37729,Corpse Bride (2005),Animation|Comedy|Fantasy|Musical|Romance
7767,37731,Green Street Hooligans (a.k.a. Hooligans) (2005),Crime|Drama
7768,37733,"History of Violence, A (2005)",Action|Crime|Drama|Thriller
7769,37736,Oliver Twist (2005),Drama
7770,37739,"Greatest Game Ever Played, The (2005)",Drama
7771,37741,Capote (2005),Crime|Drama
7772,37830,Final Fantasy VII: Advent Children (2004),Action|Adventure|Animation|Fantasy|Sci-Fi
7773,37844,Roll Bounce (2005),Comedy|Drama|Romance
7774,37853,Into the Blue (2005),Action|Adventure|Crime|Thriller
7775,37855,"Prize Winner of Defiance Ohio, The (2005)",Drama
7776,37857,MirrorMask (2005),Adventure|Children|Drama|Fantasy
7777,37955,Innocence (2004),Drama|Fantasy|Mystery
7778,38038,Wallace & Gromit in The Curse of the Were-Rabbit (2005),Adventure|Animation|Children|Comedy
7779,38061,Kiss Kiss Bang Bang (2005),Comedy|Crime|Mystery|Thriller
7780,38095,"Bittersweet Life, A (Dalkomhan insaeng) (2005)",Action|Crime|Drama
7781,38097,Dumplings (Gaau ji) (2004),Drama|Horror|Thriller
7782,38159,"Short Film About Love, A (Krótki film o milosci) (1988)",Drama|Romance
7783,38188,Bubble (2006),Crime|Drama|Mystery
7784,38198,Darwin's Nightmare (2004),Documentary
7785,38294,Beowulf & Grendel (2005),Action|Adventure|Drama|Fantasy
7786,38304,No Direction Home: Bob Dylan (2005),Documentary
7787,38384,Hail the Conquering Hero (1944),Comedy
7788,38388,Goal! The Dream Begins (Goal!) (2005),Drama
7789,38499,Angels in America (2003),Drama|Fantasy
7790,38538,Speak (2004),Drama
7791,38583,"Wraith, The (1986)",Action|Horror|Sci-Fi|Thriller
7792,38600,Factotum (2005),Drama
7793,38701,Don't Come Knocking (2005),Drama|Western
7794,38798,In Her Shoes (2005),Comedy|Drama
7795,38824,Mother of Mine (Äideistä parhain) (2005),Drama
7796,38886,"Squid and the Whale, The (2005)",Comedy|Drama
7797,38992,Two for the Money (2005),Drama
7798,38994,Separate Lies (2005),Drama|Romance|Thriller
7799,39052,Star Wreck: In the Pirkinning (2005),Action|Comedy|Sci-Fi
7800,39183,Brokeback Mountain (2005),Drama|Romance
7801,39231,Elizabethtown (2005),Comedy|Drama|Romance
7802,39234,North Country (2005),Drama
7803,39292,"Good Night, and Good Luck. (2005)",Crime|Drama
7804,39307,Dreamer: Inspired by a True Story (2005),Children|Drama
7805,39381,"Proposition, The (2005)",Crime|Drama|Western
7806,39398,C.S.A.: The Confederate States of America (2004),Comedy|Drama
7807,39400,"Fog, The (2005)",Action|Horror|Mystery|Thriller
7808,39408,Left Behind: World at War (2005),Drama
7809,39414,Shopgirl (2005),Comedy|Drama|Romance
7810,39419,Where the Truth Lies (2005),Drama|Thriller
7811,39421,After School Special (a.k.a. Barely Legal) (2003),Comedy
7812,39427,Stay (2005),Thriller
7813,39435,"Legend of Zorro, The (2005)",Action|Adventure|Drama|Western
7814,39441,New York Doll (2005),Documentary
7815,39444,"Weather Man, The (2005)",Comedy|Drama
7816,39446,Saw II (2005),Horror|Thriller
7817,39449,Prime (2005),Comedy|Drama|Romance
7818,39703,Little Fish (2005),Crime|Drama|Romance|Thriller
7819,39715,American Pie Presents: Band Camp (American Pie 4: Band Camp) (2005),Comedy
7820,39768,Life is a Miracle (Zivot je cudo) (2004),Comedy|Drama|Musical|Romance|War
7821,39869,Manderlay (2005),Drama
7822,39886,Nine Lives (2005),Drama
7823,40010,Duck Season (Temporada de patos) (2004),Comedy
7824,40148,Revolver (2005),Crime|Drama|Thriller
7825,40278,Jarhead (2005),Action|Drama|War
7826,40337,Holy Guests (Ha-Ushpizin) (2004),Drama
7827,40339,Chicken Little (2005),Action|Adventure|Animation|Children|Comedy|Sci-Fi
7828,40342,Romance & Cigarettes (2005),Comedy|Drama|Musical|Romance
7829,40412,Dead Man's Shoes (2004),Crime|Thriller
7830,40414,Joyeux Noël (Merry Christmas) (2005),Drama|War
7831,40491,"Match Factory Girl, The (Tulitikkutehtaan tyttö) (1990)",Comedy|Drama
7832,40574,Get Rich or Die Tryin' (2005),Action|Crime|Drama
7833,40581,Just Friends (2005),Comedy|Romance
7834,40583,Syriana (2005),Drama|Thriller
7835,40586,Calamari Union (1985),Comedy
7836,40614,Derailed (2005),Drama|Thriller
7837,40617,Creep (2004),Horror|Thriller
7838,40629,Pride & Prejudice (2005),Drama|Romance
7839,40697,Babylon 5,Sci-Fi
7840,40723,Wolf Creek (2005),Crime|Horror|Thriller
7841,40732,"Descent, The (2005)",Adventure|Drama|Horror|Thriller
7842,40815,Harry Potter and the Goblet of Fire (2005),Adventure|Fantasy|Thriller|IMAX
7843,40817,Dinner with Friends (2001),Comedy|Drama
7844,40819,Walk the Line (2005),Drama|Musical|Romance
7845,40826,Rent (2005),Drama|Musical|Romance
7846,40851,Zathura (2005),Action|Adventure|Children|Fantasy
7847,40870,C.R.A.Z.Y. (2005),Drama
7848,40887,Lonesome Jim (2005),Drama|Romance
7849,40946,Sarah Silverman: Jesus Is Magic (2005),Comedy|Musical
7850,40952,Bee Season (2005),Drama
7851,40955,Breakfast on Pluto (2005),Comedy|Drama
7852,40959,"Ice Harvest, The (2005)",Action|Comedy|Crime|Thriller
7853,40962,"Yours, Mine and Ours (2005)",Comedy|Romance
7854,40966,"Libertine, The (2004)",Drama
7855,40973,"Wild Geese, The (1978)",Action|Adventure|Drama|War
7856,40988,Hondo (1953),Western
7857,41014,"Bird with the Crystal Plumage, The (Uccello dalle piume di cristallo, L') (1970)",Crime|Horror|Mystery|Thriller
7858,41025,"Good Woman, A (2004)",Comedy|Drama|Romance
7859,41136,"Driver, The (1978)",Action|Crime|Film-Noir
7860,41226,Sounder (1972),Drama
7861,41285,Match Point (2005),Crime|Drama|Romance
7862,41411,"Deep, The (1977)",Adventure|Horror|Mystery|Thriller
7863,41425,"Dying Gaul, The (2005)",Drama|Romance
7864,41527,Paradise Now (2005),Crime|Drama|Thriller|War
7865,41566,"Chronicles of Narnia: The Lion, the Witch and the Wardrobe, The (2005)",Adventure|Children|Fantasy
7866,41569,King Kong (2005),Action|Adventure|Drama|Fantasy|Thriller
7867,41571,Memoirs of a Geisha (2005),Drama|Romance
7868,41573,"Family Stone, The (2005)",Comedy|Drama|Romance
7869,41575,"Promise, The (Wu ji) (2005)",Action|Drama|Fantasy
7870,41585,Kiss of Death (1947),Crime|Drama|Film-Noir
7871,41617,Havoc (2005),Crime|Drama|Romance
7872,41627,Samurai Rebellion (Jôi-uchi: Hairyô tsuma shimatsu) (1967),Action|Drama
7873,41712,"Room for Romeo Brass, A (1999)",Comedy|Drama
7874,41716,"Matador, The (2005)",Comedy|Drama|Thriller
7875,41721,Look Both Ways (2005),Drama|Romance
7876,41724,Wal-Mart: The High Cost of Low Price (2005),Documentary
7877,41769,Mozart and the Whale (2005),Comedy|Drama|Romance
7878,41831,They Died with Their Boots On (1941),Drama|Romance|War|Western
7879,41863,"Three Burials of Melquiades Estrada, The (2006)",Adventure|Crime|Drama
7880,41941,"Aura, The (Aura, El) (2005)",Crime|Drama|Thriller
7881,41997,Munich (2005),Action|Crime|Drama|Thriller
7882,42002,"Producers, The (2005)",Comedy|Musical
7883,42004,Transamerica (2005),Adventure|Comedy|Drama
7884,42007,Rumor Has It... (2005),Comedy|Drama|Romance
7885,42009,Cheaper by the Dozen 2 (2005),Adventure|Comedy
7886,42011,Fun with Dick and Jane (2005),Comedy|Crime
7887,42013,"Ringer, The (2005)",Comedy
7888,42015,Casanova (2005),Action|Adventure|Comedy|Drama|Romance
7889,42018,Mrs. Henderson Presents (2005),Comedy|Drama
7890,42021,"White Countess, The (2005)",Drama
7891,42053,Dirty Love (2005),Comedy|Romance
7892,42094,"Spirit of the Beehive, The (Espíritu de la colmena, El) (1973)",Drama|Horror|Mystery
7893,42163,Richard Pryor: Live in Concert (1979),Comedy|Documentary
7894,42191,Luxo Jr. (1986),Animation|Children
7895,42197,Keeping Mum (2005),Comedy|Crime
7896,42213,"Goodnight, Mister Tom (1999)",Drama
7897,42217,Late Spring (Banshun) (1949),Drama
7898,42351,Threads (1984),Drama|Sci-Fi|War
7899,42418,"New World, The (2005)",Adventure|Drama|Romance
7900,42422,Voices of a Distant Star (Hoshi no koe) (2003),Animation|Drama|Romance|Sci-Fi
7901,42556,7 Faces of Dr. Lao (1964),Fantasy|Mystery|Western
7902,42632,Lady Vengeance (Sympathy for Lady Vengeance) (Chinjeolhan geumjassi) (2005),Crime|Drama|Mystery|Thriller
7903,42634,Boys Don't Cry (Chlopaki nie placza) (2000),Comedy
7904,42681,49th Parallel (1941),Adventure|Drama|Thriller|War
7905,42718,District 13 (Banlieue 13) (2004),Action|Crime|Sci-Fi
7906,42721,BloodRayne (2005),Action|Fantasy
7907,42723,Hostel (2005),Horror
7908,42725,Grandma's Boy (2006),Comedy
7909,42728,Tristan & Isolde (2006),Drama|Romance
7910,42730,Glory Road (2006),Drama
7911,42732,Last Holiday (2006),Comedy
7912,42734,Hoodwinked! (2005),Animation|Children|Comedy
7913,42738,Underworld: Evolution (2006),Action|Fantasy|Horror
7914,42740,Looking for Comedy in the Muslim World (2005),Comedy
7915,42900,Cul-de-sac (1966),Comedy|Crime|Drama|Thriller
7916,42946,Project A ('A' gai waak) (1983),Action|Comedy
7917,42958,Little Manhattan (2005),Children|Comedy|Romance
7918,43022,Hellraiser: Hellseeker (2002),Horror
7919,43333,Water (2005),Drama|Romance
7920,43376,Sophie Scholl: The Final Days (Sophie Scholl - Die letzten Tage) (2005),Drama|War
7921,43391,Matti: Hell Is for Heroes (Matti) (2006),Comedy|Drama
7922,43396,"World's Fastest Indian, The (2005)",Drama
7923,43415,As Tears Go By (Wong gok ka moon) (1988),Crime|Drama
7924,43419,Bandidas (2006),Action|Comedy|Crime|Western
7925,43460,Tristram Shandy: A Cock and Bull Story (2005),Comedy|Drama
7926,43497,Love in the Afternoon (Chloe in the Afternoon)  (L'amour l'après-midi) (1972),Drama|Romance
7927,43556,Annapolis (2006),Drama
7928,43558,Big Momma's House 2 (2006),Action|Comedy|Crime
7929,43560,Nanny McPhee (2005),Children|Comedy|Fantasy
7930,43635,Bye Bye Birdie (1963),Comedy|Musical
7931,43652,"Comedians of Comedy, The (2005)",Comedy|Documentary
7932,43677,"Tuskegee Airmen, The (1995)",Drama|War
7933,43679,Final Destination 3 (2006),Horror|Mystery|Thriller
7934,43684,Something New (2006),Comedy|Drama|Romance
7935,43708,Block Party (a.k.a. Dave Chappelle's Block Party) (2005),Comedy|Documentary
7936,43744,Imagine Me & You (2005),Comedy|Drama|Romance
7937,43832,"Call of Cthulhu, The (2005)",Horror|Thriller
7938,43836,"Pink Panther, The (2006)",Adventure|Comedy|Crime
7939,43853,"Business, The (2005)",Action|Comedy|Crime|Drama|Thriller
7940,43869,Curious George (2006),Adventure|Animation|Children|Comedy
7941,43871,Firewall (2006),Crime|Drama|Thriller
7942,43897,"White Diamond, The (2004)",Documentary
7943,43899,Tony Takitani (2004),Drama
7944,43904,When a Stranger Calls (2006),Horror|Thriller
7945,43906,Tamara (2005),Fantasy|Horror|Thriller
7946,43908,London (2005),Drama
7947,43910,Neil Young: Heart of Gold (2006),Documentary|Musical
7948,43912,Freedomland (2006),Crime|Drama
7949,43914,Winter Passing (2005),Drama
7950,43917,Eight Below (2006),Action|Adventure|Drama|Romance
7951,43919,Date Movie (2006),Comedy|Romance
7952,43921,Running Scared (2006),Action|Crime|Thriller
7953,43923,Tyler Perry's Madea's Family Reunion (2006),Comedy|Drama
7954,43926,Doogal (2006),Animation|Children
7955,43928,Ultraviolet (2006),Action|Fantasy|Sci-Fi|Thriller
7956,43930,Just My Luck (2006),Comedy|Romance
7957,43932,Pulse (2006),Action|Drama|Fantasy|Horror|Mystery|Sci-Fi|Thriller
7958,43934,Deep Sea 3D (2006),Documentary|IMAX
7959,43936,16 Blocks (2006),Crime|Thriller
7960,43983,Election (Hak se wui) (2005),Crime|Drama|Thriller
7961,43987,Half Light (2006),Romance|Thriller
7962,44004,Failure to Launch (2006),Comedy|Romance
7963,44022,Ice Age 2: The Meltdown (2006),Adventure|Animation|Children|Comedy
7964,44041,All Quiet on the Western Front (1979),Action|Drama|War
7965,44058,"Big White, The (2005)",Comedy|Crime|Drama
7966,44073,Stromboli (1950),Drama
7967,44100,Cyrano de Bergerac (1950),Drama|Romance
7968,44115,Shinobi: Heart Under Blade (2005),Action|Drama|Fantasy|Romance
7969,44168,"Naked Spur, The (1953)",Western
7970,44187,"Prince & Me II: The Royal Wedding, The (2006)",Comedy|Romance
7971,44189,Ask the Dust (2006),Drama|Romance
7972,44191,V for Vendetta (2006),Action|Sci-Fi|Thriller|IMAX
7973,44193,She's the Man (2006),Comedy|Romance
7974,44195,Thank You for Smoking (2006),Comedy|Drama
7975,44197,Find Me Guilty (2006),Comedy|Crime|Drama
7976,44199,Inside Man (2006),Crime|Drama|Thriller
7977,44204,Tsotsi (2005),Crime|Drama
7978,44225,Aquamarine (2006),Children|Comedy|Fantasy
7979,44238,Leprechaun 2 (1994),Comedy|Fantasy|Horror
7980,44301,Lights in the Dusk (Laitakaupungin valot) (2006),Crime|Drama
7981,44317,Kummeli Stories (1995),Comedy
7982,44397,"Hills Have Eyes, The (2006)",Drama|Horror|Thriller
7983,44399,"Shaggy Dog, The (2006)",Adventure|Children|Comedy|Fantasy
7984,44494,Son of the Pink Panther (1993),Comedy
7985,44555,"Lives of Others, The (Das leben der Anderen) (2006)",Drama|Romance|Thriller
7986,44587,Nanook of the North (1922),Documentary|Drama
7987,44613,Take the Lead (2006),Drama
7988,44633,"Devil and Daniel Johnston, The (2005)",Documentary
7989,44653,Money (L'argent) (1983),Crime|Drama
7990,44657,Mouchette (1967),Drama
7991,44665,Lucky Number Slevin (2006),Crime|Drama|Mystery
7992,44694,Volver (2006),Comedy|Drama
7993,44709,Akeelah and the Bee (2006),Drama
7994,44729,Larry the Cable Guy: Health Inspector (2006),Comedy
7995,44731,Stay Alive (2006),Horror|Sci-Fi|Thriller
7996,44759,Basic Instinct 2 (2006),Crime|Drama|Mystery|Thriller
7997,44761,Brick (2005),Crime|Drama|Film-Noir|Mystery
7998,44788,This Film Is Not Yet Rated (2006),Documentary
7999,44815,ATL (2006),Drama
8000,44828,Slither (2006),Comedy|Horror|Sci-Fi
8001,44840,"Benchwarmers, The (2006)",Comedy
8002,44844,Phat Girlz (2006),Comedy
8003,44849,Renaissance (2006),Action|Animation|Film-Noir|Sci-Fi|Thriller
8004,44864,Friends with Money (2006),Comedy|Drama|Romance
8005,44889,Reefer Madness: The Movie Musical (2005),Comedy|Drama|Musical
8006,44900,Beauty and the Bastard (Tyttö sinä olet tähti) (2005),Drama|Musical|Romance
8007,44929,Candy (2006),Drama|Romance
8008,44937,"Child, The (L'enfant) (2005)",Crime|Drama
8009,44943,9/11 (2002),Documentary
8010,44947,Lacombe Lucien (1974),Drama
8011,44949,Hoot (2006),Children|Comedy
8012,44966,Where the Red Fern Grows (1974),Children|Drama
8013,44972,Scary Movie 4 (2006),Comedy|Horror
8014,44974,Hard Candy (2005),Drama|Thriller
8015,45003,Shutter (2004),Fantasy|Horror|Mystery|Thriller
8016,45028,"Prairie Home Companion, A (2006)",Comedy|Drama|Musical
8017,45062,"Sentinel, The (2006)",Crime|Drama|Thriller
8018,45074,"Wild, The (2006)",Adventure|Animation|Children|Comedy|Fantasy
8019,45081,Silent Hill (2006),Fantasy|Horror|Thriller
8020,45106,American Dreamz (2006),Comedy|Drama
8021,45175,Kinky Boots (2005),Comedy|Drama
8022,45183,"Protector, The (a.k.a. Warrior King) (Tom yum goong) (2005)",Action|Comedy|Crime|Thriller
8023,45186,Mission: Impossible III (2006),Action|Adventure|Thriller
8024,45208,RV (2006),Adventure|Children|Comedy
8025,45210,United 93 (2006),Crime|Drama
8026,45221,Stick It (2006),Comedy
8027,45335,Footlight Parade (1933),Comedy|Musical|Romance
8028,45361,"American Haunting, An (2005)",Drama|Horror|Mystery|Thriller
8029,45382,Down in the Valley (2005),Drama|Romance
8030,45431,Over the Hedge (2006),Adventure|Animation|Children|Comedy
8031,45440,Art School Confidential (2006),Comedy|Drama
8032,45442,Poseidon (2006),Action|Adventure|Thriller|IMAX
8033,45447,"Da Vinci Code, The (2006)",Drama|Mystery|Thriller
8034,45499,X-Men: The Last Stand (2006),Action|Sci-Fi|Thriller
8035,45501,"Break-Up, The (2006)",Comedy|Drama|Romance
8036,45503,Peaceful Warrior (2006),Drama
8037,45506,Twelve and Holding (2005),Drama
8038,45517,Cars (2006),Animation|Children|Comedy
8039,45525,"Lost City, The (2005)",Drama
8040,45635,"Notorious Bettie Page, The (2005)",Drama
8041,45658,On a Clear Day (2005),Drama
8042,45662,"Omen, The (2006)",Horror|Thriller
8043,45666,Nacho Libre (2006),Comedy
8044,45668,"Lake House, The (2006)",Drama|Fantasy|Romance
8045,45672,Click (2006),Adventure|Comedy|Drama|Fantasy|Romance
8046,45679,"Seventh Victim, The (1943)",Drama|Film-Noir|Horror|Mystery
8047,45720,"Devil Wears Prada, The (2006)",Comedy|Drama
8048,45722,Pirates of the Caribbean: Dead Man's Chest (2006),Action|Adventure|Fantasy
8049,45726,"You, Me and Dupree (2006)",Comedy
8050,45728,Clerks II (2006),Comedy
8051,45730,Lady in the Water (2006),Drama|Fantasy|Mystery
8052,45732,My Super Ex-Girlfriend (2006),Comedy|Fantasy|Romance
8053,45837,Let It Be (1970),Documentary
8054,45852,See No Evil (2006),Horror
8055,45880,Marie Antoinette (2006),Drama|Romance
8056,45928,Who Killed the Electric Car? (2006),Documentary
8057,45950,"Inconvenient Truth, An (2006)",Documentary
8058,45981,Hollow Man II (2006),Action|Horror|Sci-Fi|Thriller
8059,46062,High School Musical (2006),Children|Comedy|Drama|Musical|Romance
8060,46156,"Ax, The (couperet, Le) (2005)",Comedy|Crime
8061,46194,Adam & Steve (2005),Comedy|Romance
8062,46322,Jet Li's Fearless (Huo Yuan Jia) (2006),Action|Drama
8063,46335,"Fast and the Furious: Tokyo Drift, The (Fast and the Furious 3, The) (2006)",Action|Crime|Drama|Thriller
8064,46337,Garfield: A Tail of Two Kitties (2006),Animation|Children|Comedy
8065,46347,Metal: A Headbanger's Journey (2005),Documentary
8066,46430,Waist Deep (2006),Action|Crime|Drama|Thriller
8067,46530,Superman Returns (2006),Action|Adventure|Sci-Fi|IMAX
8068,46559,"Road to Guantanamo, The (2006)",Drama|War
8069,46572,Edmond (2005),Drama|Thriller
8070,46574,"OH in Ohio, The (2006)",Comedy
8071,46578,Little Miss Sunshine (2006),Adventure|Comedy|Drama
8072,46604,Curse of the Pink Panther (1983),Comedy|Crime|Mystery
8073,46653,"300 Spartans, The (1962)",Adventure|Drama|War
8074,46664,"Fallen Idol, The (1948)",Drama|Mystery|Thriller
8075,46723,Babel (2006),Drama|Thriller
8076,46772,Strangers with Candy (2005),Comedy
8077,46803,Young Mr. Lincoln (1939),Drama
8078,46850,Wordplay (2006),Documentary
8079,46855,Army of Shadows (L'armée des ombres) (1969),Action|Drama|Thriller|War
8080,46865,Little Man (2006),Comedy
8081,46919,End of the Spear (2005),Drama
8082,46948,Monster House (2006),Animation|Children|Fantasy|Mystery
8083,46959,Colour Me Kubrick: A True...ish Story (2005),Comedy|Drama
8084,46965,Snakes on a Plane (2006),Action|Comedy|Horror|Thriller
8085,46967,Scoop (2006),Comedy|Fantasy|Mystery
8086,46970,Talladega Nights: The Ballad of Ricky Bobby (2006),Action|Comedy
8087,46972,Night at the Museum (2006),Action|Comedy|Fantasy|IMAX
8088,46974,World Trade Center (2006),Drama
8089,46976,Stranger than Fiction (2006),Comedy|Drama|Fantasy|Romance
8090,47044,Miami Vice (2006),Action|Crime|Drama|Thriller
8091,47099,"Pursuit of Happyness, The (2006)",Drama
8092,47122,John Tucker Must Die (2006),Comedy|Romance
8093,47124,"Ant Bully, The (2006)",Adventure|Animation|Children|Comedy|Fantasy|IMAX
8094,47148,Mrs. Palfrey at the Claremont (2005),Comedy|Drama
8095,47150,"Death of Mr. Lazarescu, The (Moartea domnului Lazarescu) (2005)",Drama
8096,47152,Cria! (Cría cuervos) (1976),Drama|Mystery
8097,47200,Crank (2006),Action|Thriller
8098,47202,"Secret Life of Words, The (2005)",Drama|Romance
8099,47254,Chaos (2005),Action|Crime|Drama|Thriller
8100,47261,"Night Listener, The (2006)",Fantasy|Mystery|Thriller
8101,47264,Barnyard: The Original Party Animals (2006),Animation|Children|Comedy
8102,47274,Murmur of the Heart (Le souffle au coeur) (1971),Drama
8103,47287,Compulsion (1959),Crime|Drama|Thriller
8104,47306,"Canterbury Tale, A (1944)",Drama|Mystery|War
8105,47382,Step Up (2006),Drama|Romance
8106,47384,Zoom (2006),Adventure|Comedy|Drama|Fantasy
8107,47394,"Bon Cop, Bad Cop (2006)",Action|Comedy|Crime|Thriller
8108,47404,Mind Game (2004),Adventure|Animation|Comedy|Fantasy|Romance|Sci-Fi
8109,47423,Half Nelson (2006),Drama
8110,47446,"Moustache, La (2005)",Drama|Mystery|Thriller
8111,47465,Tideland (2005),Drama|Fantasy|Thriller
8112,47491,Adam's Apples (Adams æbler) (2005),Comedy|Drama
8113,47516,Material Girls (2006),Children|Comedy|Drama
8114,47518,Accepted (2006),Comedy
8115,47610,"Illusionist, The (2006)",Drama|Fantasy|Mystery|Romance
8116,47629,"Queen, The (2006)",Drama
8117,47634,36 Quai des Orfèvres (Department 36) (2004),Action|Crime|Drama|Thriller
8118,47640,Beerfest (2006),Comedy
8119,47642,How to Eat Fried Worms (2006),Children|Drama
8120,47644,Invincible (2006),Drama
8121,47646,Idlewild (2006),Crime|Drama|Musical
8122,47721,"Red Balloon, The (Ballon rouge, Le) (1956)",Children|Fantasy
8123,47723,Way Out West (1937),Comedy|Western
8124,47725,Angel-A (2005),Comedy|Drama|Fantasy|Romance
8125,47778,Quinceañera (2006),Drama
8126,47793,"Puffy Chair, The (2006)",Drama|Romance
8127,47805,Lassie (2005),Adventure|Children
8128,47810,"Wicker Man, The (2006)",Horror|Mystery|Thriller
8129,47830,"Quiet, The (2005)",Crime|Drama|Mystery|Thriller
8130,47836,Sketches of Frank Gehry (2005),Documentary
8131,47894,"Wind That Shakes the Barley, The (2006)",Drama|War
8132,47937,Severance (2006),Comedy|Horror|Thriller
8133,47950,Hollywoodland (2006),Crime|Drama|Mystery|Thriller
8134,47952,"Covenant, The (2006)",Action|Horror|Thriller
8135,47956,Jesse James (1939),Action|Crime|Drama|Romance|Western
8136,47970,"Last Kiss, The (2006)",Comedy|Drama
8137,47976,Trust the Man (2005),Comedy|Drama|Romance
8138,47978,SherryBaby (2006),Drama
8139,47997,Idiocracy (2006),Adventure|Comedy|Sci-Fi|Thriller
8140,47999,Jesus Camp (2006),Documentary|Drama
8141,48032,"Tiger and the Snow, The (La tigre e la neve) (2005)",Comedy|Drama|Romance|War
8142,48043,"Fountain, The (2006)",Drama|Fantasy|Romance
8143,48059,"Boy Named Charlie Brown, A (1969)",Animation|Children|Comedy|Drama
8144,48061,Snoopy Come Home (1972),Animation|Children|Comedy|Musical
8145,48082,"Science of Sleep, The (La science des rêves) (2006)",Comedy|Drama|Fantasy|Romance
8146,48142,"Black Dahlia, The (2006)",Crime|Drama|Mystery|Thriller
8147,48150,"Woods, The (2006)",Horror
8148,48161,Gridiron Gang (2006),Drama
8149,48165,"Seventh Continent, The (Der siebente Kontinent) (1989)",Drama
8150,48231,Taxidermia (2006),Comedy|Drama|Horror
8151,48262,"Bridge, The (2006)",Documentary
8152,48301,"Private Life of Henry VIII, The (1933)",Comedy|Drama
8153,48304,Apocalypto (2006),Adventure|Drama|Thriller
8154,48319,Flyboys (2006),Action|Adventure|Drama|War
8155,48322,Jackass Number Two (2006),Comedy|Documentary
8156,48326,All the King's Men (2006),Drama
8157,48342,Conversations with Other Women (2005),Comedy|Drama|Romance
8158,48385,Borat: Cultural Learnings of America for Make Benefit Glorious Nation of Kazakhstan (2006),Comedy
8159,48394,"Pan's Labyrinth (Laberinto del fauno, El) (2006)",Drama|Fantasy|Thriller
8160,48412,"Guardian, The (2006)",Action|Adventure|Drama
8161,48414,Open Season (2006),Adventure|Animation|Children|Comedy|IMAX
8162,48416,School for Scoundrels (2006),Comedy|Crime
8163,48516,"Departed, The (2006)",Crime|Drama|Thriller
8164,48518,"Texas Chainsaw Massacre: The Beginning, The (2006)",Horror|Thriller
8165,48520,Employee of the Month (2006),Comedy
8166,48522,Stormbreaker (Alex Rider: Operation Stormbreaker) (2006),Action|Children
8167,48543,Antibodies (Antikörper) (2005),Crime|Drama|Horror|Thriller
8168,48560,Running With Scissors (2006),Comedy|Drama
8169,48591,"Grudge 2, The (2006)",Drama|Horror|Mystery|Thriller
8170,48593,Man of the Year (2006),Comedy|Thriller
8171,48596,"Marine, The (2006)",Action|Drama|Thriller
8172,48598,Infamous (2006),Drama
8173,48600,One Night with the King (2006),Drama
8174,48660,"Elementary Particles, The (Elementarteilchen) (2006)",Drama|Romance
8175,48673,Kummelin jackpot (2006),Comedy
8176,48678,Feast (2005),Action|Comedy|Horror|Thriller
8177,48682,Offside (2006),Comedy|Drama
8178,48696,Little Children (2006),Drama|Romance
8179,48698,Deliver Us from Evil (2006),Documentary
8180,48711,Facing the Giants (2006),Action|Drama
8181,48738,"Last King of Scotland, The (2006)",Drama|Thriller
8182,48741,"U.S. vs. John Lennon, The (2006)",Documentary
8183,48744,Shortbus (2006),Comedy|Drama|Romance
8184,48774,Children of Men (2006),Action|Adventure|Drama|Sci-Fi|Thriller
8185,48780,"Prestige, The (2006)",Drama|Mystery|Sci-Fi|Thriller
8186,48783,Flags of Our Fathers (2006),Drama|War
8187,48791,Flicka (2006),Children|Drama
8188,48825,9th Company (2005),Action|Drama|War
8189,48856,"Guide to Recognizing Your Saints, A (2006)",Crime|Drama
8190,48872,13 Tzameti (2005),Film-Noir|Thriller
8191,48877,Saw III (2006),Crime|Horror|Thriller
8192,48879,Catch a Fire (2006),Drama|Thriller
8193,48883,Death of a President (2006),Crime|Drama|Mystery|Thriller
8194,48943,The Butterfly Effect 2 (2006),Adventure|Drama|Romance|Sci-Fi|Thriller
8195,48982,Flushed Away (2006),Animation|Comedy
8196,48997,Perfume: The Story of a Murderer (2006),Crime|Drama|Thriller
8197,49007,Arabesque (1966),Adventure|Drama|Romance|Thriller
8198,49013,"Santa Clause 3: The Escape Clause, The (2006)",Comedy|Fantasy
8199,49110,Mom and Dad Save the World (1992),Comedy|Sci-Fi
8200,49130,"Good Year, A (2006)",Comedy|Drama|Romance
8201,49132,Shut Up & Sing (2006),Documentary
8202,49200,"Foreign Affair, A (1948)",Comedy|Romance
8203,49205,"Return, The (2006)",Sci-Fi|Thriller
8204,49220,For Your Consideration (2006),Comedy
8205,49225,Street Fight (2005),Documentary
8206,49263,Fuck (2005),Comedy|Documentary
8207,49265,Shooting Dogs (a.k.a. Beyond the Gates) (2005),Documentary|Drama|War
8208,49272,Casino Royale (2006),Action|Adventure|Thriller
8209,49274,Happy Feet (2006),Adventure|Animation|Children|Comedy|IMAX
8210,49276,Let's Go to Prison (2006),Comedy
8211,49278,Déjà Vu (Deja Vu) (2006),Action|Sci-Fi|Thriller
8212,49280,Bobby (2006),Drama
8213,49282,Deck the Halls (2006),Comedy
8214,49284,10 Items or Less (2006),Comedy|Drama|Romance
8215,49286,"Holiday, The (2006)",Comedy|Romance
8216,49312,Snow Cake (2006),Drama
8217,49314,Harsh Times (2006),Action|Crime|Drama
8218,49347,Fast Food Nation (2006),Drama
8219,49355,"Bête humaine, La (1938)",Drama
8220,49389,"Great Train Robbery, The (1903)",Crime|Western
8221,49394,Simon of the Desert (Simón del desierto) (1965),Drama
8222,49396,Tenacious D in The Pick of Destiny (2006),Adventure|Comedy|Musical
8223,49412,It's A Wonderful World (1939),Comedy|Crime|Romance
8224,49422,"OSS 117: Cairo, Nest of Spies (OSS 117: Le Caire nid d'espions) (2006)",Adventure|Comedy|Crime
8225,49524,"Nativity Story, The (2006)",Drama
8226,49526,National Lampoon's Van Wilder: The Rise of Taj (2006),Comedy
8227,49528,Turistas (2006),Adventure|Drama|Horror|Mystery|Thriller
8228,49530,Blood Diamond (2006),Action|Adventure|Crime|Drama|Thriller|War
8229,49642,Unaccompanied Minors (2006),Children|Comedy
8230,49647,Charlotte's Web (2006),Children|Comedy|Drama|Fantasy
8231,49649,Eragon (2006),Action|Adventure|Fantasy
8232,49651,Rocky Balboa (2006),Action|Drama
8233,49666,Fur: An Imaginary Portrait of Diane Arbus (2006),Drama|Fantasy|Romance
8234,49688,"Dam Busters, The (1955)",Action|Drama|War
8235,49772,"Painted Veil, The (2006)",Drama|Romance
8236,49793,We Are Marshall (2006),Drama
8237,49822,"Good Shepherd, The (2006)",Drama|Thriller
8238,49824,Dreamgirls (2006),Drama|Musical
8239,49856,"Page Turner, The (Tourneuse de pages, La) (2006)",Drama|Musical|Thriller
8240,49910,Freedom Writers (2007),Drama
8241,49917,When the Levees Broke: A Requiem in Four Acts (2006),Documentary
8242,49932,Inland Empire (2006),Drama|Mystery|Thriller
8243,49957,"History Boys, The (2006)",Comedy|Drama
8244,49961,Notes on a Scandal (2006),Drama
8245,50003,DOA: Dead or Alive (2006),Action|Adventure
8246,50005,Curse of the Golden Flower (Man cheng jin dai huang jin jia) (2006),Action|Drama
8247,50011,"Bothersome Man, The (Brysomme mannen, Den) (2006)",Comedy|Drama|Fantasy|Mystery
8248,50064,"Good German, The (2006)",Drama|Mystery|Thriller
8249,50066,Sweet Land (2005),Drama|Romance
8250,50068,Letters from Iwo Jima (2006),Drama|War
8251,50147,Black Christmas (2006),Action|Horror|Thriller
8252,50149,Happily N'Ever After (2007),Animation|Children|Comedy
8253,50153,Code Name: The Cleaner (2007),Action|Comedy|Crime
8254,50158,Stomp the Yard (2007),Drama|Musical
8255,50160,Miss Potter (2006),Drama
8256,50162,Arthur and the Invisibles (2007),Action|Children|Fantasy
8257,50183,Loving Annabelle (2006),Drama|Romance
8258,50189,American Pie Presents The Naked Mile (American Pie 5: The Naked Mile) (2006),Comedy|Romance
8259,50229,"Young Girls of Rochefort, The (Demoiselles de Rochefort, Les) (1967)",Comedy|Musical|Romance
8260,50245,Alice in the Cities (Alice in den Stadten) (1974),Drama
8261,50259,Old Joy (2006),Drama
8262,50274,Venus (2006),Drama|Romance
8263,50440,Primeval (2007),Horror|Thriller
8264,50442,Alpha Dog (2007),Crime|Drama
8265,50445,"Hitcher, The (2007)",Action|Horror|Thriller
8266,50447,"Dead Girl, The (2006)",Drama|Mystery|Thriller
8267,50514,After the Wedding (Efter brylluppet) (2006),Drama
8268,50517,Time (Shi gan) (2006),Drama|Romance
8269,50594,Daisies (Sedmikrasky) (1966),Comedy|Drama
8270,50601,Bridge to Terabithia (2007),Adventure|Children|Fantasy
8271,50615,Killer of Sheep (1977),Drama
8272,50641,House (Hausu) (1977),Comedy|Fantasy|Horror
8273,50651,Kenny (2006),Comedy
8274,50658,49 Up (2005),Documentary
8275,50685,Waitress (2007),Comedy|Drama|Romance
8276,50703,"Secret, The (2006)",Documentary
8277,50740,Seven Up! (1964),Documentary
8278,50742,7 Plus Seven (1970),Documentary
8279,50792,Catch and Release (2006),Comedy|Drama|Romance
8280,50794,Smokin' Aces (2006),Action|Crime|Drama|Thriller
8281,50796,Blood and Chocolate (2007),Drama|Fantasy|Horror|Romance
8282,50798,Epic Movie (2007),Adventure|Comedy
8283,50800,"Messengers, The (2007)",Drama|Horror|Thriller
8284,50802,Because I Said So (2007),Comedy|Drama|Romance
8285,50804,Hannibal Rising (2007),Drama|Horror|Thriller
8286,50806,Norbit (2007),Comedy|Romance
8287,50842,"Boss of It All, The (Direktøren for det hele) (2006)",Comedy|Drama
8288,50851,Cocaine Cowboys (2006),Documentary
8289,50858,Lonely Hearts (2006),Crime|Drama|Thriller
8290,50872,Ratatouille (2007),Animation|Children|Drama
8291,50912,"Paris, I Love You (Paris, je t'aime) (2006)",Romance
8292,50923,"Astronaut Farmer, The (2007)",Drama
8293,50954,It's a Boy Girl Thing (2006),Comedy|Romance
8294,51007,Days of Glory (Indigènes) (2006),Action|Adventure|Drama|War
8295,51024,The Odyssey (1997),Adventure|Drama|Fantasy
8296,51037,Unknown (2006),Drama|Mystery|Thriller
8297,51044,Magical Mystery Tour (1967),Comedy|Musical
8298,51063,Trailer Park Boys: The Movie (2006),Comedy|Crime
8299,51077,Ghost Rider (2007),Action|Fantasy|Thriller
8300,51080,Breach (2007),Drama|Thriller
8301,51082,Tyler Perry's Daddy's Little Girls (2007),Comedy|Romance
8302,51084,Music and Lyrics (2007),Comedy|Romance
8303,51086,"Number 23, The (2007)",Drama|Mystery|Thriller
8304,51088,Reno 911!: Miami (2007),Comedy
8305,51091,Black Snake Moan (2006),Drama
8306,51094,Gray Matters (2006),Comedy|Drama|Romance
8307,51127,loudQUIETloud: A Film About the Pixies (2006),Documentary
8308,51174,Factory Girl (2006),Drama
8309,51187,Kidulthood (2006),Drama
8310,51255,Hot Fuzz (2007),Action|Comedy|Crime|Mystery
8311,51277,"36th Chamber of Shaolin, The (Shao Lin san shi liu fang) (Master Killer) (1978)",Action|Adventure
8312,51287,Mad Love (1935),Horror|Romance
8313,51312,"Consequences of Love, The (Conseguenze dell'amore, Le) (2004)",Crime|Drama
8314,51357,Citizen X (1995),Crime|Drama|Thriller
8315,51372,"\\""Great Performances\""\"" Cats (1998)""",Musical
8316,51412,Next (2007),Action|Sci-Fi|Thriller
8317,51418,Breaking and Entering (2006),Drama
8318,51471,Amazing Grace (2006),Drama|Romance
8319,51498,2001 Maniacs (2005),Comedy|Horror
8320,51520,Teen Wolf Too (1987),Comedy
8321,51540,Zodiac (2007),Crime|Drama|Thriller
8322,51545,Pusher III: I'm the Angel of Death (2005),Action|Comedy|Drama|Horror|Thriller
8323,51562,Babylon 5: The Gathering (1993),Sci-Fi
8324,51575,Wild Hogs (2007),Adventure|Comedy
8325,51638,"Westerner, The (1940)",Western
8326,51660,"Ultimate Gift, The (2006)",Drama
8327,51662,300 (2007),Action|Fantasy|War|IMAX
8328,51666,"Abandoned, The (2006)",Horror|Mystery|Thriller
8329,51678,Julius Caesar (1953),Drama
8330,51694,Starter for 10 (2006),Drama|Romance
8331,51698,"Last Mimzy, The (2007)",Adventure|Children|Sci-Fi
8332,51705,Priceless (Hors de prix) (2006),Comedy|Romance
8333,51709,"Host, The (Gwoemul) (2006)",Comedy|Drama|Horror|Sci-Fi|Thriller
8334,51834,Becoming Jane (2007),Drama|Romance
8335,51847,Right at Your Door (2006),Drama|Thriller
8336,51884,"Namesake, The (2006)",Drama|Romance
8337,51903,I Think I Love My Wife (2007),Comedy|Drama|Romance
8338,51925,Premonition (2007),Drama|Fantasy|Mystery|Thriller
8339,51927,Dead Silence (2007),Horror|Mystery|Thriller
8340,51931,Reign Over Me (2007),Drama
8341,51933,Pride (2007),Drama
8342,51935,Shooter (2007),Action|Drama|Thriller
8343,51937,"Hills Have Eyes II, The (2007)",Horror|Thriller
8344,51939,TMNT (Teenage Mutant Ninja Turtles) (2007),Action|Adventure|Animation|Children|Comedy|Fantasy
8345,51991,"Italian, The (Italianetz) (2005)",Drama
8346,52005,Jindabyne (2006),Crime|Drama|Mystery|Thriller
8347,52037,Avenue Montaigne (Fauteuils d'orchestre) (2006),Comedy|Drama|Romance
8348,52042,Black Book (Zwartboek) (2006),Drama|Thriller|War
8349,52227,"Darwin Awards, The (2006)",Adventure|Comedy|Romance
8350,52241,"Lookout, The (2007)",Crime|Drama|Thriller
8351,52245,Blades of Glory (2007),Comedy|Romance
8352,52279,Are We Done Yet? (2007),Comedy
8353,52281,Grindhouse (2007),Action|Crime|Horror|Sci-Fi|Thriller
8354,52283,"Reaping, The (2007)",Horror|Thriller
8355,52285,Firehouse Dog (2007),Action|Comedy
8356,52287,Meet the Robinsons (2007),Action|Adventure|Animation|Children|Comedy|Sci-Fi
8357,52299,American Hardcore (2006),Documentary
8358,52319,Inglorious Bastards (Quel maledetto treno blindato) (1978),Action|Adventure|Drama|War
8359,52321,Seraphim Falls (2006),Action|Adventure|Drama|War|Western
8360,52328,Sunshine (2007),Adventure|Drama|Sci-Fi|Thriller
8361,52356,Copying Beethoven (2006),Drama|Musical
8362,52375,"Hoax, The (2007)",Crime|Drama
8363,52424,Scent of a Woman (Profumo di donna) (1974),Comedy|Drama
8364,52435,How the Grinch Stole Christmas! (1966),Animation|Comedy|Fantasy|Musical
8365,52448,Goya's Ghosts (2006),Drama
8366,52456,Perfect Stranger (2007),Crime|Drama|Mystery|Thriller
8367,52458,Disturbia (2007),Drama|Thriller
8368,52460,Pathfinder (2007),Action|Adventure|Drama|Thriller|War
8369,52462,Aqua Teen Hunger Force Colon Movie Film for Theaters (2007),Action|Adventure|Animation|Comedy|Fantasy|Mystery|Sci-Fi
8370,52495,Straight Time (1978),Crime|Drama
8371,52528,Tristana (1970),Drama
8372,52579,"Vie en Rose, La (Môme, La) (2007)",Drama|Musical
8373,52591,"Contract, The (2006)",Crime|Drama|Thriller
8374,52604,Fracture (2007),Crime|Drama|Mystery|Thriller
8375,52606,Big Nothing (2006),Comedy|Crime|Thriller
8376,52644,Vacancy (2007),Horror|Thriller
8377,52666,Benny's Video (1992),Drama|Horror
8378,52668,In the Land of Women (2007),Comedy|Drama|Romance
8379,52694,Mr. Bean's Holiday (2007),Comedy
8380,52712,"Invisible, The (2007)",Crime|Drama|Fantasy|Mystery|Thriller
8381,52715,Kickin It Old Skool (2007),Comedy
8382,52717,"Condemned, The (2007)",Action|Adventure|Crime|Thriller
8383,52722,Spider-Man 3 (2007),Action|Adventure|Sci-Fi|Thriller|IMAX
8384,52724,Lucky You (2007),Comedy|Drama
8385,52730,It's a Very Merry Muppet Christmas Movie (2002),Children|Comedy
8386,52767,21 Up (1977),Documentary
8387,52806,Tales from Earthsea (Gedo Senki) (2006),Adventure|Animation|Fantasy
8388,52838,Year of the Dog (2007),Comedy|Drama|Romance
8389,52867,"Ex, The (2007)",Comedy|Romance
8390,52885,Paprika (Papurika) (2006),Animation|Mystery|Sci-Fi
8391,52929,Red Road (2006),Drama
8392,52950,Day Watch (Dnevnoy dozor) (2006),Action|Fantasy|Horror|Thriller
8393,52952,This Is England (2006),Drama
8394,52967,Away from Her (2006),Drama
8395,52973,Knocked Up (2007),Comedy|Drama|Romance
8396,52975,Hairspray (2007),Comedy|Drama|Musical
8397,53000,28 Weeks Later (2007),Horror|Sci-Fi|Thriller
8398,53002,Georgia Rule (2007),Comedy|Drama|Romance
8399,53004,Delta Farce (2007),Action|Adventure|Comedy
8400,53024,Jonestown: The Life and Death of Peoples Temple (2006),Documentary
8401,53038,Red Dust (1932),Drama
8402,53121,Shrek the Third (2007),Adventure|Animation|Children|Comedy|Fantasy
8403,53123,Once (2006),Drama|Musical|Romance
8404,53125,Pirates of the Caribbean: At World's End (2007),Action|Adventure|Comedy|Fantasy
8405,53127,Bug (2007),Drama|Horror|Thriller
8406,53129,Mr. Brooks (2007),Crime|Drama|Thriller
8407,53131,Rise (2007),Action|Horror|Mystery|Thriller
8408,53138,"Librarian: Return to King Solomon's Mines, The (2006)",Action|Adventure|Fantasy
8409,53140,"Librarian: Quest for the Spear, The (2004)",Action|Adventure|Comedy|Fantasy|Romance
8410,53143,Fay Grim (2006),Action|Thriller
8411,53161,"I'm a Cyborg, But That's OK (Saibogujiman kwenchana) (2006)",Comedy|Drama|Romance|Sci-Fi
8412,53189,Eagle vs Shark (2007),Comedy
8413,53207,88 Minutes (2008),Crime|Drama|Mystery|Thriller
8414,53318,Cashback (2006),Comedy|Drama|Romance
8415,53322,Ocean's Thirteen (2007),Crime|Thriller
8416,53326,Them (Ils) (2006),Horror
8417,53349,Ten Canoes (2006),Adventure|Comedy|Drama|War
8418,53406,Go (2001),Drama
8419,53435,Hostel: Part II (2007),Crime|Horror|Thriller
8420,53447,Paranoid Park (2007),Crime|Drama
8421,53450,"Legend of Sleepy Hollow, The (1980)",Comedy|Fantasy|Horror
8422,53460,Surf's Up (2007),Animation|Children|Comedy
8423,53464,Fantastic Four: Rise of the Silver Surfer (2007),Action|Adventure|Sci-Fi
8424,53466,Nancy Drew (2007),Adventure|Crime|Thriller
8425,53468,Fido (2006),Comedy|Horror|Thriller
8426,53519,Death Proof (2007),Action|Adventure|Crime|Horror|Thriller
8427,53550,Rescue Dawn (2006),Action|Adventure|Drama|War
8428,53574,"TV Set, The (2006)",Comedy|Drama
8429,53578,"Valet, The (La doublure) (2006)",Comedy
8430,53737,"Night of the Generals, The (1967)",Crime|Drama|Mystery|Thriller|War
8431,53769,In Search of a Midnight Kiss (2007),Comedy|Romance
8432,53788,Exiled (Fong juk) (2006),Action|Crime|Thriller
8433,53827,Sybil (1976),Drama
8434,53859,Goal II: Living the Dream (2007),Action|Drama
8435,53883,"Power of Nightmares, The: The Rise of the Politics of Fear (2004)",Documentary
8436,53887,O Lucky Man! (1973),Comedy|Drama|Fantasy|Musical
8437,53894,Sicko (2007),Documentary|Drama
8438,53906,Popular Music (Populärmusik från Vittula) (2004),Comedy|Drama
8439,53919,"Man in the Iron Mask, The (1939)",Adventure
8440,53921,"Mighty Heart, A (2007)",Drama|Thriller
8441,53953,1408 (2007),Drama|Horror|Thriller
8442,53956,Death at a Funeral (2007),Comedy
8443,53972,Live Free or Die Hard (2007),Action|Adventure|Crime|Thriller
8444,53974,License to Wed (2007),Comedy|Romance
8445,53988,Evening (2007),Drama
8446,53993,Evan Almighty (2007),Comedy|Fantasy
8447,53996,Transformers (2007),Action|Sci-Fi|Thriller|IMAX
8448,53999,Captivity (2007),Crime|Thriller
8449,54001,Harry Potter and the Order of the Phoenix (2007),Adventure|Drama|Fantasy|IMAX
8450,54004,I Now Pronounce You Chuck and Larry (2007),Comedy|Romance
8451,54075,Arn: The Knight Templar (Arn - Tempelriddaren) (2007),Action|Adventure|Drama|Romance|War
8452,54094,Driving Lessons (2006),Comedy|Drama
8453,54116,First Snow (2006),Drama|Thriller
8454,54121,Broken Arrow (1950),Drama|Romance|Western
8455,54185,Manufactured Landscapes (2006),Documentary
8456,54190,Across the Universe (2007),Drama|Fantasy|Musical|Romance
8457,54193,Broken English (2007),Comedy|Drama|Romance
8458,54196,Brand Upon the Brain! (2006),Adventure|Fantasy|Mystery
8459,54256,Hot Rod (2007),Comedy
8460,54259,Stardust (2007),Adventure|Comedy|Fantasy|Romance
8461,54270,Skinwalkers (2007),Horror|Thriller
8462,54272,"Simpsons Movie, The (2007)",Animation|Comedy
8463,54274,I Know Who Killed Me (2007),Crime|Drama|Thriller
8464,54276,No Reservations (2007),Comedy|Drama|Romance
8465,54278,Underdog (2007),Action|Adventure|Children|Comedy|Fantasy|Sci-Fi
8466,54281,Charlie Bartlett (2007),Comedy|Drama
8467,54286,"Bourne Ultimatum, The (2007)",Action|Crime|Thriller
8468,54290,Bratz: The Movie (2007),Comedy
8469,54328,My Best Friend (Mon meilleur ami) (2006),Comedy
8470,54331,You Kill Me (2007),Comedy|Crime|Thriller
8471,54372,Tell No One (Ne le dis à personne) (2006),Crime|Drama|Mystery|Thriller
8472,54378,Man's Job (Miehen työ) (2007),Drama
8473,54426,12:08 East of Bucharest (A fost sau n-a fost?) (2006),Comedy|Drama
8474,54503,Superbad (2007),Comedy
8475,54510,Joshua (2007),Drama|Thriller
8476,54513,Talk to Me (2007),Drama
8477,54612,Resurrecting the Champ (2007),Drama
8478,54621,Molière (2007),Comedy|Drama|Romance
8479,54648,Rush Hour 3 (2007),Action|Comedy|Crime|Thriller
8480,54686,"Last Legion, The (2007)",Action|Adventure|Fantasy|War
8481,54732,Balls of Fury (2007),Comedy
8482,54734,Sydney White (2007),Comedy
8483,54736,"Kingdom, The (2007)",Action|Drama|Thriller
8484,54745,Rocket Science (2007),Comedy|Drama
8485,54768,Daddy Day Camp (2007),Children|Comedy
8486,54771,"Invasion, The (2007)",Action|Drama|Horror|Sci-Fi|Thriller
8487,54775,War (2007),Action|Thriller
8488,54780,"Nanny Diaries, The (2007)",Comedy|Drama|Romance
8489,54785,Halloween (2007),Horror
8490,54787,Death Sentence (2007),Drama|Thriller
8491,54796,2 Days in Paris (2007),Comedy|Drama|Romance
8492,54881,"King of Kong, The (2007)",Documentary
8493,54908,Taxi 4 (2007),Action|Comedy
8494,54910,Behind the Mask: The Rise of Leslie Vernon (2006),Comedy|Horror|Thriller
8495,54934,"Brothers Solomon, The (2007)",Comedy
8496,54962,"Nines, The (2007)",Drama|Mystery
8497,54978,"Good Night, The (2007)",Comedy|Drama|Fantasy|Musical|Romance
8498,54995,Planet Terror (2007),Action|Horror|Sci-Fi
8499,54997,3:10 to Yuma (2007),Action|Crime|Drama|Western
8500,54999,Shoot 'Em Up (2007),Action|Comedy|Crime
8501,55020,"Ten, The (2007)",Comedy
8502,55031,"Evening with Kevin Smith, An (2002)",Comedy|Documentary
8503,55052,Atonement (2007),Drama|Romance|War
8504,55063,My Winnipeg (2007),Documentary|Fantasy
8505,55067,Requiem (2006),Drama|Thriller
8506,55069,"4 Months, 3 Weeks and 2 Days (4 luni, 3 saptamâni si 2 zile) (2007)",Drama
8507,55071,No End in Sight (2007),Documentary
8508,55080,"Brave One, The (2007)",Crime|Drama|Thriller
8509,55094,In the Valley of Elah (2007),Drama|Mystery
8510,55098,Paint It Yellow (Rang De Basanti) (2006),Action|Comedy|Drama
8511,55100,I Could Never Be Your Woman (2007),Comedy|Romance
8512,55110,December Boys (2007),Drama
8513,55116,"Hunting Party, The (2007)",Action|Adventure|Comedy|Drama|Thriller
8514,55118,Eastern Promises (2007),Crime|Drama|Thriller
8515,55156,"Unreasonable Man, An (2006)",Documentary
8516,55159,Vengeance is Mine (Fukushu suruwa wareniari) (1979),Crime|Drama
8517,55167,Tekkonkinkreet (Tekkon kinkurîto) (2006),Action|Adventure|Animation|Crime|Fantasy
8518,55176,In the Shadow of the Moon (2007),Documentary
8519,55190,Love and Other Disasters (2006),Comedy|Romance
8520,55205,Interview (2007),Drama
8521,55232,Resident Evil: Extinction (2007),Action|Horror|Sci-Fi|Thriller
8522,55241,Mr. Woodcock (2007),Comedy
8523,55245,Good Luck Chuck (2007),Comedy|Romance
8524,55247,Into the Wild (2007),Action|Adventure|Drama
8525,55250,"Game Plan, The (2007)",Comedy
8526,55253,"Lust, Caution (Se, jie) (2007)",Drama|Romance|Thriller|War
8527,55255,Feast of Love (2007),Drama|Romance
8528,55257,Postal (2007),Action|Comedy|Thriller
8529,55259,"Seeker: The Dark Is Rising, The (2007)",Action|Adventure|Drama|Fantasy
8530,55261,"Heartbreak Kid, The (2007)",Comedy|Drama|Romance
8531,55267,Dan in Real Life (2007),Comedy|Drama|Romance
8532,55269,"Darjeeling Limited, The (2007)",Adventure|Comedy|Drama
8533,55272,We Own the Night (2007),Crime|Drama
8534,55274,Elizabeth: The Golden Age (2007),Drama
8535,55276,Michael Clayton (2007),Drama|Thriller
8536,55278,Sleuth (2007),Drama|Mystery|Thriller
8537,55280,Lars and the Real Girl (2007),Comedy|Drama
8538,55282,30 Days of Night (2007),Horror|Thriller
8539,55284,Rendition (2007),Drama|Thriller
8540,55286,Things We Lost in the Fire (2007),Drama|Romance
8541,55288,Reservation Road (2007),Drama|Thriller
8542,55290,Gone Baby Gone (2007),Crime|Drama|Mystery
8543,55292,"Comebacks, The (2007)",Comedy
8544,55363,"Assassination of Jesse James by the Coward Robert Ford, The (2007)",Crime|Drama|Western
8545,55391,10th & Wolf (2006),Crime|Drama|Thriller
8546,55402,Beaufort (2007),Action|Drama|War
8547,55417,Irina Palm (2007),Drama
8548,55419,I'm Reed Fish (2006),Comedy|Drama|Romance
8549,55442,Persepolis (2007),Animation|Drama
8550,55444,Control (2007),Drama
8551,55451,"Jane Austen Book Club, The (2007)",Drama|Romance
8552,55498,Silk (2007),Adventure|Drama|Romance
8553,55553,Black Sheep (2006),Comedy|Horror
8554,55555,"Edge of Heaven, The (Auf der anderen Seite) (2007)",Drama
8555,55566,Tyler Perry's Why Did I Get Married? (2007),Comedy|Drama
8556,55577,Saw IV (2007),Crime|Horror|Thriller
8557,55603,My Mom's New Boyfriend (2008),Action|Comedy|Romance|Thriller
8558,55620,For the Bible Tells Me So (2007),Documentary
8559,55652,Scum (1979),Crime|Drama
8560,55687,My Kid Could Paint That (2007),Documentary
8561,55721,Elite Squad (Tropa de Elite) (2007),Action|Crime|Drama|Thriller
8562,55726,"Year My Parents Went on Vacation, The (O Ano em Que Meus Pais Saíram de Férias) (2006)",Drama
8563,55729,King of California (2007),Comedy
8564,55732,Martian Child (2007),Comedy|Drama
8565,55765,American Gangster (2007),Crime|Drama|Thriller
8566,55768,Bee Movie (2007),Animation|Comedy
8567,55805,Before the Devil Knows You're Dead (2007),Crime|Drama|Thriller
8568,55814,"Diving Bell and the Butterfly, The (Scaphandre et le papillon, Le) (2007)",Drama
8569,55820,No Country for Old Men (2007),Crime|Drama
8570,55830,Be Kind Rewind (2008),Comedy
8571,55844,Itty Bitty Titty Committee (2007),Comedy|Drama|Romance
8572,55851,Crazy Love (2007),Documentary
8573,55872,August Rush (2007),Drama|Musical
8574,55895,"Desperate Hours, The (1955)",Drama|Film-Noir|Thriller
8575,55901,"You, the Living (Du levande) (2007)",Comedy|Drama|Musical
8576,55908,"Man from Earth, The (2007)",Drama|Sci-Fi
8577,55946,Lions For Lambs (2007),Drama|Thriller|War
8578,55955,Fred Claus (2007),Children|Comedy|Fantasy
8579,55995,Beowulf (2007),Action|Adventure|Animation|Fantasy|IMAX
8580,55999,Mr. Magorium's Wonder Emporium (2007),Children|Comedy|Fantasy
8581,56001,Love in the Time of Cholera (2007),Drama|Romance
8582,56003,Southland Tales (2006),Comedy|Drama|Sci-Fi|Thriller
8583,56012,"Evening with Kevin Smith 2: Evening Harder, An (2006)",Comedy|Documentary
8584,56015,Kansas City Confidential (1952),Crime|Drama|Film-Noir|Mystery
8585,56060,I Served the King of England (Obsluhoval jsem anglického krále) (2006),Comedy|Drama|Romance|War
8586,56079,Smiley Face (2007),Comedy
8587,56093,12 (2007),Crime|Drama|Thriller|War
8588,56095,XXY (2007),Drama
8589,56141,Blame it on Fidel! (La faute à Fidel!) (2006),Drama
8590,56145,"Mist, The (2007)",Horror|Sci-Fi
8591,56152,Enchanted (2007),Adventure|Animation|Children|Comedy|Fantasy|Musical|Romance
8592,56156,Hitman (2007),Action|Crime|Thriller
8593,56165,P2 (2007),Horror|Thriller
8594,56167,Om Shanti Om (2007),Action|Drama|Musical|Romance
8595,56169,Awake (2007),Drama|Thriller
8596,56171,"Golden Compass, The (2007)",Adventure|Children|Fantasy
8597,56174,I Am Legend (2007),Action|Horror|Sci-Fi|Thriller|IMAX
8598,56176,Alvin and the Chipmunks (2007),Children|Comedy
8599,56251,Futurama: Bender's Big Score (2007),Animation|Comedy|Sci-Fi
8600,56274,Margot at the Wedding (2007),Drama
8601,56286,I'm Not There (2007),Drama
8602,56333,"Savages, The (2007)",Comedy|Drama
8603,56336,Wrong Turn 2: Dead End (2007),Action|Horror|Thriller
8604,56339,"Orphanage, The (Orfanato, El) (2007)",Drama|Horror|Mystery|Thriller
8605,56367,Juno (2007),Comedy|Drama|Romance
8606,56379,"Maxed Out: Hard Times, Easy Credit and the Era of Predatory Lenders (2006)",Documentary
8607,56389,My Blueberry Nights (2007),Drama|Romance
8608,56479,Party Monster (1998),Documentary
8609,56508,Starting Out in the Evening (2007),Drama
8610,56563,Helvetica (2007),Documentary
8611,56587,"Bucket List, The (2007)",Comedy|Drama
8612,56607,"Kite Runner, The (2007)",Drama
8613,56620,"Deaths of Ian Stone, The (2007)",Horror|Thriller
8614,56633,Butterfly on a Wheel (Shattered) (2007),Crime|Drama|Thriller
8615,56671,"Go-Getter, The (2007)",Comedy|Drama
8616,56715,Wristcutters: A Love Story (2006),Drama|Fantasy|Romance
8617,56719,Vitus (2006),Drama
8618,56744,Longford (2006),Crime|Drama
8619,56757,Sweeney Todd: The Demon Barber of Fleet Street (2007),Drama|Horror|Musical|Thriller
8620,56775,National Treasure: Book of Secrets (2007),Action|Adventure
8621,56782,There Will Be Blood (2007),Drama|Western
8622,56788,Charlie Wilson's War (2007),Comedy|Drama|War
8623,56801,AVPR: Aliens vs. Predator - Requiem (2007),Action|Horror|Sci-Fi
8624,56805,Walk Hard: The Dewey Cox Story (2007),Comedy|Musical
8625,56846,Rabbit Without Ears (Keinohrhasen) (2007),Comedy|Romance
8626,56848,Ricochet (1991),Action|Crime|Thriller
8627,56885,"Great Debaters, The (2007)",Drama
8628,56908,Dedication (2007),Comedy|Drama|Romance
8629,56915,"Water Horse: Legend of the Deep, The (2007)",Adventure|Children|Fantasy
8630,56921,Battlestar Galactica: Razor (2007),Action|Drama|Sci-Fi|Thriller
8631,56941,P.S. I Love You (2007),Comedy|Drama|Romance
8632,56945,"Perfect Holiday, The (2007)",Comedy|Romance
8633,56949,27 Dresses (2008),Comedy|Romance
8634,57041,Santa Claus Conquers the Martians (1964),Fantasy|Sci-Fi
8635,57147,Cassandra's Dream (2007),Crime|Drama|Thriller
8636,57223,D-War (Dragon Wars) (2007),Action|Adventure|Drama|Fantasy
8637,57243,"Band's Visit, The (Bikur Ha-Tizmoret) (2007)",Comedy|Drama
8638,57274,[REC] (2007),Drama|Horror|Thriller
8639,57326,In the Name of the King: A Dungeon Siege Tale (2008),Action|Adventure|Fantasy
8640,57353,Flawless (2007),Crime|Drama
8641,57368,Cloverfield (2008),Action|Mystery|Sci-Fi|Thriller
8642,57370,Mad Money (2008),Comedy|Crime|Thriller
8643,57401,Cleaner (2007),Crime|Thriller
8644,57421,Hatchet (2006),Comedy|Horror
8645,57464,He Was a Quiet Man (2007),Drama
8646,57502,Cat Soup (Nekojiru-so) (2001),Adventure|Animation|Drama|Horror
8647,57504,"Girl Who Leapt Through Time, The (Toki o kakeru shôjo) (2006)",Animation|Comedy|Drama|Romance|Sci-Fi
8648,57520,One Missed Call (2008),Horror|Mystery|Thriller
8649,57526,Untraceable (2008),Crime|Thriller
8650,57528,Rambo (Rambo 4) (2008),Action|Drama|Thriller|War
8651,57532,Meet the Spartans (2008),Comedy
8652,57534,"Eye, The (2008)",Drama|Horror|Thriller
8653,57536,Strange Wilderness (2008),Comedy
8654,57538,Over Her Dead Body (2008),Comedy|Fantasy|Romance
8655,57543,Fallen Art (Sztuka spadania) (2004),Action|Animation|Comedy
8656,57637,"Signal, The (2007)",Horror|Sci-Fi|Thriller
8657,57640,Hellboy II: The Golden Army (2008),Action|Adventure|Fantasy|Sci-Fi
8658,57669,In Bruges (2008),Comedy|Crime|Drama|Thriller
8659,57792,Caramel (Sukkar banat) (2007),Comedy
8660,57845,Joe Strummer: The Future Is Unwritten (2007),Documentary
8661,57910,Teeth (2007),Comedy|Horror
8662,57949,"Welcome Home, Roscoe Jenkins (2008)",Comedy
8663,57951,Fool's Gold (2008),Action|Adventure|Comedy|Romance
8664,57972,Deep Water (2006),Documentary
8665,57980,"Art of Negative Thinking, The (Kunsten å tenke negativt) (2006)",Comedy|Drama
8666,58025,Jumper (2008),Action|Adventure|Drama|Sci-Fi|Thriller
8667,58047,"Definitely, Maybe (2008)",Comedy|Drama|Romance
8668,58078,"Air I Breathe, The (2007)",Crime|Drama|Romance|Thriller
8669,58103,Vantage Point (2008),Action|Drama|Thriller
8670,58105,"Spiderwick Chronicles, The (2008)",Adventure|Children|Drama|Fantasy|IMAX
8671,58107,Step Up 2 the Streets (2008),Drama|Musical|Romance
8672,58146,Witless Protection (2008),Comedy
8673,58154,"Other Boleyn Girl, The (2008)",Drama|Romance
8674,58156,Semi-Pro (2008),Comedy
8675,58162,Run Fatboy Run (2007),Comedy|Romance
8676,58191,Taxi to the Dark Side (2007),Documentary
8677,58223,"Method, The (Método, El) (2005)",Drama
8678,58246,Grace Is Gone (2007),Drama
8679,58287,Descent (2007),Drama|Thriller
8680,58291,College Road Trip (2008),Comedy
8681,58293,"10,000 BC (2008)",Adventure|Romance|Thriller
8682,58295,"Bank Job, The (2008)",Action|Crime|Thriller
8683,58297,Doomsday (2008),Action|Drama|Sci-Fi|Thriller
8684,58299,Horton Hears a Who! (2008),Adventure|Animation|Children|Comedy
8685,58301,Funny Games U.S. (2007),Drama|Thriller
8686,58303,"Counterfeiters, The (Die Fälscher) (2007)",Crime|Drama|War
8687,58306,Mongol (2007),Drama|War
8688,58315,"Love Guru, The (2008)",Comedy
8689,58332,Diary of the Dead (2007),Horror|Sci-Fi
8690,58334,Hallam Foe (Mister Foe) (2007),Drama|Romance
8691,58347,Penelope (2006),Comedy|Fantasy|Romance
8692,58351,City of Men (Cidade dos Homens) (2007),Drama
8693,58376,Zeitgeist: The Movie (2007),Documentary|War
8694,58418,Then She Found Me (2007),Comedy|Drama|Romance
8695,58425,Heima (2007),Documentary
8696,58432,What Just Happened (2008),Comedy|Drama
8697,58485,Return of the Living Dead 3 (1993),Horror|Romance|Sci-Fi
8698,58490,Miss Pettigrew Lives for a Day (2008),Comedy|Romance
8699,58492,Snow Angels (2007),Drama
8700,58494,Married Life (2007),Crime|Drama|Romance
8701,58554,"Class, The (Klass) (2007)",Drama
8702,58559,"Dark Knight, The (2008)",Action|Crime|Drama|IMAX
8703,58622,"Hammer, The (2007)",Comedy
8704,58627,Never Back Down (2008),Action
8705,58652,CJ7 (Cheung Gong 7 hou) (2008),Children|Comedy|Sci-Fi
8706,58655,Drillbit Taylor (2008),Comedy
8707,58706,"Under the Same Moon (Misma luna, La) (2007)",Drama
8708,58783,Youth Without Youth (2007),Drama|Romance|Sci-Fi
8709,58803,21 (2008),Crime|Drama|Romance|Thriller
8710,58806,Smart People (2008),Comedy|Drama|Romance
8711,58839,Leatherheads (2008),Comedy|Drama|Romance
8712,58876,Stop-Loss (2008),Drama|War
8713,58879,Shine a Light (2008),Documentary|Musical|IMAX
8714,58937,Julia (2008),Drama|Thriller
8715,58964,Inside (À l'intérieur) (2007),Horror|Thriller
8716,58972,Nim's Island (2008),Adventure|Comedy|Fantasy
8717,58975,"Ruins, The (2008)",Horror|Thriller
8718,58992,Joy Division (2007),Documentary|Musical
8719,58998,Forgetting Sarah Marshall (2008),Comedy|Romance
8720,59000,Sex and Death 101 (2007),Comedy|Drama
8721,59014,Superhero Movie (2008),Action|Comedy|Sci-Fi
8722,59016,Street Kings (2008),Crime|Drama|Thriller
8723,59018,"Visitor, The (2007)",Drama|Romance
8724,59022,Harold & Kumar Escape from Guantanamo Bay (2008),Adventure|Comedy
8725,59026,99 francs (2007),Comedy
8726,59037,Speed Racer (2008),Action|Children|Sci-Fi|IMAX
8727,59040,Gabriel (2007),Action|Horror
8728,59065,Chapter 27 (2007),Crime|Drama
8729,59103,"Forbidden Kingdom, The (2008)",Action|Adventure|Comedy|Fantasy
8730,59105,Where in the World Is Osama Bin Laden? (2008),Documentary
8731,59107,"Life Before Her Eyes, The (2007)",Drama|Thriller
8732,59118,Happy-Go-Lucky (2008),Comedy|Drama
8733,59126,Religulous (2008),Comedy|Documentary
8734,59129,Outpost (2008),Action|Horror
8735,59141,Son of Rambow (2007),Children|Comedy|Drama
8736,59143,Super High Me (2007),Comedy|Documentary
8737,59188,Viva Zapata! (1952),Western
8738,59220,Outsourced (2006),Comedy|Romance
8739,59256,Deception (2008),Action|Drama|Thriller
8740,59258,Baby Mama (2008),Comedy
8741,59273,Delirious (2006),Comedy|Drama
8742,59295,Expelled: No Intelligence Allowed (2008),Documentary
8743,59306,Prom Night (2008),Horror|Mystery|Thriller
8744,59315,Iron Man (2008),Action|Adventure|Sci-Fi
8745,59333,Made of Honor (2008),Comedy|Romance
8746,59336,Redbelt (2008),Action|Drama
8747,59339,Mister Lonely (2007),Comedy|Drama
8748,59362,Anamorph (2007),Crime|Thriller
8749,59369,Taken (2008),Action|Crime|Drama|Thriller
8750,59382,"Flight of the Red Balloon (Voyage du ballon rouge, Le) (2007)",Drama
8751,59387,"Fall, The (2006)",Adventure|Drama|Fantasy
8752,59392,Stargate: The Ark of Truth (2008),Action|Fantasy|Sci-Fi
8753,59404,Meet Bill (2007),Comedy|Drama
8754,59418,"American Crime, An (2007)",Crime
8755,59421,What Happens in Vegas... (2008),Comedy|Romance
8756,59429,American Pie Presents Beta House (American Pie 6: Beta House) (2007),Comedy
8757,59440,Bella (2006),Drama|Romance
8758,59501,"Chronicles of Narnia: Prince Caspian, The (2008)",Adventure|Children|Fantasy
8759,59519,Reprise (2006),Drama
8760,59549,Shelter (2007),Drama|Romance
8761,59590,Young at Heart (a.k.a. Young@Heart) (2007),Documentary|Musical
8762,59594,"War, Inc. (2008)",Comedy|Crime|Thriller
8763,59604,"Girl Next Door, The (2007)",Crime|Drama|Horror|Thriller
8764,59607,King Corn (2007),Documentary
8765,59615,Indiana Jones and the Kingdom of the Crystal Skull (2008),Action|Adventure|Comedy|Sci-Fi
8766,59684,Lake of Fire (2006),Documentary
8767,59709,"Oxford Murders, The (2007)",Crime|Mystery|Romance|Thriller
8768,59715,Shutter (2008),Horror|Mystery|Thriller
8769,59721,"Grand, The (2007)",Comedy
8770,59725,Sex and the City (2008),Comedy|Romance
8771,59727,"Strangers, The (2008)",Horror|Thriller
8772,59729,Savage Grace (2007),Crime|Drama
8773,59731,"Bigger, Stronger, Faster* (2008)",Documentary
8774,59738,All the Boys Love Mandy Lane (2006),Horror|Mystery|Thriller
8775,59784,Kung Fu Panda (2008),Action|Animation|Children|Comedy|IMAX
8776,59810,Recount (2008),Drama
8777,59834,100 Rifles (1969),Adventure|War|Western
8778,59900,You Don't Mess with the Zohan (2008),Comedy
8779,59908,"Promotion, The (2008)",Comedy
8780,59910,And When Did You Last See Your Father? (2007),Drama
8781,59915,Stuck (2007),Horror|Thriller
8782,59985,Chaos Theory (2007),Comedy|Drama|Romance
8783,59995,Boy A (2007),Crime|Drama
8784,60007,Doctor Who (1996),Adventure|Sci-Fi
8785,60020,"Warlords, The (Tau ming chong) (2007)",Action|Drama|War
8786,60037,"Happening, The (2008)",Drama|Sci-Fi|Thriller
8787,60040,"Incredible Hulk, The (2008)",Action|Sci-Fi
8788,60044,Baghead (2008),Comedy|Drama|Horror
8789,60046,"Children of Huang Shi, The (2008)",Drama|War
8790,60069,WALL·E (2008),Adventure|Animation|Children|Romance|Sci-Fi
8791,60072,Wanted (2008),Action|Thriller
8792,60074,Hancock (2008),Action|Adventure|Comedy|Crime|Fantasy
8793,60126,Get Smart (2008),Action|Comedy
8794,60128,Young People Fucking (a.k.a. YPF) (2007),Comedy
8795,60133,Brick Lane (2007),Drama
8796,60137,"Rape of Europa, The (2006)",Documentary
8797,60141,St. Trinian's (2007),Children|Comedy
8798,60161,Futurama: The Beast with a Billion Backs (2008),Action|Animation|Comedy|Romance|Sci-Fi
8799,60289,Kit Kittredge: An American Girl (2008),Children|Comedy|Drama|Mystery
8800,60291,Gonzo: The Life and Work of Dr. Hunter S. Thompson (2008),Documentary
8801,60293,"Wackness, The (2008)",Comedy|Drama|Romance
8802,60295,Up the Yangtze (2007),Documentary
8803,60333,Encounters at the End of the World (2008),Documentary
8804,60341,Standard Operating Procedure (2008),Crime|Documentary|War
8805,60363,Zombie Strippers! (2008),Comedy|Horror
8806,60365,Frosty the Snowman (1969),Animation|Children|Comedy|Fantasy|Musical
8807,60382,Roman Polanski: Wanted and Desired (2008),Documentary
8808,60389,Battle for Haditha (2007),War
8809,60397,Mamma Mia! (2008),Comedy|Musical|Romance
8810,60405,Ganes (2007),Drama|Musical
8811,60408,Welcome to the Sticks (Bienvenue chez les Ch'tis) (2008),Comedy
8812,60418,Kabluey (2007),Comedy|Drama
8813,60471,Rogue (2007),Action|Adventure|Horror|Thriller
8814,60482,Towelhead (a.k.a. Nothing is Private) (2007),Drama
8815,60487,"It's the Great Pumpkin, Charlie Brown (1966)",Animation|Children|Comedy
8816,60503,Katyn (2007),Drama|War
8817,60514,Journey to the Center of the Earth (2008),Action|Adventure|Sci-Fi
8818,60516,Meet Dave (2008),Comedy|Sci-Fi
8819,60522,"Machine Girl, The (Kataude mashin gâru) (2008)",Action|Comedy|Fantasy|Horror|Thriller
8820,60530,Water Lilies (Naissance des pieuvres) (2007),Drama
8821,60538,Shrooms (2007),Horror|Thriller
8822,60566,Just Another Love Story (Kærlighed på film) (2007),Crime|Drama|Thriller
8823,60609,Death Note (2006),Adventure|Crime|Drama|Horror|Mystery
8824,60647,Transsiberian (2008),Crime|Drama|Thriller
8825,60649,Space Chimps (2008),Adventure|Animation|Comedy
8826,60674,Stargate: Continuum (2008),Sci-Fi
8827,60684,Watchmen (2009),Action|Drama|Mystery|Sci-Fi|Thriller|IMAX
8828,60735,Shotgun Stories (2007),Drama|Thriller
8829,60753,Felon (2008),Crime|Drama
8830,60756,Step Brothers (2008),Comedy
8831,60758,Brideshead Revisited (2008),Drama
8832,60760,"X-Files: I Want to Believe, The (2008)",Drama|Mystery|Sci-Fi|Thriller
8833,60763,American Teen (2008),Documentary
8834,60766,Man on Wire (2008),Documentary
8835,60816,"Colour of Magic, The (Terry Pratchett's The Colour of Magic) (2008)",Adventure|Comedy|Fantasy
8836,60818,Hogfather (Terry Pratchett's Hogfather) (2006),Adventure|Fantasy|Thriller
8837,60832,Pathology (2008),Crime|Horror|Thriller
8838,60857,"Tracey Fragments, The (2007)",Drama
8839,60894,"Edge of Love, The (2008)",Drama|Romance|War
8840,60904,Heart of a Dog (Sobachye serdtse) (1988),Comedy|Drama|Sci-Fi
8841,60937,"Mummy: Tomb of the Dragon Emperor, The (2008)",Action|Adventure|Fantasy|Thriller
8842,60939,Swing Vote (2008),Comedy|Drama
8843,60941,"Midnight Meat Train, The (2008)",Horror|Mystery|Thriller
8844,60943,Frozen River (2008),Drama
8845,60948,Bottle Shock (2008),Drama
8846,60950,Vicky Cristina Barcelona (2008),Comedy|Drama|Romance
8847,60979,Batman: Gotham Knight (2008),Action|Animation|Crime
8848,61024,Pineapple Express (2008),Action|Comedy|Crime
8849,61026,Red Cliff (Chi bi) (2008),Action|Adventure|Drama|War
8850,61071,"Sisterhood of the Traveling Pants 2, The (2008)",Adventure|Comedy|Drama|Romance
8851,61073,Hell Ride (2008),Action|Drama|Thriller
8852,61075,Elegy (2008),Drama|Romance
8853,61123,High School Musical 2 (2007),Comedy|Drama|Musical|Romance
8854,61132,Tropic Thunder (2008),Action|Adventure|Comedy|War
8855,61160,Star Wars: The Clone Wars (2008),Action|Adventure|Animation|Sci-Fi
8856,61167,Henry Poole is Here (2008),Drama|Mystery
8857,61210,Mutant Chronicles (2008),Action|Adventure|Sci-Fi
8858,61236,Waltz with Bashir (Vals im Bashir) (2008),Animation|Documentary|Drama|War
8859,61240,Let the Right One In (Låt den rätte komma in) (2008),Drama|Fantasy|Horror|Romance
8860,61246,Hamlet 2 (2008),Comedy
8861,61248,Death Race (2008),Action|Adventure|Sci-Fi|Thriller
8862,61250,"House Bunny, The (2008)",Comedy
8863,61255,"Rocker, The (2008)",Comedy
8864,61257,I.O.U.S.A. (a.k.a. IOUSA) (2008),Documentary
8865,61262,Mirrors (2008),Horror|Mystery|Thriller
8866,61267,Fly Me to the Moon (2008),Adventure|Animation|Children|IMAX
8867,61289,Sukiyaki Western Django (2008),Action|Western
8868,61323,Burn After Reading (2008),Comedy|Crime|Drama
8869,61348,Disaster Movie (2008),Comedy
8870,61350,Babylon A.D. (2008),Action|Adventure|Sci-Fi|Thriller
8871,61352,Traitor (2008),Crime|Drama|Thriller
8872,61354,College (2008),Comedy
8873,61357,Trouble the Water (2008),Documentary
8874,61361,"Women, The (2008)",Comedy|Drama
8875,61394,"Onion Movie, The (2008)",Comedy
8876,61401,"Spirit, The (2008)",Action|Comedy|Fantasy|Thriller
8877,61406,John Adams (2008),Drama
8878,61449,"Burning Plain, The (2008)",Drama|Romance
8879,61465,Bangkok Dangerous (2008),Action|Crime|Thriller
8880,61646,DarkBlueAlmostBlack (Azuloscurocasinegro) (2006),Drama|Romance
8881,61678,"Foot Fist Way, The (2006)",Comedy
8882,61697,Righteous Kill (2008),Crime|Mystery|Thriller
8883,61705,Lakeview Terrace (2008),Drama|Thriller
8884,61724,Shadows in Paradise (Varjoja paratiisissa) (1986),Comedy|Romance
8885,61729,Ghost Town (2008),Comedy|Fantasy|Romance
8886,61818,"Crow, The: Wicked Prayer (2005)",Action|Adventure|Fantasy|Thriller
8887,61937,Sawdust and Tinsel (Gycklarnas afton) (1953),Drama
8888,61941,Humboldt County (2008),Comedy|Drama
8889,61948,100 Feet (2008),Horror|Thriller
8890,61967,"Autumn Afternoon, An (Sanma no aji) (1962)",Drama
8891,61986,Appaloosa (2008),Western
8892,61991,Miracle at St. Anna (2008),Drama|Mystery|War
8893,62049,1984 (1956),Drama|Sci-Fi
8894,62081,Eagle Eye (2008),Action|Crime|Thriller|IMAX
8895,62113,How to Lose Friends & Alienate People (2008),Comedy
8896,62137,Nights in Rodanthe (2008),Drama|Romance
8897,62155,Nick and Norah's Infinite Playlist (2008),Comedy|Drama|Romance
8898,62203,Martyrs (2008),Horror
8899,62235,Red (2008),Drama|Thriller
8900,62250,Gomorrah (Gomorra) (2008),Crime|Drama
8901,62265,"Accidental Husband, The (2009)",Comedy|Romance
8902,62293,"Duchess, The (2008)",Drama|Romance
8903,62336,FLCL (2000),Animation|Comedy|Fantasy|Sci-Fi
8904,62344,Rachel Getting Married (2008),Drama|Romance
8905,62374,Body of Lies (2008),Action|Drama|Thriller
8906,62376,City of Ember (2008),Adventure|Children|Sci-Fi
8907,62383,"20,000 Leagues Under the Sea (1916)",Action|Adventure|Sci-Fi
8908,62394,Max Payne (2008),Action|Crime|Drama|Thriller
8909,62434,Zack and Miri Make a Porno (2008),Comedy|Drama|Romance
8910,62437,W. (2008),Drama
8911,62439,My Best Friend's Girl (2008),Comedy|Romance
8912,62511,"Synecdoche, New York (2008)",Comedy|Drama
8913,62553,"Secret Life of Bees, The (2008)",Drama
8914,62577,Flash of Genius (2008),Drama
8915,62586,"American Carol, An (2008)",Comedy|Fantasy
8916,62644,"Wave, The (Welle, Die) (2008)",Drama
8917,62718,"Angus, Thongs and Perfect Snogging (2008)",Comedy|Romance
8918,62733,Quarantine (2008),Drama|Horror|Mystery|Thriller
8919,62788,Lost Boys: The Tribe (2008),Comedy|Horror|Thriller
8920,62792,Pride and Glory (2008),Crime|Drama
8921,62799,"Express, The (2008)",Drama
8922,62801,Lone Wolf and Cub: Baby Cart to Hades (Kozure Ôkami: Shinikazeni mukau ubaguruma) (1972),Action|Drama
8923,62803,Lone Wolf and Cub: Baby Cart in Peril (Kozure Ôkami: Oya no kokoro ko no kokoro) (1972),Action
8924,62834,Babylon 5: The Legend of the Rangers: To Live and Die in Starlight (2002),Sci-Fi
8925,62836,Babylon 5: The Lost Tales - Voices in the Dark (2007),Sci-Fi
8926,62849,RocknRolla (2008),Action|Crime
8927,62912,High School Musical 3: Senior Year (2008),Musical
8928,62956,Futurama: Bender's Game (2008),Action|Adventure|Animation|Comedy|Fantasy|Sci-Fi
8929,62970,Tin Man (2007),Adventure|Fantasy|Sci-Fi
8930,62999,Madagascar: Escape 2 Africa (2008),Action|Adventure|Animation|Children|Comedy|IMAX
8931,63033,Blindness (2008),Drama|Mystery|Romance|Thriller
8932,63062,Changeling (2008),Crime|Drama|Mystery
8933,63072,"Road, The (2009)",Adventure|Drama|Thriller
8934,63082,Slumdog Millionaire (2008),Crime|Drama|Romance
8935,63113,Quantum of Solace (2008),Action|Adventure|Thriller
8936,63131,Role Models (2008),Comedy
8937,63179,Tokyo! (2008),Drama
8938,63181,Tokyo Gore Police (Tôkyô zankoku keisatsu) (2008),Action|Horror
8939,63189,Sauna (2008),Horror|Mystery
8940,63222,JCVD (2008),Action|Drama|Thriller
8941,63239,Cinderella (1997),Children|Fantasy|Musical|Romance
8942,63312,Krabat (2008),Drama|Fantasy
8943,63329,Christmas Story (Joulutarina) (2007),Children|Drama|Fantasy
8944,63393,Camp Rock (2008),Comedy|Musical|Romance
8945,63433,Farscape: The Peacekeeper Wars (2004),Action|Adventure|Sci-Fi
8946,63436,Saw V (2008),Crime|Horror|Thriller
8947,63446,"Christmas Tale, A (Un conte de Noël) (2008)",Comedy|Drama
8948,63479,Sex Drive (2008),Comedy
8949,63515,The Island (2006),Drama|Mystery
8950,63540,Beverly Hills Chihuahua (2008),Adventure|Children|Comedy
8951,63676,"Face of Another, The (Tanin no kao) (1966)",Drama|Sci-Fi
8952,63698,Three Monkeys (Üç maymun) (2008),Drama
8953,63808,"Class, The (Entre les murs) (2008)",Drama
8954,63826,Splinter (2008),Action|Horror|Thriller
8955,63853,Australia (2008),Adventure|Drama|War|Western
8956,63859,Bolt (2008),Action|Adventure|Animation|Children|Comedy
8957,63876,Milk (2008),Drama
8958,63992,Twilight (2008),Drama|Fantasy|Romance|Thriller
8959,64010,"Children, The (2008)",Horror
8960,64030,Transporter 3 (2008),Action|Adventure|Crime|Thriller
8961,64032,Four Christmases (2008),Comedy
8962,64034,"Boy in the Striped Pajamas, The (Boy in the Striped Pyjamas, The) (2008)",Drama|War
8963,64037,Surveillance (2008),Crime|Mystery|Thriller
8964,64114,Fireproof (2008),Drama|Romance
8965,64116,Igor (2008),Animation|Comedy
8966,64167,Dinotopia (2002),Adventure|Fantasy
8967,64197,Hunger (2008),Drama
8968,64229,Cadillac Records (2008),Drama|Musical
8969,64231,Punisher: War Zone (2008),Action|Crime|Drama|Thriller
8970,64249,Shrek the Halls (2007),Adventure|Animation|Comedy|Fantasy
8971,64278,"Pervert's Guide to Cinema, The (2006)",Documentary
8972,64285,Wallace and Gromit in 'A Matter of Loaf and Death' (2008),Animation|Comedy
8973,64497,"Day the Earth Stood Still, The (2008)",Drama|Sci-Fi|Thriller|IMAX
8974,64499,Che: Part One (2008),Drama|War
8975,64501,Che: Part Two (2008),Drama|War
8976,64508,Starship Troopers 3: Marauder (2008),Action|Sci-Fi|War
8977,64575,Doubt (2008),Drama|Mystery
8978,64614,Gran Torino (2008),Crime|Drama
8979,64620,Frost/Nixon (2008),Drama
8980,64622,"Reader, The (2008)",Drama|Romance
8981,64701,I've Loved You So Long (Il y a longtemps que je t'aime) (2008),Drama|Mystery
8982,64716,Seven Pounds (2008),Drama
8983,64839,"Wrestler, The (2008)",Drama
8984,64957,"Curious Case of Benjamin Button, The (2008)",Drama|Fantasy|Mystery|Romance
8985,64969,Yes Man (2008),Comedy
8986,64983,Valkyrie (2008),Drama|Thriller|War
8987,64993,5 Centimeters per Second (Byôsoku 5 senchimêtoru) (2007),Animation|Drama|Romance
8988,64997,War of the Worlds (2005),Action|Sci-Fi
8989,65037,Ben X (2007),Drama
8990,65045,Alien Raiders (2008),Mystery|Sci-Fi|Thriller
8991,65088,Bedtime Stories (2008),Adventure|Children|Comedy
8992,65126,Choke (2008),Comedy|Drama
8993,65130,Revolutionary Road (2008),Drama|Romance
8994,65133,Blackadder Back & Forth (1999),Comedy
8995,65135,Blackadder's Christmas Carol (1988),Comedy
8996,65142,Loft (2008),Crime|Drama|Mystery
8997,65188,Dear Zachary: A Letter to a Son About His Father (2008),Documentary
8998,65193,Wild Child (2008),Drama|Romance
8999,65216,Defiance (2008),Drama|Thriller|War
9000,65225,Zeitgeist: Addendum (2008),Documentary
9001,65230,Marley & Me (2008),Comedy|Drama
9002,65261,Ponyo (Gake no ue no Ponyo) (2008),Adventure|Animation|Children|Fantasy
9003,65310,Poultrygeist: Night of the Chicken Dead (2006),Comedy|Horror|Musical
9004,65359,Earthsea (Legend of Earthsea) (2004),Adventure|Drama|Fantasy
9005,65418,Wendy and Lucy (2008),Drama
9006,65435,Open Season 2 (2008),Adventure|Animation|Children|Comedy
9007,65465,Last Chance Harvey (2008),Drama|Romance
9008,65514,Ip Man (2008),Action|Drama|War
9009,65567,Passengers (2008),Drama|Mystery|Thriller
9010,65577,"Tale of Despereaux, The (2008)",Adventure|Animation|Children|Comedy|Fantasy
9011,65585,Bride Wars (2009),Comedy|Romance
9012,65588,"Gamers, The: Dorkness Rising (2008)",Action|Adventure|Comedy|Fantasy
9013,65596,Mesrine: Killer Instinct (L'instinct de mort) (2008),Action|Crime|Drama|Thriller
9014,65601,My Bloody Valentine 3-D (2009),Horror|Thriller
9015,65612,Castaway (1986),Adventure|Drama
9016,65631,Battle in Seattle (2007),Action|Drama
9017,65642,"Timecrimes (Cronocrímenes, Los) (2007)",Sci-Fi|Thriller
9018,65682,Underworld: Rise of the Lycans (2009),Action|Fantasy|Horror|Thriller
9019,65685,Inkheart (2008),Adventure|Fantasy
9020,65731,"Alphabet Killer, The (2008)",Crime
9021,65738,Revenge of the Nerds III: The Next Generation (1992),Comedy
9022,65740,Revenge of the Nerds IV: Nerds in Love (1994),Comedy|Romance
9023,65802,Paul Blart: Mall Cop (2009),Action|Comedy|Crime
9024,65810,Notorious (2009),Drama|Musical
9025,65813,"Unborn, The (2009)",Horror|Mystery|Thriller
9026,65817,Donkey Punch (2008),Horror|Thriller
9027,65868,Repo! The Genetic Opera (2008),Fantasy|Horror|Musical
9028,65882,"Uninvited, The (2009)",Drama|Horror|Mystery|Thriller
9029,65899,12:01 (1993),Comedy|Romance|Sci-Fi|Thriller
9030,65939,Kummeli Goldrush (Kummeli kultakuume) (1997),Comedy
9031,65982,Outlander (2008),Action|Adventure|Sci-Fi
9032,66066,"Grudge 3, The (2009)",Horror
9033,66090,Eden Lake (2008),Horror|Thriller
9034,66097,Coraline (2009),Animation|Fantasy|Thriller
9035,66130,Chocolate (2008),Action|Drama
9036,66156,"Escapist, The (2008)",Thriller
9037,66171,Push (2009),Sci-Fi|Thriller
9038,66198,"International, The (2009)",Drama|Thriller
9039,66200,Two Lovers (2008),Drama|Romance
9040,66203,He's Just Not That Into You (2009),Comedy|Drama|Romance
9041,66240,Dead Like Me: Life After Death (2009),Comedy|Fantasy
9042,66297,Futurama: Into the Wild Green Yonder (2009),Action|Animation|Comedy|Sci-Fi
9043,66304,Hotel for Dogs (2009),Adventure|Children|Comedy
9044,66310,Frontière(s) (2007),Drama|Horror|Thriller
9045,66317,Comet in Moominland (1992),Adventure|Animation|Fantasy
9046,66320,"11th Hour, The (2007)",Documentary
9047,66330,Fireflies in the Garden (2008),Drama
9048,66335,Afro Samurai: Resurrection (2009),Animation
9049,66354,Jesus Christ Superstar (2000),Drama|Musical
9050,66371,Departures (Okuribito) (2008),Drama
9051,66385,Taking Chance (2009),Drama|War
9052,66427,My Name Is Bruce (2007),Comedy|Horror
9053,66509,Funny People (2009),Comedy|Drama
9054,66511,Berlin Calling (2008),Comedy|Drama
9055,66544,Nuremberg (2000),Drama|War
9056,66547,Bigger Than Life (1956),Drama|Mystery|Thriller
9057,66581,Still Waiting... (2009),Comedy
9058,66596,Mystery Team (2009),Comedy|Crime|Mystery
9059,66639,Street Fighter: The Legend of Chun-Li (2009),Action|Adventure|Sci-Fi|Thriller
9060,66659,Tyler Perry's Madea Goes to Jail (2009),Comedy|Crime|Drama
9061,66665,Away We Go (2009),Comedy|Drama|Romance
9062,66691,"Thick as Thieves (a.k.a. Code, The) (2009)",Crime
9063,66744,"Divo, Il (2008)",Drama
9064,66762,Paris (2008),Comedy|Drama|Romance
9065,66783,Friday the 13th (2009),Horror
9066,66785,"Good, the Bad, the Weird, The (Joheunnom nabbeunnom isanghannom) (2008)",Action|Adventure|Comedy|Western
9067,66798,"Pink Panther 2, The (2009)",Adventure|Comedy|Mystery
9068,66808,Far Cry (2008),Action|Adventure|Drama
9069,66870,Everlasting Moments (Maria Larssons eviga ögonblick) (2008),Drama
9070,66915,Rock-A-Doodle (1991),Adventure|Animation|Children|Musical
9071,66934,Dr. Horrible's Sing-Along Blog (2008),Comedy|Drama|Musical|Sci-Fi
9072,66943,"Cottage, The (2008)",Comedy|Crime|Horror|Thriller
9073,67068,"Quick and the Dead, The (1987)",Western
9074,67073,Day of the Dead (2008),Horror
9075,67087,"I Love You, Man (2009)",Comedy
9076,67138,Live Free or Die (2006),Comedy|Crime
9077,67168,Dance of the Dead (2008),Adventure|Comedy|Horror
9078,67186,"Haunting in Connecticut, The (2009)",Horror|Thriller
9079,67193,Duplicity (2009),Crime|Romance|Thriller
9080,67197,Knowing (2009),Action|Drama|Mystery|Sci-Fi|Thriller
9081,67223,Sugar (2008),Drama
9082,67252,Ong-Bak 2: The Beginning (Ong Bak 2) (2008),Action
9083,67255,"Girl with the Dragon Tattoo, The (Män som hatar kvinnor) (2009)",Crime|Drama|Mystery|Thriller
9084,67267,Sunshine Cleaning (2008),Comedy|Drama
9085,67295,Kung Fu Panda: Secrets of the Furious Five (2008),Action|Animation|Children|Comedy
9086,67361,Echelon Conspiracy (2009),Action|Mystery|Thriller
9087,67408,Monsters vs. Aliens (2009),Animation|Sci-Fi|IMAX
9088,67422,California Dreamin' (Nesfarsit) (2007),Comedy|Drama|War
9089,67429,Sita Sings the Blues (2008),Animation|Musical
9090,67508,"Baader Meinhof Komplex, Der (2008)",Action|Crime|Drama|Thriller
9091,67534,Big Stan (2007),Comedy
9092,67620,Nothing But the Truth (2008),Drama|Thriller
9093,67665,Anvil! The Story of Anvil (2008),Documentary|Musical
9094,67695,Observe and Report (2009),Action|Comedy
9095,67734,Adventureland (2009),Comedy|Drama
9096,67788,Confessions of a Shopaholic (2009),Comedy|Romance
9097,67799,The Butterfly Effect 3: Revelations (2009),Drama|Fantasy|Sci-Fi|Thriller
9098,67801,Revanche (2008),Crime|Drama|Romance
9099,67839,"Lucky Ones, The (2008)",Comedy|Drama|War
9100,67867,Dragonball Evolution (2009),Action|Adventure|Fantasy|Sci-Fi
9101,67923,"Fast & Furious (Fast and the Furious 4, The) (2009)",Action|Crime|Drama|Thriller
9102,67997,In the Loop (2009),Comedy
9103,67999,Global Metal (2008),Documentary
9104,68028,What Doesn't Kill You (2008),Crime|Drama
9105,68073,"Boat That Rocked, The (a.k.a. Pirate Radio) (2009)",Comedy|Drama
9106,68099,Apollo 13: To the Edge and Back (1994),Documentary
9107,68135,17 Again (2009),Comedy|Drama
9108,68157,Inglourious Basterds (2009),Action|Drama|War
9109,68159,State of Play (2009),Crime|Drama|Thriller
9110,68194,"Damned United, The (2009)",Drama
9111,68205,Crank: High Voltage (2009),Action|Comedy|Crime
9112,68237,Moon (2009),Drama|Mystery|Sci-Fi|Thriller
9113,68263,Mammoth (Mammut) (2009),Drama
9114,68269,"Young Victoria, The (2009)",Drama|Romance
9115,68288,"Informers, The (2008)",Crime|Drama|Thriller
9116,68319,X-Men Origins: Wolverine (2009),Action|Sci-Fi|Thriller
9117,68324,"Girlfriend Experience, The (2009)",Drama
9118,68347,Sin Nombre (2009),Crime|Drama|Thriller
9119,68358,Star Trek (2009),Action|Adventure|Sci-Fi|IMAX
9120,68442,Lymelife (2008),Comedy|Drama
9121,68444,"Great Buck Howard, The (2008)",Comedy
9122,68472,Cherry Blossoms (Kirschblüten - Hanami) (2008),Drama|Romance
9123,68486,Red Cliff Part II (Chi Bi Xia: Jue Zhan Tian Xia) (2009),Action|Drama|War
9124,68511,Black Ice (Musta jää) (2007),Drama
9125,68519,S. Darko (S. Darko: A Donnie Darko Tale) (2009),Crime|Mystery|Sci-Fi|Thriller
9126,68522,Earth (2007),Documentary
9127,68536,Stanley Kubrick: A Life in Pictures (2001),Documentary
9128,68552,Crossing Over (2009),Drama
9129,68554,Angels & Demons (2009),Crime|Drama|Mystery|Thriller
9130,68650,Powder Blue (2009),Drama
9131,68659,Fanboys (2008),Adventure|Comedy|Drama
9132,68685,Incendiary (2008),Drama|Mystery|Romance|Thriller
9133,68749,Management (2008),Comedy|Romance
9134,68791,Terminator Salvation (2009),Action|Adventure|Sci-Fi|Thriller
9135,68793,Night at the Museum: Battle of the Smithsonian (2009),Action|Comedy|IMAX
9136,68835,Were the World Mine (2008),Adventure|Fantasy|Musical|Romance
9137,68838,Every Little Step (2008),Documentary
9138,68843,Lesbian Vampire Killers (2009),Action|Comedy|Horror
9139,68848,"Brothers Bloom, The (2008)",Adventure|Comedy|Crime|Romance
9140,68901,Chop Shop (2007),Drama
9141,68932,"Soloist, The (2009)",Drama|Musical
9142,68941,"Last House on the Left, The (2009)",Drama|Horror|Thriller
9143,68945,Neon Genesis Evangelion: Death & Rebirth (Shin seiki Evangelion Gekijô-ban: Shito shinsei) (1997),Action|Animation|Mystery|Sci-Fi
9144,68952,Drag Me to Hell (2009),Comedy|Horror
9145,68954,Up (2009),Adventure|Animation|Children|Drama
9146,68959,Fullmetal Alchemist the Movie: Conqueror of Shamballa (Gekijô-ban hagane no renkinjutsushi: Shanbara wo yuku mono) (2005),Action|Adventure|Animation|Drama
9147,68963,Easy Virtue (2008),Comedy|Romance
9148,68965,Dance Flick (2009),Comedy|Musical
9149,68967,"Summer Hours (Heure d'été, L') (2008)",Drama
9150,69027,OSS 117 - Lost in Rio (OSS 117: Rio ne répond plus) (2009),Adventure|Comedy
9151,69069,Fired Up (2009),Comedy
9152,69088,"War Game, The (1965)",Documentary|Drama|War
9153,69118,In the Electric Mist (2009),Drama|Mystery
9154,69122,"Hangover, The (2009)",Comedy|Crime
9155,69131,Killshot (2008),Action|Crime|Drama|Thriller
9156,69134,Antichrist (2009),Drama|Fantasy
9157,69140,Sweeney Todd (2006),Crime|Drama|Horror|Thriller
9158,69251,Special (2006),Drama|Fantasy
9159,69253,New in Town (2009),Comedy|Romance
9160,69275,Dead Snow (Død snø) (2009),Action|Adventure|Comedy|Horror
9161,69278,Land of the Lost (2009),Action|Adventure|Comedy|Sci-Fi
9162,69304,Imagine That (2009),Comedy|Drama|Fantasy
9163,69306,"Taking of Pelham 1 2 3, The (2009)",Crime|Drama|Thriller
9164,69324,Flame and Citron (Flammen & Citronen) (2008),Action|Drama|War
9165,69381,"Hitman, The (1991)",Action|Crime|Thriller
9166,69394,"Stoning of Soraya M., The (2008)",Crime|Drama
9167,69406,"Proposal, The (2009)",Comedy|Romance
9168,69436,Year One (2009),Adventure|Comedy
9169,69458,Tyson (2008),Documentary
9170,69481,"Hurt Locker, The (2008)",Action|Drama|Thriller|War
9171,69516,"Limits of Control, The (2009)",Crime|Drama|Film-Noir
9172,69524,Raiders of the Lost Ark: The Adaptation (1989),Action|Adventure|Thriller
9173,69526,Transformers: Revenge of the Fallen (2009),Action|Adventure|Sci-Fi|IMAX
9174,69529,Home (2009),Documentary
9175,69542,K2 (1991),Adventure|Drama
9176,69574,Phoebe in Wonderland (2008),Drama|Fantasy
9177,69604,Whatever Works (2009),Comedy|Romance
9178,69606,Ghosts of Girlfriends Past (2009),Comedy|Fantasy|Romance
9179,69640,Public Enemies (2009),Crime|Drama|Thriller
9180,69644,Ice Age: Dawn of the Dinosaurs (2009),Action|Adventure|Animation|Children|Comedy|Romance
9181,69654,Prison Break: The Final Break (2009),Action|Drama|Thriller
9182,69685,Daria: Is It College Yet? (2002),Animation|Comedy
9183,69712,My Sister's Keeper (2009),Drama
9184,69746,Watchmen: Tales of the Black Freighter (2009),Action|Adventure|Animation|Horror
9185,69757,(500) Days of Summer (2009),Comedy|Drama|Romance
9186,69784,Brüno (Bruno) (2009),Comedy
9187,69805,"Librarian, The: The Curse of the Judas Chalice (2008)",Action|Adventure|Fantasy
9188,69818,Franklyn (2008),Drama|Fantasy|Romance|Thriller
9189,69842,Good Dick (2008),Comedy|Drama|Romance
9190,69844,Harry Potter and the Half-Blood Prince (2009),Adventure|Fantasy|Mystery|Romance|IMAX
9191,69849,Roots (1977),Drama|War
9192,69934,My Sassy Girl (2008),Comedy|Drama|Romance
9193,69945,"Fast and the Furious, The (1955)",Crime|Mystery
9194,69951,"Imaginarium of Doctor Parnassus, The (2009)",Drama|Fantasy
9195,69988,Humpday (2009),Comedy
9196,69995,Tokyo Sonata (2008),Drama
9197,70032,Visioneers (2008),Comedy
9198,70093,Cheri (2009),Romance
9199,70133,"Answer Man, The (a.k.a. Arlen Faber) (2009)",Comedy|Romance
9200,70159,Orphan (2009),Drama|Horror|Mystery|Thriller
9201,70183,"Ugly Truth, The (2009)",Comedy|Drama|Romance
9202,70206,"Collector, The (2009)",Crime|Horror|Thriller
9203,70208,"Perfect Getaway, A (2009)",Horror|Thriller
9204,70282,Aliens in the Attic (2009),Adventure|Children|Fantasy|Sci-Fi
9205,70286,District 9 (2009),Mystery|Sci-Fi|Thriller
9206,70293,Julie & Julia (2009),Comedy|Drama|Romance
9207,70301,Obsessed (2009),Crime|Drama|Thriller
9208,70305,Race to Witch Mountain (2009),Adventure|Children|Fantasy|Sci-Fi|Thriller
9209,70334,Hannah Montana: The Movie (2009),Comedy|Drama|Musical|Romance
9210,70336,G.I. Joe: The Rise of Cobra (2009),Action|Adventure|Sci-Fi|Thriller
9211,70342,Séraphine (2008),Drama|War
9212,70344,Cold Souls (2009),Comedy|Drama
9213,70361,12 Rounds (2009),Action|Thriller
9214,70410,"Killing Room, The (2009)",Drama|Mystery|Thriller
9215,70432,Fail Safe (2000),Drama|Thriller
9216,70451,Max Manus (2008),Action|Drama|War
9217,70521,Lost in Austen (2008),Drama|Fantasy|Romance|Sci-Fi
9218,70533,Evangelion: 1.0 You Are (Not) Alone (Evangerion shin gekijôban: Jo) (2007),Action|Animation|Sci-Fi
9219,70562,"Ramen Girl, The (2008)",Comedy|Drama|Romance
9220,70565,"Goods: Live Hard, Sell Hard, The (2009)",Comedy
9221,70567,Adam (2009),Drama|Romance
9222,70597,Gigantic (2008),Comedy|Romance
9223,70599,"Time Traveler's Wife, The (2009)",Drama|Romance|Sci-Fi
9224,70641,Miss March (2009),Comedy
9225,70643,Bandslam (2009),Comedy|Drama|Musical
9226,70663,"I Love You, Beth Cooper (2009)",Comedy|Romance
9227,70687,Paper Heart (2009),Comedy|Documentary|Drama|Romance
9228,70697,G-Force (2009),Action|Adventure|Children|Fantasy
9229,70706,Fighting (2009),Action|Drama
9230,70708,Tetro (2009),Drama|Mystery
9231,70728,Bronson (2009),Action|Comedy|Drama|Thriller
9232,70769,If Only (2004),Drama|Fantasy|Romance|Thriller
9233,70846,Lorna's Silence (Le silence de Lorna) (2008),Drama
9234,70849,"Doulos, Le (1962)",Crime|Thriller
9235,70862,It Might Get Loud (2008),Documentary
9236,70898,Post Grad (2009),Comedy
9237,70912,Goodbye Solo (2008),Drama
9238,70932,My Life in Ruins (2009),Comedy
9239,70946,Troll 2 (1990),Fantasy|Horror
9240,70984,Taking Woodstock (2009),Comedy
9241,70994,Halloween II (2009),Horror|Thriller
9242,71033,"Secret in Their Eyes, The (El secreto de sus ojos) (2009)",Crime|Drama|Mystery|Romance|Thriller
9243,71057,9 (2009),Adventure|Animation|Sci-Fi
9244,71106,Frequently Asked Questions About Time Travel (2009),Comedy|Sci-Fi
9245,71108,"White Ribbon, The (Das weiße Band) (2009)",Drama|Mystery
9246,71129,Green Lantern: First Flight (2009),Action|Adventure|Animation|Fantasy|Sci-Fi
9247,71131,"Most Hated Family in America, The (2007)",Documentary
9248,71135,Pandorum (2009),Horror|Sci-Fi|Thriller
9249,71156,"Men Who Stare at Goats, The (2009)",Action|Comedy|Drama
9250,71205,Jennifer's Body (2009),Comedy|Horror|Sci-Fi|Thriller
9251,71211,"Informant!, The (2009)",Comedy|Crime|Drama|Thriller
9252,71248,Extract (2009),Comedy
9253,71252,"Final Destination, The (Final Destination 4) (Final Destination in 3-D, The) (2009)",Horror|Thriller
9254,71254,Gamer (2009),Action|Sci-Fi|Thriller
9255,71264,Cloudy with a Chance of Meatballs (2009),Animation|Children|Fantasy|IMAX
9256,71282,"Food, Inc. (2008)",Documentary
9257,71304,Thirst (Bakjwi) (2009),Drama|Horror
9258,71318,Terra (a.k.a. Battle for Terra) (2007),Adventure|Animation|Sci-Fi
9259,71325,Love Happens (2009),Comedy|Drama|Romance
9260,71327,Bright Star (2009),Drama|Romance
9261,71379,Paranormal Activity (2009),Horror|Thriller
9262,71390,"Not Quite Hollywood: The Wild, Untold Story of Ozploitation! (2008)",Documentary
9263,71429,World's Greatest Dad (2009),Comedy|Drama
9264,71438,Still Walking (Aruitemo aruitemo) (2008),Drama
9265,71450,Capitalism: A Love Story (2009),Documentary
9266,71460,Wanted (2009),Action|Romance
9267,71462,"Cove, The (2009)",Documentary
9268,71464,"Serious Man, A (2009)",Comedy|Drama
9269,71466,City Island (2009),Comedy|Drama
9270,71468,Ink (2009),Action|Fantasy|Sci-Fi
9271,71484,Metropia (2009),Animation|Sci-Fi
9272,71500,Trick 'r Treat (2007),Comedy|Horror|Thriller
9273,71518,Whip It (2009),Comedy|Drama
9274,71520,"Invention of Lying, The (2009)",Comedy
9275,71530,Surrogates (2009),Action|Sci-Fi|Thriller
9276,71535,Zombieland (2009),Action|Comedy|Horror
9277,71537,Fame (2009),Comedy|Drama|Musical|Romance
9278,71542,"September Issue, The (2009)",Documentary
9279,71550,Assassination of a High School President (2008),Comedy|Drama|Mystery
9280,71571,Sorority Row (2009),Horror|Thriller
9281,71573,Whiteout (2009),Action|Crime|Drama|Mystery|Thriller
9282,71579,"Education, An (2009)",Drama|Romance
9283,71619,Coco Before Chanel (Coco avant Chanel) (2009),Drama
9284,71668,Couples Retreat (2009),Comedy|Romance
9285,71670,All About Steve (2009),Comedy
9286,71688,Jab We Met (2007),Comedy|Drama|Romance
9287,71691,Fifty Dead Men Walking (2008),Action|Drama|Thriller
9288,71700,Deadgirl (2008),Horror
9289,71732,I Sell the Dead (2008),Comedy|Horror
9290,71745,Where the Wild Things Are (2009),Adventure|Children|Drama|Fantasy|IMAX
9291,71810,Legionnaire (1998),Action|Adventure|Drama|War
9292,71823,"New York, I Love You (2009)",Drama|Romance
9293,71838,Law Abiding Citizen (2009),Drama|Thriller
9294,71876,Amelia (2009),Drama
9295,71878,"Stepfather, The (2009)",Horror|Thriller
9296,71899,Mary and Max (2009),Animation|Comedy|Drama
9297,71902,Spread (2009),Drama|Romance
9298,71910,"Tournament, The (2009)",Action
9299,71926,"Boys Are Back, The (2009)",Comedy|Drama
9300,71928,Cairo Time (2009),Drama|Romance
9301,72011,Up in the Air (2009),Drama|Romance
9302,72039,35 Shots of Rum (35 rhums) (2008),Drama
9303,72043,Monsters vs Aliens: Mutant Pumpkins from Outer Space (2009),Animation|Comedy|Sci-Fi
9304,72113,Is Anybody There? (2008),Drama
9305,72117,"Misérables, Les (1935)",Drama|Romance
9306,72129,Saw VI (2009),Crime|Horror|Mystery|Thriller
9307,72131,Michael Jackson's This Is It (2009),Documentary|Musical|IMAX
9308,72142,Love Exposure (Ai No Mukidashi) (2008),Action|Comedy|Drama|Romance
9309,72165,Cirque du Freak: The Vampire's Assistant (2009),Action|Adventure|Comedy|Fantasy|Horror|Thriller
9310,72167,"Boondock Saints II: All Saints Day, The (2009)",Action|Crime|Drama|Thriller
9311,72169,Good Hair (2009),Comedy|Documentary
9312,72171,Black Dynamite (2009),Action|Comedy
9313,72176,Big Fan (2009),Comedy|Crime|Drama
9314,72209,Astro Boy (2009),Action|Animation|Children|Sci-Fi
9315,72224,Gentlemen Broncos (2009),Comedy
9316,72226,Fantastic Mr. Fox (2009),Adventure|Animation|Children|Comedy|Crime
9317,72228,Creation (2009),Drama
9318,72249,Coco Chanel & Igor Stravinsky (2009),Drama|Romance
9319,72294,"Christmas Carol, A (2009)",Animation|Children|Drama|Fantasy|IMAX
9320,72308,Battlestar Galactica: The Plan (2009),Action|Adventure|Drama|Sci-Fi
9321,72330,"Private Lives of Pippa Lee, The (2009)",Drama
9322,72356,Partly Cloudy (2009),Animation|Children|Comedy|Fantasy
9323,72367,Grey Gardens (2009),Drama
9324,72378,2012 (2009),Action|Drama|Sci-Fi|Thriller
9325,72380,"Box, The (2009)",Drama|Horror|Mystery|Sci-Fi|Thriller
9326,72386,Broken Embraces (Los abrazos rotos) (2009),Drama|Romance|Thriller
9327,72393,"Fourth Kind, The (2009)",Horror|Mystery|Sci-Fi|Thriller
9328,72395,Precious (2009),Drama
9329,72405,Bad Lieutenant: Port of Call New Orleans (2009),Crime|Drama
9330,72407,"Twilight Saga: New Moon, The (2009)",Drama|Fantasy|Horror|Romance|Thriller
9331,72479,"Messenger, The (2009)",Drama|Romance|War
9332,72483,Keith (2008),Drama|Romance
9333,72489,Ninja Assassin (2009),Action|Crime|Drama|Thriller
9334,72554,Cell 211 (Celda 211) (2009),Action|Drama
9335,72591,"Patriot, The (1998)",Action|Thriller
9336,72601,Teenage Mutant Ninja Turtles: Turtles Forever (2009),Action|Adventure|Animation|Comedy|Thriller
9337,72603,Merry Madagascar (2009),Animation
9338,72605,Brothers (2009),Drama|Thriller|War
9339,72630,Sleep Dealer (2008),Sci-Fi
9340,72641,"Blind Side, The  (2009)",Drama
9341,72694,Shrink (2009),Drama
9342,72696,Old Dogs (2009),Comedy
9343,72701,Planet 51 (2009),Adventure|Animation|Children|Comedy|Sci-Fi
9344,72703,Me and Orson Welles (2008),Drama
9345,72712,Objectified (2009),Documentary
9346,72714,Earthlings (2006),Documentary
9347,72720,"Single Man, A (2009)",Drama
9348,72731,"Lovely Bones, The (2009)",Crime|Drama|Fantasy|Horror|Thriller
9349,72733,Invictus (2009),Drama
9350,72737,"Princess and the Frog, The (2009)",Animation|Children|Fantasy|Musical|Romance
9351,72741,Everybody's Fine (2009),Drama
9352,72762,Armored (2009),Action|Drama|Thriller
9353,72919,Did You Hear About the Morgans? (2009),Comedy|Crime|Drama|Romance
9354,72980,Veronika Decides to Die (2009),Drama|Romance
9355,72982,Alice (2009),Action|Adventure|Fantasy
9356,72998,Avatar (2009),Action|Adventure|Sci-Fi|IMAX
9357,73000,Nine (2009),Drama|Musical|Romance
9358,73015,It's Complicated (2009),Comedy|Romance
9359,73017,Sherlock Holmes (2009),Action|Crime|Mystery|Thriller
9360,73023,Crazy Heart (2009),Drama|Romance
9361,73027,The Last Station (2009),Drama
9362,73042,Alvin and the Chipmunks: The Squeakquel (2009),Animation|Children|Comedy|Musical
9363,73089,Beyond a Reasonable Doubt (2009),Drama|Mystery
9364,73101,Looking for Eric (2009),Comedy|Drama|Fantasy
9365,73106,American Pie Presents: The Book of Love (American Pie 7: The Book of Love) (2009),Comedy
9366,73168,Carriers (2009),Drama|Horror|Thriller
9367,73183,"Friends of Eddie Coyle, The (1973)",Crime|Drama|Thriller
9368,73211,Pontypool (2008),Horror|Thriller
9369,73266,Youth in Revolt (2009),Comedy|Drama|Romance
9370,73268,Daybreakers (2010),Action|Drama|Horror|Thriller
9371,73290,Hachiko: A Dog's Story (a.k.a. Hachi: A Dog's Tale) (2009),Drama
9372,73319,Leap Year (2010),Comedy|Romance
9373,73321,"Book of Eli, The (2010)",Action|Adventure|Drama
9374,73323,"Girl Who Kicked the Hornet's Nest, The (Luftslottet som sprängdes) (2009)",Action|Crime|Mystery
9375,73344,"Prophet, A (Un Prophète) (2009)",Crime|Drama
9376,73370,"Thorn Birds, The (1983)",Drama|Romance
9377,73392,Collapse (2009),Documentary
9378,73431,"Maiden Heist, The (2009)",Comedy|Crime
9379,73462,Ernest Goes to School (1994),Children|Comedy|Drama
9380,73488,Blood: The Last Vampire (2009),Action|Horror|Thriller
9381,73511,Horsemen (2009),Crime|Drama|Horror|Mystery|Thriller
9382,73572,"My Son, My Son, What Have Ye Done (2009)",Drama|Horror
9383,73587,Soul Kitchen (2009),Comedy
9384,73608,Heat (1972),Comedy|Drama|Romance
9385,73664,Dragon Hunters (Chasseurs de dragons) (2008),Adventure|Animation|Children
9386,73681,"Concert, Le (2009)",Comedy|Drama
9387,73713,"Butterfly, The (Papillon, Le) (2002)",Comedy|Drama
9388,73759,Hellsing Ultimate OVA Series (2006),Action|Animation|Horror
9389,73804,Asterix at the Olympic Games (Astérix aux jeux olympiques) (2008),Adventure|Children|Comedy|Fantasy
9390,73808,"Chaser, The (Chugyeogja) (2008)",Crime|Drama|Thriller
9391,73829,Mega Shark vs. Giant Octopus (2009),Action|Horror
9392,73854,"Rudolph, the Red-Nosed Reindeer (1964)",Adventure|Animation|Children|Fantasy|Musical
9393,73860,Nowhere Boy (2009),Drama
9394,73874,Blood and Bone (2009),Action|Drama
9395,73881,3 Idiots (2009),Comedy|Drama|Romance
9396,73929,Legion (2010),Action|Fantasy|Horror|Thriller
9397,74089,Peter Pan (1960),Children|Fantasy|Musical
9398,74111,Arn: The Kingdom at Road's End (Arn: Riket vid vägens slut) (2008),Action|Adventure|Drama|Romance|War
9399,74131,Extraordinary Measures (2010),Drama
9400,74152,Zach Galifianakis: Live at the Purple Onion (2006),Comedy|Documentary
9401,74154,When in Rome (2010),Comedy|Romance
9402,74156,Edge of Darkness (2010),Drama|Thriller
9403,74204,Mad Detective (Sun taam) (2007),Action|Crime|Thriller
9404,74228,Triangle (2009),Drama|Horror|Mystery|Thriller
9405,74275,I Love You Phillip Morris (2009),Comedy|Drama|Romance
9406,74282,Anne of Green Gables: The Sequel (a.k.a. Anne of Avonlea) (1987),Children|Drama|Romance
9407,74324,Temple Grandin (2010),Drama
9408,74327,"First Day of the Rest of Your Life, The (Le premier jour du reste de ta vie) (2008)",Comedy|Drama
9409,74370,"House of the Devil, The (2009)",Horror|Thriller
9410,74416,Fish Tank (2009),Drama
9411,74450,Valentine's Day (2010),Comedy|Romance
9412,74452,"Wolfman, The (2010)",Horror|Thriller
9413,74458,Shutter Island (2010),Drama|Mystery|Thriller
9414,74484,Bitch Slap (2009),Action|Comedy|Crime|Thriller
9415,74486,$9.99 (2008),Animation
9416,74488,Ondine (2009),Drama|Fantasy|Romance
9417,74504,Letters to Father Jacob (Postia pappi Jaakobille) (2009),Drama
9418,74508,Persuasion (2007),Drama|Romance
9419,74510,"Girl Who Played with Fire, The (Flickan som lekte med elden) (2009)",Action|Crime|Drama|Mystery|Thriller
9420,74530,Percy Jackson & the Olympians: The Lightning Thief (2010),Adventure|Fantasy
9421,74532,Cop Out (2010),Action|Comedy|Crime
9422,74541,Trailer Park Boys: Countdown to Liquor Day (2009),Comedy|Crime
9423,74545,"Ghost Writer, The (2010)",Drama|Mystery|Thriller
9424,74553,"Secret of Kells, The (2009)",Animation|Fantasy
9425,74573,"Vicious Kind, The (2009)",Comedy|Drama
9426,74580,"Spy Next Door, The (2010)",Action|Children|Comedy
9427,74624,Agora (2009),Adventure|Drama|Romance
9428,74668,District 13: Ultimatum (Banlieue 13 - Ultimatum) (2009),Action|Sci-Fi
9429,74677,"Yes Men Fix the World, The (2009)",Documentary
9430,74685,"Crazies, The (2010)",Action|Drama|Horror|Sci-Fi|Thriller
9431,74688,Dear John (2010),Drama|Romance|War
9432,74698,Tooth Fairy (2010),Comedy|Fantasy
9433,74727,Gentlemen of Fortune (Dzhentlmeny udachi) (1972),Comedy|Crime|Drama|Mystery
9434,74731,Eden Log (2007),Horror|Mystery|Sci-Fi|Thriller
9435,74740,Fermat's Room (La habitación de Fermat) (2007),Mystery|Thriller
9436,74750,[REC]² (2009),Horror|Thriller
9437,74754,"Room, The (2003)",Comedy|Drama|Romance
9438,74787,My Name is Khan (2010),Drama|Romance
9439,74789,Alice in Wonderland (2010),Adventure|Fantasy|IMAX
9440,74791,"Town Called Panic, A (Panique au village) (2009)",Animation
9441,74795,Green Zone (2010),Action|Drama|Thriller|War
9442,74851,From Paris with Love (2010),Action|Crime
9443,74864,Road Trip: Beer Pong (2009),Comedy
9444,74868,Dorian Gray (2009),Drama|Horror|Sci-Fi
9445,74916,Greenberg (2010),Comedy|Drama
9446,74944,Brooklyn's Finest (2010),Crime|Drama|Thriller
9447,74946,She's Out of My League (2010),Comedy
9448,74948,Harry Brown (2009),Crime|Drama|Thriller
9449,75341,Remember Me (2010),Drama|Romance
9450,75395,Frozen (2010),Drama|Horror|Thriller
9451,75425,Survival of the Dead (2009),Horror
9452,75440,Will Ferrell: You're Welcome America - A Final Night with George W Bush (2009),Comedy
9453,75805,"Bounty Hunter, The (2010)",Action|Comedy|Romance
9454,75813,Leaves of Grass (2009),Comedy|Crime|Drama|Thriller
9455,75983,North Face (Nordwand) (2008),Adventure|Drama
9456,75985,Repo Men (2010),Action|Sci-Fi|Thriller
9457,76030,Case 39 (2009),Horror|Thriller
9458,76054,Oceans (Océans) (2009),Documentary|Drama
9459,76060,"Slammin' Salmon, The (2009)",Comedy
9460,76077,Hot Tub Time Machine (2010),Comedy|Sci-Fi
9461,76079,Chloe (2009),Drama|Thriller
9462,76091,Mother (Madeo) (2009),Crime|Drama|Mystery|Thriller
9463,76093,How to Train Your Dragon (2010),Adventure|Animation|Children|Fantasy|IMAX
9464,76108,Tom and Jerry: The Movie (1992),Animation|Children|Comedy
9465,76111,About Elly (Darbareye Elly) (2009),Drama|Mystery
9466,76130,Universal Soldier: Regeneration (2009),Action|Drama|Sci-Fi|Thriller
9467,76173,Micmacs (Micmacs à tire-larigot) (2009),Comedy|Crime
9468,76175,Clash of the Titans (2010),Action|Adventure|Drama|Fantasy
9469,76210,Defendor (2009),Comedy|Crime|Drama
9470,76251,Kick-Ass (2010),Action|Comedy
9471,76272,Five Minutes of Heaven (2009),Crime|Drama|Thriller
9472,76293,Date Night (2010),Action|Comedy|Romance
9473,76301,"Emperor's New Groove 2: Kronk's New Groove, The (2005)",Animation|Children|Comedy
9474,76317,After.Life (2009),Drama|Horror|Thriller
9475,76738,Steam of Life (Miesten vuoro) (2010),Documentary
9476,76755,Peacock (2010),Thriller
9477,76763,"Runaways, The (2010)",Drama|Musical
9478,77154,Waking Sleeping Beauty (2009),Animation|Documentary
9479,77191,Death at a Funeral (2010),Comedy
9480,77201,Valhalla Rising (2009),Action|Drama|War
9481,77206,Diary of a Wimpy Kid (2010),Children|Comedy
9482,77233,"Union: The Business Behind Getting High, The (2007)",Comedy|Documentary
9483,77240,I Am Love (Io sono l'amore) (2009),Drama|Romance
9484,77293,"Silent Partner, The (1978)",Crime|Drama|Thriller
9485,77307,Dogtooth (Kynodontas) (2009),Drama
9486,77328,Red Riding: 1974 (2009),Crime|Drama|Mystery|Thriller
9487,77330,Red Riding: 1980 (2009),Crime|Drama|Mystery
9488,77359,Red Riding: 1983 (2009),Crime|Drama|Mystery
9489,77364,"Losers, The (2010)",Action|Adventure|Drama|Mystery|Thriller
9490,77414,"Last Song, The (2010)",Drama|Romance
9491,77421,Cyrus (2010),Comedy|Drama|Romance
9492,77427,"Human Centipede, The (First Sequence) (2009)",Horror
9493,77455,Exit Through the Gift Shop (2010),Comedy|Documentary
9494,77540,Solomon Kane (2009),Action|Adventure|Fantasy|Horror
9495,77561,Iron Man 2 (2010),Action|Adventure|Sci-Fi|Thriller|IMAX
9496,77596,Lebanon (2009),Drama|War
9497,77629,Reindeerspotting - Pako joulumaasta (2010),Documentary
9498,77658,Cosmos (1980),Documentary
9499,77667,MacGruber (2010),Action|Comedy
9500,77795,Cargo (2009),Sci-Fi
9501,77798,"Nightmare on Elm Street, A (2010)",Fantasy|Horror|Thriller
9502,77800,Four Lions (2010),Comedy|Drama
9503,77833,Armadillo (2010),Documentary|Drama
9504,77837,You Don't Know Jack (2010),Drama
9505,77843,"Disappearance of Alice Creed, The (2009)",Thriller
9506,77846,12 Angry Men (1997),Crime|Drama
9507,77854,"Work of Director Michel Gondry, The (2003)",Comedy|Documentary
9508,77866,Robin Hood (2010),Action|Adventure|Drama|Romance|War
9509,78034,Cemetery Junction (2010),Comedy|Drama|Romance
9510,78039,Blue Valentine (2010),Drama|Romance
9511,78041,Killers (2010),Action|Comedy
9512,78088,Buried (2010),Mystery|Thriller
9513,78105,Prince of Persia: The Sands of Time (2010),Action|Adventure|Fantasy|Romance|IMAX
9514,78116,Please Give (2010),Comedy|Drama
9515,78160,Ricky Gervais Live: Animals (2003),Comedy
9516,78162,Ricky Gervais Live 2: Politics (2004),Comedy
9517,78174,Sex and the City 2 (2010),Comedy|Drama|Romance
9518,78209,Get Him to the Greek (2010),Comedy
9519,78218,Unthinkable (2010),Drama|Thriller
9520,78264,"Back-up Plan, The (2010)",Comedy|Romance
9521,78266,Splice (2009),Horror|Sci-Fi|Thriller
9522,78316,Letters to Juliet (2010),Drama|Romance
9523,78319,"Descent: Part 2, The (2009)",Adventure|Horror|Thriller
9524,78321,"41-Year-Old Virgin Who Knocked Up Sarah Marshall and Felt Superbad About It, The (2010)",Comedy
9525,78349,Exam (2009),Mystery|Thriller
9526,78467,Jonah Hex (2010),Action|Drama|Thriller|Western
9527,78469,"A-Team, The (2010)",Action|Comedy|Thriller
9528,78499,Toy Story 3 (2010),Adventure|Animation|Children|Comedy|Fantasy|IMAX
9529,78517,Joan Rivers: A Piece of Work (2010),Documentary
9530,78544,Ricky Gervais Live 3: Fame (2007),Comedy
9531,78574,Winter's Bone (2010),Drama|Thriller
9532,78637,Shrek Forever After (a.k.a. Shrek: The Final Chapter) (2010),Adventure|Animation|Children|Comedy|Fantasy|IMAX
9533,78679,"Killer Inside Me, The (2010)",Crime|Drama|Thriller|Western
9534,78703,TiMER (2009),Comedy|Drama|Fantasy|Romance
9535,78729,24: Redemption (2008),Action|Adventure|Crime|Drama|Thriller
9536,78746,Best Worst Movie (2009),Documentary
9537,78759,"Special Relationship, The (2010)",Drama
9538,78772,"Twilight Saga: Eclipse, The (2010)",Fantasy|Romance|Thriller|IMAX
9539,78774,Solitary Man (2009),Comedy|Drama
9540,78836,Enter the Void (2009),Drama
9541,78893,"Last Airbender, The (2010)",Action|Adventure|Fantasy
9542,78967,"Island of Dr. Moreau, The (1977)",Adventure|Fantasy|Horror|Romance|Sci-Fi|Thriller
9543,79006,Empire of Dreams: The Story of the 'Star Wars' Trilogy (2004),Documentary
9544,79008,South Park: Imaginationland (2008),Animation|Comedy|Fantasy
9545,79057,Predators (2010),Action|Sci-Fi|Thriller
9546,79073,When You're Strange (2009),Documentary
9547,79091,Despicable Me (2010),Animation|Children|Comedy|Crime
9548,79132,Inception (2010),Action|Crime|Drama|Mystery|Sci-Fi|Thriller|IMAX
9549,79134,Grown Ups (2010),Comedy
9550,79139,"Sorcerer's Apprentice, The (2010)",Action|Adventure|Children|Comedy|Fantasy
9551,79185,Knight and Day (2010),Action|Comedy|Thriller
9552,79224,"Karate Kid, The (2010)",Action|Children|Drama
9553,79242,"Kids Are All Right, The (2010)",Comedy|Drama
9554,79251,"Serbian Film, A (Srpski film) (2010)",Horror|Thriller
9555,79274,Batman: Under the Red Hood (2010),Action|Animation
9556,79287,"Wizard of Oz, The (1925)",Adventure|Children|Comedy|Fantasy
9557,79293,Salt (2010),Action|Thriller
9558,79299,"No. 1 Ladies' Detective Agency, The (2008)",Comedy|Crime|Mystery
9559,79318,Winnebago Man (2009),Comedy|Documentary
9560,79357,Mr. Nobody (2009),Drama|Fantasy|Romance|Sci-Fi
9561,79428,Dinner for Schmucks (2010),Comedy
9562,79463,Nanny McPhee Returns (a.k.a. Nanny McPhee and the Big Bang) (2010),Children|Comedy|Fantasy
9563,79533,"Bugs Bunny / Road Runner Movie, The (a.k.a. The Great American Chase) (1979)",Animation|Children|Comedy
9564,79536,Hellsinki (Rööperi) (2009),Crime
9565,79553,Ip Man 2 (2010),Action
9566,79572,Ramona and Beezus (2010),Children|Comedy
9567,79588,Charlie St. Cloud (2010),Drama|Fantasy|Romance
9568,79590,"Rebound, The (2009)",Comedy|Romance
9569,79592,"Other Guys, The (2010)",Action|Comedy
9570,79599,Operation Endgame (2010),Action|Comedy|Drama
9571,79684,Paper Man (2009),Comedy|Drama
9572,79695,"Expendables, The (2010)",Action|Adventure|Thriller
9573,79702,Scott Pilgrim vs. the World (2010),Action|Comedy|Fantasy|Musical|Romance
9574,79720,Animal Kingdom (2010),Crime|Drama
9575,79760,Facing Ali (2009),Documentary
9576,79796,Centurion (2010),Action|Adventure|Drama|Thriller|War
9577,79798,I Killed My Mother (J'ai tué ma mère) (2009),Drama
9578,79800,Life During Wartime (2009),Comedy|Drama
9579,79824,Babies (Bébé(s)) (2010),Documentary
9580,79860,"Experiment, The (2010)",Drama|Thriller
9581,79863,Black Water (2007),Adventure|Drama|Horror|Thriller
9582,79879,Piranha (Piranha 3D) (2010),Action|Horror|Thriller
9583,79897,Get Low (2009),Comedy|Drama|Mystery
9584,79946,"Joneses, The (2009)",Comedy|Drama
9585,79987,Gainsbourg (Vie Héroïque) (2010),Drama|Musical|Romance
9586,80026,Tekken (2010),Action|Sci-Fi
9587,80094,"Last Exorcism, The (2010)",Horror|Thriller
9588,80126,"American, The (2010)",Drama|Thriller
9589,80139,Jackass 2.5 (2007),Comedy|Documentary
9590,80166,"Switch, The (2010)",Comedy|Romance
9591,80185,GasLand (2010),Documentary
9592,80219,Machete (2010),Action|Adventure|Comedy|Crime|Thriller
9593,80222,Step Up 3D (2010),Drama|Romance
9594,80241,Going the Distance (2010),Comedy|Romance
9595,80350,Vampires Suck (2010),Comedy
9596,80363,Resident Evil: Afterlife (2010),Action|Horror|Sci-Fi|Thriller|IMAX
9597,80398,22 Bullets (L'immortel) (2010),Action|Crime|Thriller
9598,80463,"Social Network, The (2010)",Drama
9599,80469,Superman/Batman: Apocalypse (2010),Animation
9600,80489,"Town, The (2010)",Crime|Drama|Thriller
9601,80549,Easy A (2010),Comedy|Romance
9602,80551,Eat Pray Love (2010),Drama|Romance
9603,80553,Howl (2010),Drama
9604,80572,I'm Still Here (2010),Comedy|Drama
9605,80586,Flipped (2010),Comedy|Drama|Romance
9606,80590,Wall Street: Money Never Sleeps (2010),Drama
9607,80615,Legend of the Guardians: The Owls of Ga'Hoole (2010),Adventure|Animation|Fantasy|IMAX
9608,80617,Cats & Dogs: The Revenge of Kitty Galore (2010),Action|Children|Comedy
9609,80693,It's Kind of a Funny Story (2010),Comedy|Drama
9610,80727,Middle Men (2010),Comedy|Crime|Drama
9611,80748,Alice in Wonderland (1933),Adventure|Children|Fantasy
9612,80775,Tamara Drewe (2010),Comedy|Drama|Romance
9613,80831,Let Me In (2010),Drama|Horror|Mystery
9614,80839,Secretariat (2010),Adventure|Drama
9615,80846,Devil (2010),Horror|Mystery|Thriller
9616,80858,You Again (2010),Comedy
9617,80860,Life as We Know It (2010),Comedy|Romance
9618,80862,Catfish (2010),Documentary|Mystery
9619,80864,You Will Meet a Tall Dark Stranger (2010),Comedy|Romance
9620,80880,Stone (2010),Drama|Thriller
9621,80906,Inside Job (2010),Documentary
9622,80917,Monsters (2010),Drama|Sci-Fi
9623,80928,David Cross: Bigger & Blackerer (2010),Comedy|Documentary
9624,80939,Conviction (2010),Drama
9625,80969,Never Let Me Go (2010),Drama|Romance|Sci-Fi
9626,81018,"Illusionist, The (L'illusionniste) (2010)",Animation
9627,81083,Kaboom (2010),Comedy|Sci-Fi
9628,81132,Rubber (2010),Action|Adventure|Comedy|Crime|Drama|Film-Noir|Horror|Mystery|Thriller|Western
9629,81156,Jackass 3D (2010),Action|Comedy|Documentary
9630,81158,Restrepo (2010),Documentary|War
9631,81164,"Hole, The (2009)",Horror|Thriller
9632,81180,30 Days of Night: Dark Days (2010),Horror|Thriller
9633,81191,Waiting for Superman (2010),Documentary
9634,81229,Red (2010),Action|Comedy
9635,81257,In a Better World (Hævnen) (2010),Drama
9636,81383,Heartbreaker (L'Arnacoeur) (2010),Comedy|Romance
9637,81385,Of Gods and Men (Des hommes et des dieux) (2010),Drama
9638,81417,Paranormal Activity 2 (2010),Horror|IMAX
9639,81456,Heartbeats (Les amours imaginaires) (2010),Drama|Romance
9640,81512,Hereafter (2010),Drama|Fantasy
9641,81516,Black Death (2010),Adventure|Drama|Horror|Mystery
9642,81535,Saw VII 3D - The Final Chapter (2010),Horror|Mystery|Thriller
9643,81537,Due Date (2010),Comedy
9644,81562,127 Hours (2010),Adventure|Drama|Thriller
9645,81564,Megamind (2010),Action|Animation|Children|Comedy|Sci-Fi|IMAX
9646,81591,Black Swan (2010),Drama|Thriller
9647,81639,Jack Goes Boating (2010),Comedy|Romance
9648,81641,Fair Game (2010),Drama|Thriller
9649,81731,"Pillars of the Earth, The (2010)",Drama|Romance|Thriller
9650,81751,Uncle Boonmee Who Can Recall His Past Lives (Loong Boonmee raleuk chat) (2010),Drama|Fantasy
9651,81782,Unstoppable (2010),Action|Drama|Thriller
9652,81784,Morning Glory (2010),Comedy|Drama|Romance
9653,81786,Certified Copy (Copie conforme) (2010),Drama
9654,81788,"Next Three Days, The (2010)",Crime|Drama|Romance|Thriller
9655,81791,Somewhere (2010),Drama
9656,81804,Wild Target (2010),Comedy|Drama|Romance|Thriller
9657,81817,Carlos (2010),Crime|Drama|Thriller
9658,81819,Biutiful (2010),Drama
9659,81834,Harry Potter and the Deathly Hallows: Part 1 (2010),Action|Adventure|Fantasy|IMAX
9660,81845,"King's Speech, The (2010)",Drama
9661,81847,Tangled (2010),Animation|Children|Comedy|Fantasy|Musical|Romance|IMAX
9662,81910,"Art of the Steal, The (2009)",Documentary
9663,81932,"Fighter, The (2010)",Drama
9664,81949,"Romantics, The (2010)",Comedy|Drama|Romance
9665,82037,"Tillman Story, The (2010)",Documentary
9666,82041,"Loved Ones, The (2009)",Horror
9667,82053,Casino Jack (2010),Comedy|Crime
9668,82093,London Boulevard (2010),Crime|Romance
9669,82095,Skyline (2010),Sci-Fi|Thriller
9670,82143,Alone in the Wilderness (2004),Documentary
9671,82150,Bunny and the Bull (2009),Adventure|Comedy|Drama
9672,82152,Beastly (2011),Drama|Fantasy|Romance
9673,82167,Love and Other Drugs (2010),Comedy|Drama|Romance
9674,82169,"Chronicles of Narnia: The Voyage of the Dawn Treader, The (2010)",Adventure|Children|Fantasy
9675,82173,Tiny Furniture (2010),Comedy
9676,82202,"Tourist, The (2010)",Drama|Thriller
9677,82242,Rare Exports: A Christmas Tale (Rare Exports) (2010),Action|Comedy
9678,82244,13 (2010),Thriller
9679,82378,All Good Things (2010),Drama|Mystery|Thriller
9680,82447,"Tomorrow, When the War Began (2010)",Action|Adventure|Drama
9681,82459,True Grit (2010),Western
9682,82461,Tron: Legacy (2010),Action|Adventure|Sci-Fi|IMAX
9683,82463,Another Year (2010),Drama
9684,82499,How Do You Know (2010),Comedy|Drama|Romance
9685,82527,Barney's Version (2010),Drama
9686,82534,"Company Men, The (2010)",Drama
9687,82589,Mother and Child (2009),Drama
9688,82667,I Saw the Devil (Akmareul boatda) (2010),Crime|Thriller
9689,82744,Faster (2010),Action|Crime|Drama
9690,82767,Rabbit Hole (2010),Drama
9691,82852,Little Fockers (2010),Comedy
9692,82854,Gulliver's Travels (2010),Adventure|Comedy|Fantasy
9693,83086,Burlesque (2010),Drama|Musical|Romance
9694,83132,"Secret World of Arrietty, The (Kari-gurashi no Arietti) (2010)",Animation|Children|Fantasy
9695,83134,Tucker & Dale vs Evil (2010),Comedy|Horror
9696,83177,Yogi Bear (2010),Children|Comedy
9697,83219,"Pixar Story, The (2007)",Documentary
9698,83270,Made in Dagenham (2010),Comedy|Drama
9699,83293,Waste Land (2010),Documentary
9700,83302,Last Night (2010),Drama|Romance
9701,83349,"Green Hornet, The (2011)",Action|Comedy|Crime|Fantasy|Thriller|IMAX
9702,83369,"Way Back, The (2010)",Drama
9703,83374,"Warrior's Way, The (2010)",Action|Fantasy|Western
9704,83480,Season of the Witch (2011),Adventure|Drama|Fantasy
9705,83506,Ricky Gervais Live 4: Science (2010),Comedy
9706,83613,Cowboys & Aliens (2011),Action|Sci-Fi|Thriller|Western|IMAX
9707,83798,Cracks (2009),Drama|Romance|Thriller
9708,83803,Day & Night (2010),Animation|Children
9709,83827,Marwencol (2010),Documentary
9710,83910,"Dilemma, The (2011)",Comedy|Drama
9711,83976,"Trip, The (2010)",Comedy|Drama
9712,84116,Poetry (Shi) (2010),Drama
9713,84152,Limitless (2011),Sci-Fi|Thriller
9714,84156,Happy People: A Year in the Taiga (2010),Documentary
9715,84187,Evangelion: 2.0 You Can (Not) Advance (Evangerion shin gekijôban: Ha) (2009),Action|Animation|Drama|Sci-Fi
9716,84189,I Spit on Your Grave (2010),Crime|Horror|Thriller
9717,84240,Even the Rain (También la lluvia) (2010),Drama
9718,84242,Welcome to the Rileys (2010),Drama
9719,84273,Zeitgeist: Moving Forward (2011),Documentary
9720,84312,Home Alone 4 (2002),Children|Comedy|Crime
9721,84374,No Strings Attached (2011),Comedy|Romance
9722,84392,"Lincoln Lawyer, The (2011)",Crime|Drama|Thriller
9723,84395,"Rite, The (2011)",Drama|Horror|Thriller
9724,84414,All-Star Superman (2011),Action|Adventure|Animation|Sci-Fi
9725,84570,Country Strong (2010),Drama|Musical|Romance
9726,84601,Unknown (2011),Drama|Mystery|Thriller
9727,84613,Sanctum (2011),Action|Adventure|Drama|Thriller|IMAX
9728,84615,Cedar Rapids (2011),Comedy
9729,84637,Gnomeo & Juliet (2011),Adventure|Animation|Children|Comedy|Fantasy|Romance
9730,84663,Elizabeth I (2005),Drama
9731,84696,Burke and Hare (2010),Comedy|Thriller
9732,84716,Castaway on the Moon (Kimssi pyoryugi) (2009),Comedy|Drama|Romance
9733,84732,Vanishing on 7th Street (2010),Horror|Mystery|Thriller
9734,84772,Paul (2011),Adventure|Comedy|Sci-Fi
9735,84775,Submarino (2010),Drama
9736,84847,Emma (2009),Comedy|Drama|Romance
9737,84942,Drive Angry (2011),Action|Fantasy|Thriller
9738,84944,Rango (2011),Action|Adventure|Animation|Children|Comedy|Western
9739,84950,Take Me Home Tonight (2011),Comedy|Drama
9740,84952,Confessions (Kokuhaku) (2010),Drama|Horror
9741,84954,"Adjustment Bureau, The (2011)",Romance|Sci-Fi|Thriller
9742,84980,Lapland Odyssey (Napapiirin sankarit) (2010),Comedy|Drama|Romance
9743,85007,Happythankyoumoreplease (2010),Comedy|Drama
9744,85020,"Mechanic, The (2011)",Action|Drama|Thriller
9745,85022,Hall Pass (2011),Comedy
9746,85025,"Eagle, The (2011)",Adventure|Drama
9747,85056,I Am Number Four (2011),Action|Sci-Fi|Thriller|IMAX
9748,85131,Battle: Los Angeles (2011),Action|Sci-Fi|War
9749,85179,Summer Wars (Samâ wôzu) (2009),Adventure|Animation|Comedy|Sci-Fi
9750,85211,Norwegian Wood (Noruwei no mori) (2010),Drama|Romance
9751,85213,"Sunset Limited, The (2011)",Drama
9752,85259,Winnie the Pooh and the Honey Tree (1966),Animation|Children
9753,85261,Mars Needs Moms (2011),Action|Adventure|Animation|Children|Comedy|Sci-Fi|IMAX
9754,85316,Winnie the Pooh and Tigger Too (1974),Animation|Children
9755,85342,Elite Squad: The Enemy Within (Tropa de Elite 2 - O Inimigo Agora É Outro) (2010),Action|Crime|Drama
9756,85354,Mesrine: Public Enemy #1 (L'ennemi public n°1) (2008),Action|Crime
9757,85367,Just Go with It (2011),Comedy|Romance
9758,85372,Potiche (2010),Comedy
9759,85394,Cave of Forgotten Dreams (2010),Documentary
9760,85397,Red Riding Hood (2011),Fantasy|Horror|Mystery|Thriller
9761,85401,Super (2010),Action|Comedy|Drama
9762,85412,"Troll Hunter, The (Trolljegeren) (2010)",Fantasy|Horror
9763,85414,Source Code (2011),Action|Drama|Mystery|Sci-Fi|Thriller
9764,85438,Jane Eyre (2011),Drama|Romance
9765,85510,Sucker Punch (2011),Action|Fantasy|Thriller|IMAX
9766,85736,BURN-E (2008),Adventure|Animation|Children|Sci-Fi
9767,85774,Senna (2010),Documentary
9768,85777,Death Note 2: The Last Name (2006),Adventure|Crime|Drama
9769,85780,Family Guy Presents: It's a Trap (2010),Animation|Comedy|Sci-Fi
9770,85788,Insidious (2010),Fantasy|Horror|Thriller
9771,85790,Meek's Cutoff (2010),Western
9772,85796,Hobo with a Shotgun (2011),Action|Adventure|Crime|Thriller
9773,85881,Win Win (2011),Comedy|Drama
9774,86000,Boy (2010),Comedy|Drama
9775,86014,Diary of a Wimpy Kid: Rodrick Rules (2011),Comedy
9776,86059,Hop (2011),Animation|Children|Comedy
9777,86142,13 Assassins (Jûsan-nin no shikaku) (2010),Action
9778,86190,Hanna (2011),Action|Adventure|Mystery|Thriller
9779,86290,American: The Bill Hicks Story (2009),Comedy|Documentary
9780,86293,Arthur (2011),Comedy
9781,86295,Scream 4 (2011),Comedy|Horror|Mystery|Thriller
9782,86298,Rio (2011),Adventure|Animation|Children|Comedy
9783,86320,Melancholia (2011),Drama|Sci-Fi
9784,86332,Thor (2011),Action|Adventure|Drama|Fantasy|IMAX
9785,86345,Louis C.K.: Hilarious (2010),Comedy
9786,86347,Louis C.K.: Chewed Up (2008),Comedy
9787,86355,Atlas Shrugged: Part 1 (2011),Drama|Mystery|Sci-Fi
9788,86377,Louis C.K.: Shameless (2007),Comedy
9789,86487,Mildred Pierce (2011),Drama
9790,86548,Water for Elephants (2011),Drama|Romance
9791,86628,Kill the Irishman (2011),Action|Crime
9792,86644,"Fast Five (Fast and the Furious 5, The) (2011)",Action|Crime|Drama|Thriller|IMAX
9793,86781,Incendies (2010),Drama|Mystery|War
9794,86815,Soul Surfer (2011),Action|Drama
9795,86817,Something Borrowed (2011),Comedy|Drama|Romance
9796,86833,Bridesmaids (2011),Comedy
9797,86835,Priest (2011),Action|Horror|Sci-Fi|Thriller
9798,86852,"Beaver, The (2011)",Drama
9799,86880,Pirates of the Caribbean: On Stranger Tides (2011),Action|Adventure|Fantasy|IMAX
9800,86882,Midnight in Paris (2011),Comedy|Fantasy|Romance
9801,86884,"Kid With a Bike, The (Le gamin au vélo) (2011)",Drama
9802,86892,"Man from Nowhere, The (Ajeossi) (2010)",Action|Crime|Thriller
9803,86898,"Tree of Life, The (2011)",Drama
9804,86911,"Hangover Part II, The (2011)",Comedy
9805,87004,Pina (2011),Documentary|Musical
9806,87028,"Roommate, The (2011)",Drama|Thriller
9807,87079,Trust (2010),Drama|Thriller
9808,87192,Attack the Block (2011),Action|Comedy|Sci-Fi
9809,87194,"Way, The (2010)",Drama
9810,87222,Kung Fu Panda 2 (2011),Action|Adventure|Animation|Children|Comedy|IMAX
9811,87232,X-Men: First Class (2011),Action|Adventure|Sci-Fi|Thriller|War
9812,87234,Submarine (2010),Comedy|Drama|Romance
9813,87270,"Other Woman, The (2009)",Drama
9814,87298,Everything Must Go (2010),Comedy|Drama
9815,87304,Beginners (2010),Drama
9816,87306,Super 8 (2011),Mystery|Sci-Fi|Thriller|IMAX
9817,87308,Jane Eyre (2006),Drama|Romance
9818,87430,Green Lantern (2011),Action|Adventure|Sci-Fi
9819,87483,Mr. Popper's Penguins (2011),Comedy
9820,87485,Bad Teacher (2011),Comedy
9821,87520,Transformers: Dark of the Moon (2011),Action|Adventure|Sci-Fi|War|IMAX
9822,87522,Larry Crowne (2011),Comedy|Drama|Romance
9823,87529,Your Highness (2011),Action|Adventure|Comedy|Fantasy
9824,87660,Too Big to Fail (2011),Drama
9825,87785,Takers (2010),Action|Crime|Thriller
9826,87867,Zookeeper (2011),Comedy
9827,87869,Horrible Bosses (2011),Comedy|Crime
9828,87876,Cars 2 (2011),Adventure|Animation|Children|Comedy|IMAX
9829,87921,"Ward, The (2010)",Horror|Thriller
9830,87930,Page One: Inside the New York Times (2011),Documentary
9831,88108,Monte Carlo (2011),Adventure|Comedy|Romance
9832,88118,"Perfect Host, The (2010)",Crime|Drama|Thriller
9833,88125,Harry Potter and the Deathly Hallows: Part 2 (2011),Action|Adventure|Drama|Fantasy|Mystery|IMAX
9834,88127,Conan O'Brien Can't Stop (2011),Documentary
9835,88129,Drive (2011),Crime|Drama|Film-Noir|Thriller
9836,88140,Captain America: The First Avenger (2011),Action|Adventure|Sci-Fi|Thriller|War
9837,88163,"Crazy, Stupid, Love. (2011)",Comedy|Drama|Romance
9838,88179,One Day (2011),Drama|Romance
9839,88235,"Guard, The (2011)",Comedy|Crime
9840,88267,Winnie the Pooh (2011),Animation|Children|Comedy
9841,88345,Mike's New Car (2002),Animation|Comedy
9842,88356,"Smurfs, The (2011)",Animation|Children|Comedy
9843,88405,Friends with Benefits (2011),Comedy|Romance
9844,88515,Blitz (2011),Action|Crime|Thriller
9845,88672,Our Idiot Brother (2011),Comedy
9846,88699,Death Race 2 (2010),Action|Sci-Fi|Thriller
9847,88744,Rise of the Planet of the Apes (2011),Action|Drama|Sci-Fi|Thriller
9848,88746,Terri (2011),Comedy
9849,88785,"Change-Up, The (2011)",Comedy
9850,88810,"Help, The (2011)",Drama
9851,88812,30 Minutes or Less (2011),Action|Comedy|Crime
9852,88932,Final Destination 5 (2011),Horror|Thriller|IMAX
9853,88950,"Conspirator, The (2010)",Drama
9854,88954,"Very Harold & Kumar 3D Christmas, A (2011)",Comedy
9855,89002,Spy Kids: All the Time in the World in 4D (2011),Action|Adventure|Children|Comedy|Sci-Fi
9856,89028,Don't Be Afraid of the Dark (2010),Horror|Thriller
9857,89030,Fright Night (2011),Comedy|Horror
9858,89039,Another Earth (2011),Drama|Romance|Sci-Fi
9859,89045,Rocky VI (1986),Comedy
9860,89047,Hesher (2010),Drama
9861,89072,Stake Land (2010),Horror
9862,89074,"Greatest Movie Ever Sold, The (POM Wonderful Presents: The Greatest Movie Ever Sold) (2011)",Documentary
9863,89085,"Debt, The (2011)",Drama|Thriller
9864,89087,Colombiana (2011),Action|Adventure|Drama|Thriller
9865,89090,Bill Cunningham New York (2011),Documentary
9866,89102,Freakonomics (2010),Documentary
9867,89118,"Skin I Live In, The (La piel que habito) (2011)",Drama
9868,89190,Conan the Barbarian (2011),Action|Adventure|Fantasy
9869,89260,Project Nim (2011),Documentary
9870,89305,"Inbetweeners Movie, The (2011)",Adventure|Comedy
9871,89321,"Future, The (2011)",Drama
9872,89337,"Interrupters, The (2011)",Documentary
9873,89343,Red State (2011),Horror|Thriller
9874,89369,"Better Life, A (2011)",Drama
9875,89388,I Don't Know How She Does It (2011),Comedy
9876,89470,Contagion (2011),Sci-Fi|Thriller|IMAX
9877,89480,Sleeping Beauty (2011),Drama
9878,89490,Straw Dogs (2011),Thriller
9879,89492,Moneyball (2011),Drama
9880,89535,"Havre, Le (2011)",Comedy|Drama
9881,89629,Point Blank (À bout portant) (2010),Action|Crime|Thriller
9882,89650,Ironclad (2011),Action|Adventure
9883,89678,Northanger Abbey (2007),Drama|Romance
9884,89745,"Avengers, The (2012)",Action|Adventure|Sci-Fi|IMAX
9885,89753,Tinker Tailor Soldier Spy (2011),Drama|Film-Noir|Thriller
9886,89759,"Separation, A (Jodaeiye Nader az Simin) (2011)",Drama
9887,89761,"Dangerous Method, A (2011)",Drama|Thriller
9888,89774,Warrior (2011),Drama
9889,89780,Sherlock Holmes (2010),Mystery|Sci-Fi
9890,89804,"Ides of March, The (2011)",Drama
9891,89837,Kill List (2011),Horror|Mystery|Thriller
9892,89840,Killer Elite (2011),Action|Thriller
9893,89846,Bobby Fischer Against the World (2011),Documentary
9894,89862,Bellflower (2011),Action|Drama|Romance
9895,89864,50/50 (2011),Comedy|Drama
9896,89900,Once Upon a Time in Anatolia (Bir zamanlar Anadolu'da) (2011),Drama
9897,89904,"Artist, The (2011)",Drama|Romance
9898,90057,Take Shelter (2011),Drama
9899,90249,Real Steel (2011),Action|Drama|Sci-Fi|IMAX
9900,90266,Buck (2011),Documentary
9901,90343,Footloose (2011),Comedy|Drama|Musical
9902,90345,"Thing, The (2011)",Horror|Mystery|Sci-Fi|Thriller
9903,90357,Tyrannosaur (2011),Drama
9904,90374,Martha Marcy May Marlene (2011),Drama|Thriller
9905,90376,We Need to Talk About Kevin (2011),Drama|Thriller
9906,90378,Tabloid (2010),Documentary
9907,90403,"Three Musketeers, The (2011)",Action|Adventure
9908,90405,In Time (2011),Crime|Sci-Fi|Thriller
9909,90428,Margaret (2011),Drama
9910,90430,Carnage (2011),Comedy|Drama
9911,90439,Margin Call (2011),Drama|Thriller
9912,90469,Paranormal Activity 3 (2011),Horror
9913,90471,Puncture (2011),Drama
9914,90522,Johnny English Reborn (2011),Adventure|Comedy|Thriller
9915,90524,Abduction (2011),Action|Drama|Mystery|Thriller
9916,90528,This Must Be the Place (2011),Crime|Drama|Thriller
9917,90531,Shame (2011),Drama
9918,90576,What's Your Number? (2011),Comedy|Romance
9919,90578,Dream House (2011),Drama|Mystery|Thriller
9920,90600,Headhunters (Hodejegerne) (2011),Action|Crime|Thriller
9921,90603,Batman: Year One (2011),Action|Animation|Crime
9922,90620,Mulan (2009),Action|Adventure|Drama|Romance
9923,90624,Machine Gun Preacher (2011),Action|Crime
9924,90645,Anonymous (2011),Drama
9925,90647,Puss in Boots (2011),Adventure|Animation|Comedy|Fantasy|IMAX
9926,90717,Tower Heist (2011),Action|Comedy|Crime
9927,90719,J. Edgar (2011),Drama
9928,90738,"Double, The (2011)",Action|Crime|Drama|Mystery|Thriller
9929,90746,"Adventures of Tintin, The (2011)",Action|Animation|Mystery|IMAX
9930,90809,Tomboy (2011),Drama
9931,90863,George Harrison: Living in the Material World (2011),Documentary
9932,90866,Hugo (2011),Children|Drama|Mystery
9933,90870,Trespass (2011),Crime|Drama|Thriller
9934,90888,Immortals (2011),Action|Drama|Fantasy
9935,90890,Jack and Jill (2011),Comedy
9936,90914,"Devil's Double, The (2011)",Action|Drama
9937,90933,"Deep Blue Sea, The (2011)",Drama|Romance
9938,90943,Into the Abyss (2011),Documentary
9939,90947,"Oslo, August 31st (Oslo, 31. august) (2011)",Drama
9940,91077,"Descendants, The (2011)",Comedy|Drama
9941,91079,Like Crazy (2011),Drama|Romance
9942,91094,"Muppets, The (2011)",Children|Comedy|Musical
9943,91104,"Twilight Saga: Breaking Dawn - Part 1, The (2011)",Adventure|Drama|Fantasy|Romance
9944,91126,War Horse (2011),Drama|War
9945,91128,"Rum Diary, The (2011)",Comedy|Drama|Thriller
9946,91134,My Week with Marilyn (2011),Drama
9947,91199,Weekend (2011),Drama|Romance
9948,91233,Lifted (2006),Animation|Comedy|Sci-Fi
9949,91290,Sarah's Key (Elle s'appelait Sarah) (2010),Drama
9950,91323,"Sitter, The (2011)",Comedy
9951,91325,Extremely Loud and Incredibly Close (2011),Drama
9952,91371,Rampart (2011),Action|Crime|Drama|Thriller
9953,91386,Happy Feet Two (2011),Animation|Children|Comedy|IMAX
9954,91414,Arthur Christmas (2011),Animation|Children|Comedy|Drama
9955,91485,"Expendables 2, The (2012)",Action|Adventure
9956,91488,"Snowman, The (1982)",Animation|Children|Musical
9957,91500,"Hunger Games, The (2012)",Action|Adventure|Drama|Sci-Fi|Thriller
9958,91529,"Dark Knight Rises, The (2012)",Action|Adventure|Crime|IMAX
9959,91535,"Bourne Legacy, The (2012)",Action|Adventure|Drama|Thriller|IMAX
9960,91542,Sherlock Holmes: A Game of Shadows (2011),Action|Adventure|Comedy|Crime|Mystery|Thriller
9961,91548,Life in a Day (2011),Documentary|Drama
9962,91571,Coriolanus (2011),Drama|Thriller
9963,91622,Young Adult (2011),Comedy|Drama
9964,91628,New Year's Eve (2011),Comedy|Romance
9965,91630,Mission: Impossible - Ghost Protocol (2011),Action|Adventure|Thriller|IMAX
9966,91653,We Bought a Zoo (2011),Comedy|Drama
9967,91658,"Girl with the Dragon Tattoo, The (2011)",Drama|Thriller
9968,91660,"Darkest Hour, The (2011)",Action|Horror|Sci-Fi|Thriller
9969,91671,Alvin and the Chipmunks: Chipwrecked (2011),Animation|Comedy
9970,91673,Albert Nobbs (2011),Drama
9971,91690,Friends with Kids (2011),Comedy
9972,91752,Pokemon: The Movie 2000 (2000),Adventure|Animation|Children|Fantasy
9973,91831,"Devil Inside, The (2012)",Horror|Thriller
9974,91842,Contraband (2012),Action|Crime|Drama|Thriller
9975,91869,Being Elmo: A Puppeteer's Journey (2011),Documentary
9976,91886,Dolphin Tale (2011),Children|Drama
9977,91890,"Iron Lady, The (2011)",Drama
9978,91972,"Divide, The (2011)",Thriller
9979,91974,Underworld: Awakening (2012),Action|Fantasy|Horror|IMAX
9980,91976,"Grey, The (2012)",Action|Drama
9981,91978,Man on a Ledge (2012),Crime|Thriller
9982,92008,Haywire (2011),Action|Thriller
9983,92048,"Whistleblower, The (2010)",Drama|Thriller
9984,92058,"Human Centipede II (Full Sequence), The (2011)",Horror
9985,92192,Apollo 18 (2011),Horror|Sci-Fi|Thriller
9986,92198,Seeking Justice (2011),Action|Drama|Thriller
9987,92214,"Poseidon Adventure, The (2005) ",Action|Adventure|Drama
9988,92234,Red Tails (2012),Action|Adventure|Drama|War
9989,92243,"Flowers of War, The (Jin líng shí san chai) (2011)",Drama|War
9990,92259,Intouchables (2011),Comedy|Drama
9991,92264,One for the Money (2012),Action|Comedy|Crime
9992,92309,"Innkeepers, The (2011)",Horror|Thriller
9993,92391,Grave Encounters (2011),Horror
9994,92420,Chronicle (2012),Action|Sci-Fi|Thriller
9995,92422,"Woman in Black, The (2012)",Drama|Horror|Thriller
9996,92439,"Art of Getting By, The (2011)",Drama|Romance
9997,92475,All Watched Over by Machines of Loving Grace (2011),Documentary
9998,92494,Dylan Moran: Monster (2004),Comedy|Documentary
9999,92507,Safe House (2012),Action|Crime|Mystery|Thriller
10000,92509,"Vow, The (2012)",Drama|Romance
10001,92535,Louis C.K.: Live at the Beacon Theater (2011),Comedy
10002,92643,Monsieur Lazhar (2011),Children|Comedy|Drama
10003,92681,Journey 2: The Mysterious Island (2012),Action|Adventure|Comedy|Sci-Fi|IMAX
10004,92694,Perfect Sense (2011),Drama|Romance|Sci-Fi
10005,92920,"Hunter, The (2011)",Drama
10006,92938,Ghost Rider: Spirit of Vengeance (2012),Action|Fantasy|Thriller
10007,93040,"Civil War, The (1990)",Documentary|War
10008,93242,Gone (2012),Drama|Thriller
10009,93265,Courageous (2011),Drama
10010,93270,Project X (2012),Comedy
10011,93272,Dr. Seuss' The Lorax (2012),Animation|Fantasy|Musical|IMAX
10012,93287,"Big Year, The (2011)",Comedy
10013,93297,Act of Valor (2012),Action|Thriller|War
10014,93326,This Means War (2012),Action|Comedy|Romance
10015,93363,John Carter (2012),Action|Adventure|Sci-Fi|IMAX
10016,93422,Starbuck (2011),Comedy
10017,93443,Goon (2011),Comedy|Drama
10018,93475,"Awakening, The (2011)",Horror|Thriller
10019,93498,Game Change (2012),Drama
10020,93510,21 Jump Street (2012),Action|Comedy|Crime
10021,93512,"Jeff, Who Lives at Home (2012)",Comedy|Drama
10022,93563,Lockout (2012),Action|Sci-Fi|Thriller
10023,93693,Casa de mi Padre (2012),Comedy
10024,93721,Jiro Dreams of Sushi (2011),Documentary
10025,93723,Damsels in Distress (2011),Comedy|Romance
10026,93740,Salmon Fishing in the Yemen (2011),Comedy|Drama|Romance
10027,93766,Wrath of the Titans (2012),Action|Adventure|Fantasy|IMAX
10028,93790,Detachment (2011),Drama
10029,93805,Iron Sky (2012),Action|Comedy|Sci-Fi
10030,93831,American Reunion (American Pie 4) (2012),Comedy
10031,93838,The Raid: Redemption (2011),Action|Crime
10032,93840,"Cabin in the Woods, The (2012)",Comedy|Horror|Sci-Fi|Thriller
10033,93855,God Bless America (2011),Comedy|Drama
10034,93892,Romantics Anonymous (Les émotifs anonymes) (2010),Comedy|Romance
10035,93933,Footnote (Hearat Shulayim) (2011),Drama
10036,93982,"Raven, The (2012)",Mystery|Thriller
10037,93988,North & South (2004),Drama|Romance
10038,94015,Mirror Mirror (2012),Adventure|Comedy|Fantasy
10039,94018,Battleship (2012),Action|Sci-Fi|Thriller|IMAX
10040,94070,"Best Exotic Marigold Hotel, The (2011)",Comedy|Drama
10041,94126,Bullhead (Rundskop) (2011),Crime|Drama
10042,94130,Bully (2011),Documentary
10043,94150,Hysteria (2011),Comedy|Romance
10044,94266,"Five-Year Engagement, The (2012)",Comedy|Romance
10045,94325,"Lucky One, The (2012)",Drama
10046,94405,Safe (2012),Action|Crime|Thriller
10047,94466,Black Mirror (2011),Drama|Sci-Fi
10048,94478,Dark Shadows (2012),Comedy|Horror|IMAX
10049,94677,"Dictator, The (2012)",Comedy
10050,94777,Men in Black III (M.III.B.) (M.I.B.³) (2012),Action|Comedy|Sci-Fi|IMAX
10051,94780,Snow White and the Huntsman (2012),Action|Adventure|Drama
10052,94799,Sound of My Voice (2011),Drama|Mystery|Sci-Fi
10053,94813,Chernobyl Diaries (2012),Horror
10054,94833,"Pirates! Band of Misfits, The (2012)",Adventure|Animation|Children|Comedy
10055,94864,Prometheus (2012),Action|Horror|Sci-Fi|IMAX
10056,94896,Bernie (2011),Comedy|Crime|Drama
10057,94931,Take This Waltz (2011),Drama|Romance
10058,94953,Wanderlust (2012),Comedy
10059,94959,Moonrise Kingdom (2012),Comedy|Drama|Romance
10060,94985,Get the Gringo (2012),Action|Crime|Drama|Thriller
10061,95058,Cosmopolis  (2012),Drama
10062,95067,"Thousand Words, A (2012)",Comedy|Drama
10063,95088,Safety Not Guaranteed (2012),Comedy|Drama
10064,95105,Madagascar 3: Europe's Most Wanted (2012),Adventure|Animation|Children|Comedy|IMAX
10065,95135,Your Sister's Sister (2011),Comedy|Drama
10066,95149,Superman/Batman: Public Enemies (2009),Action|Animation|Fantasy
10067,95167,Brave (2012),Action|Adventure|Animation|Children
10068,95199,What to Expect When You're Expecting (2012),Comedy|Drama|Romance
10069,95201,To Rome with Love (2012),Comedy
10070,95207,Abraham Lincoln: Vampire Hunter (2012),Action|Fantasy|Horror|Thriller
10071,95307,Rock of Ages (2012),Comedy|Drama|Musical|IMAX
10072,95309,Seeking a Friend for the End of the World (2012),Comedy|Drama|Romance
10073,95311,Presto (2008),Animation|Children|Comedy|Fantasy
10074,95313,Jack-Jack Attack (2005),Adventure|Animation|Children|Comedy
10075,95375,Boundin' (2003),Animation|Children
10076,95377,One Man Band (2005),Animation|Comedy|Musical
10077,95441,Ted (2012),Comedy|Fantasy
10078,95449,Magic Mike (2012),Drama|Romance
10079,95488,On the Road (2012),Adventure|Drama
10080,95510,"Amazing Spider-Man, The (2012)",Action|Adventure|Sci-Fi|IMAX
10081,95543,Ice Age 4: Continental Drift (2012),Adventure|Animation|Comedy
10082,95558,Beasts of the Southern Wild (2012),Drama|Fantasy
10083,95567,People Like Us (2012),Drama
10084,95583,Savages (2012),Crime|Drama|Thriller
10085,95654,Geri's Game (1997),Animation|Children
10086,95720,"Watch, The (2012)",Comedy|Sci-Fi
10087,95744,2 Days in New York (2012),Comedy
10088,95761,Killer Joe (2011),Crime|Thriller
10089,95856,Knick Knack (1989),Animation|Children
10090,95858,For the Birds (2000),Animation|Children|Comedy
10091,95873,Ruby Sparks (2012),Comedy|Fantasy|Romance
10092,95875,Total Recall (2012),Action|Sci-Fi|Thriller
10093,95939,"Angels' Share, The (2012)",Comedy|Drama
10094,96079,Skyfall (2012),Action|Adventure|Thriller|IMAX
10095,96110,"Campaign, The (2012)",Comedy
10096,96121,Hope Springs (2012),Comedy|Drama
10097,96150,"Queen of Versailles, The (2012)",Documentary
10098,96281,ParaNorman (2012),Adventure|Animation|Comedy
10099,96314,Celeste and Jesse Forever (Celeste & Jesse Forever) (2012),Comedy|Drama|Romance
10100,96367,Hit and Run (Hit & Run) (2012),Action|Comedy|Romance
10101,96417,Premium Rush (2012),Action|Thriller
10102,96430,"Odd Life of Timothy Green, The (2012)",Comedy|Drama|Fantasy
10103,96432,Lawless (2012),Crime|Drama
10104,96448,Piranha 3DD (a.k.a. Piranha DD) (2012),Comedy|Horror
10105,96467,Sleepwalk with Me (2012),Comedy|Drama
10106,96488,Searching for Sugar Man (2012),Documentary
10107,96490,"Possession, The (2012)",Horror|Thriller
10108,96565,Bachelorette (2012),Comedy
10109,96567,"Words, The (2012)",Drama|Romance
10110,96588,Pitch Perfect (2012),Comedy|Musical
10111,96606,Samsara (2011),Documentary
10112,96610,Looper (2012),Action|Crime|Sci-Fi
10113,96612,Compliance (2012),Drama|Thriller
10114,96616,That's My Boy (2012),Comedy
10115,96655,Robot & Frank (2012),Comedy|Drama|Sci-Fi
10116,96667,Ai Weiwei: Never Sorry (2012),Documentary
10117,96691,Resident Evil: Retribution (2012),Action|Horror|Sci-Fi|IMAX
10118,96693,Trouble with the Curve (2012),Drama
10119,96728,"Master, The (2012)",Drama
10120,96737,Dredd (2012),Action|Sci-Fi
10121,96751,Arbitrage (2012),Drama|Thriller
10122,96811,End of Watch (2012),Crime|Drama|Thriller
10123,96815,V/H/S (2012),Horror|Thriller
10124,96821,"Perks of Being a Wallflower, The (2012)",Drama|Romance
10125,96829,"Hunt, The (Jagten) (2012)",Drama
10126,96832,Holy Motors (2012),Drama|Fantasy|Musical|Mystery|Sci-Fi
10127,96857,Red Lights (2012),Drama|Mystery|Thriller
10128,96861,Taken 2 (2012),Action|Crime|Drama|Thriller
10129,96911,"Royal Affair, A (Kongelig affære, En) (2012)",Drama|Romance
10130,96917,House at the End of the Street (2012),Horror|Thriller
10131,96964,"Tall Man, The (2012)",Crime|Drama|Mystery
10132,96991,"Sapphires, The (2012)",Comedy|Drama|Musical
10133,97024,Rust and Bone (De rouille et d'os) (2012),Drama|Romance
10134,97057,Kon-Tiki (2012),Adventure|Documentary|Drama
10135,97168,Marley (2012),Documentary
10136,97172,Frankenweenie (2012),Animation|Comedy|Horror|IMAX
10137,97188,Sinister (2012),Horror|Thriller
10138,97225,Hotel Transylvania (2012),Animation|Children|Comedy
10139,97304,Argo (2012),Drama|Thriller
10140,97306,Seven Psychopaths (2012),Comedy|Crime
10141,97311,Butter (2011),Comedy
10142,97328,Liberal Arts (2012),Comedy|Drama
10143,97393,"House I Live In, The (2012)",Documentary
10144,97395,West of Memphis (2012),Documentary
10145,97673,56 Up (2012),Documentary
10146,97701,Paranormal Activity 4 (2012),Horror|IMAX
10147,97742,Alex Cross (2012),Action|Crime|Mystery|Thriller
10148,97752,Cloud Atlas (2012),Drama|Sci-Fi|IMAX
10149,97757,'Hellboy': The Seeds of Creation (2004),Action|Adventure|Comedy|Documentary|Fantasy
10150,97785,Silent Hill: Revelation 3D (2012),Horror|Mystery|Thriller
10151,97836,Here Comes the Boom (2012),Action|Comedy
10152,97860,Killing Them Softly (2012),Crime|Drama|Thriller
10153,97866,"Imposter, The (2012)",Documentary
10154,97870,"Sessions, The (Surrogate, The) (2012)",Drama
10155,97913,Wreck-It Ralph (2012),Animation|Comedy
10156,97921,Silver Linings Playbook (2012),Comedy|Drama
10157,97923,Flight (2012),Drama
10158,97936,Anna Karenina (2012),Drama
10159,97938,Life of Pi (2012),Adventure|Drama|IMAX
10160,97950,"Man with the Iron Fists, The (2012)",Action|Adventure|Crime
10161,98017,"Late Quartet, A (2012)",Drama
10162,98054,Stolen (2012),Action|Crime|Thriller
10163,98056,Amour (2012),Drama|Romance
10164,98122,Indie Game: The Movie (2012),Documentary
10165,98124,"Batman: The Dark Knight Returns, Part 1 (2012)",Action|Animation|Sci-Fi
10166,98154,Lincoln (2012),Drama|War
10167,98193,"Invisible War, The (2012)",Crime|Documentary|Drama|War
10168,98203,"Twilight Saga: Breaking Dawn - Part 2, The (2012)",Adventure|Drama|Fantasy|Romance|IMAX
10169,98239,Red Dawn (2012),Action|War
10170,98243,Rise of the Guardians (2012),Adventure|Animation|Fantasy|IMAX
10171,98296,Deadfall (2012),Crime|Drama|Thriller
10172,98361,Byzantium (2012),Drama|Fantasy|Thriller
10173,98373,Step Up Revolution (2012),Musical
10174,98491,Paperman (2012),Animation|Comedy|Romance
10175,98585,Hitchcock (2012),Drama
10176,98604,From Up on Poppy Hill (Kokuriko-zaka kara) (2011),Animation|Drama|Romance
10177,98809,"Hobbit: An Unexpected Journey, The (2012)",Adventure|Fantasy|IMAX
10178,98836,Hyde Park on Hudson (2012),Comedy|Drama
10179,98961,Zero Dark Thirty (2012),Action|Drama|Thriller
10180,99007,Warm Bodies (2013),Comedy|Horror|Romance
10181,99106,"Guilt Trip, The (2012)",Comedy
10182,99112,Jack Reacher (2012),Action|Crime|Thriller
10183,99114,Django Unchained (2012),Action|Drama|Western
10184,99117,This Is 40 (2012),Drama
10185,99145,"Impossible, The (Imposible, Lo) (2012)",Drama|Thriller
10186,99149,"Misérables, Les (2012)",Drama|Musical|Romance|IMAX
10187,99220,Quartet (2012),Comedy|Drama
10188,99437,John Dies at the End (2012),Comedy|Fantasy|Horror
10189,99468,"Central Park Five, The (2012)",Documentary
10190,99574,Promised Land (2012),Drama
10191,99728,Gangster Squad (2013),Action|Crime|Drama
10192,99741,"Company You Keep, The (2012)",Thriller
10193,99750,"Iceman, The (2012)",Crime|Drama|Thriller
10194,99813,"Batman: The Dark Knight Returns, Part 2 (2013)",Action|Animation
10195,99910,"Last Stand, The (2013)",Action|Crime|Thriller
10196,99912,Mama (2013),Horror
10197,99917,Upstream Color (2013),Romance|Sci-Fi|Thriller
10198,99957,Broken City (2013),Crime|Drama|Thriller
10199,100083,Movie 43 (2013),Comedy
10200,100106,"Pervert's Guide to Ideology, The (2012)",Documentary
10201,100108,Parker (2013),Crime|Thriller
10202,100159,Sightseers (2012),Comedy
10203,100163,Hansel & Gretel: Witch Hunters (2013),Action|Fantasy|Horror|IMAX
10204,100244,"East, The (2013)",Drama
10205,100302,Upside Down (2012),Drama|Romance|Sci-Fi
10206,100326,Stand Up Guys (2012),Comedy|Crime
10207,100344,No (2012),Drama
10208,100383,Side Effects (2013),Crime|Drama|Mystery|Thriller
10209,100390,Identity Thief (2013),Comedy|Crime
10210,100436,"Gatekeepers, The (2012)",Documentary
10211,100440,Lore (2012),Drama|Thriller|War
10212,100487,Beautiful Creatures (2013),Drama|Fantasy|Romance
10213,100498,"Good Day to Die Hard, A (2013)",Action|Crime|Thriller|IMAX
10214,100507,21 and Over (2013),Comedy
10215,100527,Safe Haven (2013),Drama|Mystery|Romance
10216,100556,"Act of Killing, The (2012)",Documentary
10217,100714,Before Midnight (2013),Drama|Romance
10218,100737,Snitch (2013),Action|Drama|Thriller
10219,100745,TPB AFK: The Pirate Bay Away from Keyboard (2013),Documentary
10220,100810,Dark Skies (2013),Horror|Sci-Fi|Thriller
10221,100843,Oh Boy (A Coffee in Berlin) (2012),Comedy|Drama
10222,101025,Jack the Giant Slayer (2013),Adventure|Fantasy|IMAX
10223,101076,G.I. Joe: Retaliation (2013),Action|Adventure|Sci-Fi|Thriller|IMAX
10224,101088,Stoker (2013),Drama|Mystery|Thriller
10225,101106,Sound City (2013),Documentary
10226,101112,Oz the Great and Powerful (2013),Action|Adventure|Fantasy|IMAX
10227,101137,Dead Man Down (2013),Action|Crime|Drama|Romance|Thriller
10228,101142,"Croods, The (2013)",Adventure|Animation|Comedy
10229,101281,I Give It a Year (2013),Comedy|Romance
10230,101283,"Incredible Burt Wonderstone, The (2013)",Comedy
10231,101285,Spring Breakers (2013),Comedy|Crime|Drama
10232,101360,"Call, The (2013)",Drama|Thriller
10233,101362,Olympus Has Fallen (2013),Action|Thriller
10234,101415,"First Time, The (2012)",Comedy|Drama|Romance
10235,101498,In the House (2012),Comedy|Drama|Mystery|Thriller
10236,101525,"Place Beyond the Pines, The (2012)",Crime|Drama
10237,101577,"Host, The (2013)",Action|Adventure|Romance
10238,101612,Admission (2013),Comedy|Romance
10239,101739,Evil Dead (2013),Horror
10240,101741,Trance (2013),Crime|Thriller
10241,101864,Oblivion (2013),Action|Adventure|Sci-Fi|IMAX
10242,101895,42 (2013),Drama
10243,101962,Wolf Children (Okami kodomo no ame to yuki) (2012),Animation|Fantasy
10244,101973,Disconnect (2012),Drama|Thriller
10245,101997,Scary Movie 5 (Scary MoVie) (2013),Comedy
10246,102033,Pain & Gain (2013),Action|Comedy|Crime
10247,102084,Justice League: Doom (2012),Action|Animation|Fantasy
10248,102088,"Grandmaster, The (Yi dai zong shi) (2013)",Action|Drama|IMAX
10249,102123,This Is the End (2013),Action|Comedy
10250,102125,Iron Man 3 (2013),Action|Sci-Fi|Thriller|IMAX
10251,102194,Mud (2012),Adventure|Crime|Drama
10252,102217,Bill Hicks: Revelations (1993),Comedy
10253,102407,"Great Gatsby, The (2013)",Drama
10254,102445,Star Trek Into Darkness (2013),Action|Adventure|Sci-Fi|IMAX
10255,102481,"Internship, The (2013)",Comedy
10256,102588,Stories We Tell (2012),Documentary
10257,102684,Only God Forgives (2013),Drama|Thriller
10258,102686,"Hangover Part III, The (2013)",Comedy
10259,102716,"Fast & Furious 6 (Fast and the Furious 6, The) (2013)",Action|Crime|Thriller|IMAX
10260,102720,Epic (2013),Adventure|Animation|Fantasy
10261,102753,"Past, The (Le passé) (2013)",Drama|Mystery|Romance
10262,102792,"Broken Circle Breakdown, The (2012)",Drama
10263,102800,Frances Ha (2012),Comedy|Drama
10264,102819,Behind the Candelabra (2013),Drama
10265,102880,After Earth (2013),Action|Adventure|Sci-Fi|IMAX
10266,102903,Now You See Me (2013),Crime|Mystery|Thriller
10267,102905,Lovelace (2013),Drama
10268,102993,"Way, Way Back, The (2013)",Comedy|Drama
10269,103027,Much Ado About Nothing (2012),Comedy|Drama|Romance
10270,103042,Man of Steel (2013),Action|Adventure|Fantasy|Sci-Fi|IMAX
10271,103048,"Kings of Summer, The (2013)",Comedy
10272,103055,"Big Wedding, The (2013)",Comedy
10273,103075,"Purge, The (2013)",Crime|Horror|Thriller
10274,103107,20 Feet from Stardom (Twenty Feet from Stardom) (2013),Documentary
10275,103137,"Bling Ring, The (2013)",Crime|Drama
10276,103141,Monsters University (2013),Adventure|Animation|Comedy
10277,103228,Pacific Rim (2013),Action|Adventure|Sci-Fi|IMAX
10278,103235,"Best Offer, The (Migliore offerta, La) (2013)",Thriller
10279,103249,World War Z (2013),Action|Drama|Horror|IMAX
10280,103253,Elysium (2013),Action|Drama|Sci-Fi|IMAX
10281,103279,What Maisie Knew (2012),Drama
10282,103306,Europa Report (2013),Sci-Fi|Thriller
10283,103315,Odd Thomas (2013),Drama|Fantasy|Mystery|Thriller
10284,103335,Despicable Me 2 (2013),Animation|Children|Comedy|IMAX
10285,103339,White House Down (2013),Action|Drama|Thriller|IMAX
10286,103341,"World's End, The (2013)",Action|Comedy|Sci-Fi
10287,103366,Redemption (Hummingbird) (2013),Action|Crime|Thriller
10288,103372,"Heat, The (2013)",Action|Comedy|Crime
10289,103384,"Lone Ranger, The (2013)",Action|Adventure|Western|IMAX
10290,103539,The Spectacular Now (2013),Comedy|Drama|Romance
10291,103554,"Hijacking, A (Kapringen) (2012)",Drama|Thriller
10292,103596,Sharknado (2013),Sci-Fi
10293,103606,Stuck in Love (2012),Comedy|Drama|Romance
10294,103624,Fruitvale Station (2013),Drama
10295,103655,R.I.P.D. (2013),Action|Comedy|Fantasy
10296,103659,Justice League: The Flashpoint Paradox (2013),Action|Adventure|Animation|Fantasy|Sci-Fi
10297,103688,"Conjuring, The (2013)",Horror|Thriller
10298,103727,"Colony, The (2013)",Action|Horror|Sci-Fi|Thriller
10299,103755,Turbo (2013),Adventure|Animation|Children|Comedy|Fantasy
10300,103772,"Wolverine, The (2013)",Action|Adventure|Fantasy|Sci-Fi
10301,103801,Drinking Buddies (2013),Comedy|Drama|Romance
10302,103810,Red 2 (2013),Action|Comedy|Crime|Thriller
10303,103883,2 Guns (2013),Action|Comedy|Crime
10304,103980,Blue Jasmine (2013),Drama
10305,103984,"Great Beauty, The (Grande Bellezza, La) (2013)",Comedy|Drama
10306,104069,Louis C.K.: Oh My God (2013),Comedy
10307,104074,Percy Jackson: Sea of Monsters (2013),Adventure|Children|Fantasy
10308,104078,Alan Partridge: Alpha Papa (2013),Comedy
10309,104211,We're the Millers (2013),Comedy|Crime
10310,104218,Grown Ups 2 (2013),Comedy
10311,104241,Kick-Ass 2 (2013),Action|Comedy|Crime
10312,104243,Riddick (2013),Action|Sci-Fi|Thriller|IMAX
10313,104245,Planes (2013),Adventure|Animation|Comedy
10314,104272,Blackfish (2013),Documentary
10315,104283,"Wind Rises, The (Kaze tachinu) (2013)",Animation|Drama|Romance
10316,104303,Jobs (2013),Drama
10317,104312,"Mortal Instruments: City of Bones, The (2013)",Action|Adventure|Drama|IMAX
10318,104337,Lee Daniels' The Butler (2013),Drama
10319,104339,In a World... (2013),Comedy
10320,104374,About Time (2013),Drama|Fantasy|Romance
10321,104441,"Frozen Ground, The (2013)",Crime|Drama|Thriller
10322,104457,You're Next (2011),Horror|Thriller
10323,104841,Gravity (2013),Action|Sci-Fi|IMAX
10324,104863,What If (2013),Comedy|Drama|Romance
10325,104879,Prisoners (2013),Drama|Mystery|Thriller
10326,104881,"Out of the Furnace (Dust to Dust) (Low Dweller, The) (2013)",Drama|Thriller
10327,104908,Insidious: Chapter 2 (2013),Horror|Thriller
10328,104913,Rush (2013),Action|Drama
10329,104925,"Family, The (2013)",Action|Comedy|Crime
10330,104944,Short Term 12 (2013),Drama
10331,105037,"To Do List, The (2013)",Comedy
10332,105197,Nebraska (2013),Adventure|Drama
10333,105211,Enough Said (2013),Comedy|Drama|Romance
10334,105213,Don Jon (2013),Comedy|Drama|Romance
10335,105351,Runner Runner (2013),Crime|Drama|Thriller
10336,105355,Blue Is the Warmest Color (La vie d'Adèle) (2013),Drama|Romance
10337,105468,Cloudy with a Chance of Meatballs 2 (2013),Animation|Children|Comedy|Fantasy
10338,105504,Captain Phillips (2013),Adventure|Drama|Thriller|IMAX
10339,105585,Machete Kills (Machete 2) (2013),Action|Crime|Thriller
10340,105593,Filth (2013),Comedy|Crime|Drama
10341,105653,Escape Plan (2013),Action|Mystery|Thriller
10342,105731,Carrie (2013),Drama|Horror
10343,105755,"Counselor, The (2013)",Crime|Drama|Thriller
10344,105835,"Double, The (2013)",Comedy|Drama|Thriller
10345,105844,12 Years a Slave (2013),Drama
10346,105869,Kill Your Darlings (2013),Crime|Drama|Romance|Thriller
10347,105954,All Is Lost (2013),Action|Adventure|Drama
10348,106002,Ender's Game (2013),Action|Adventure|Sci-Fi|IMAX
10349,106022,Toy Story of Terror (2013),Animation|Children|Comedy
10350,106030,"Last Days on Mars, The (2013)",Horror|Sci-Fi
10351,106062,Jackass Presents: Bad Grandpa (2013),Comedy
10352,106072,Thor: The Dark World (2013),Action|Adventure|Fantasy|IMAX
10353,106100,Dallas Buyers Club (2013),Drama
10354,106195,How I Live Now (2013),Action|Drama|Thriller
10355,106330,Last Vegas (2013),Comedy|Drama|Romance
10356,106438,Philomena (2013),Comedy|Drama
10357,106441,"Book Thief, The (2013)",Children|Drama|War
10358,106452,Ida (2013),Drama
10359,106487,"Hunger Games: Catching Fire, The (2013)",Action|Adventure|Sci-Fi|IMAX
10360,106489,"Hobbit: The Desolation of Smaug, The (2013)",Adventure|Fantasy|IMAX
10361,106491,47 Ronin (2013),Action|Adventure|Fantasy
10362,106540,Delivery Man (2013),Comedy
10363,106642,"Day of the Doctor, The (2013)",Adventure|Drama|Sci-Fi
10364,106696,Frozen (2013),Adventure|Animation|Comedy|Fantasy|Musical|Romance
10365,106766,Inside Llewyn Davis (2013),Drama
10366,106782,"Wolf of Wall Street, The (2013)",Comedy|Crime|Drama
10367,106785,Homefront (2013),Action|Crime|Thriller
10368,106841,August: Osage County (2013),Comedy|Drama
10369,106889,Tim's Vermeer (2013),Documentary
10370,106916,American Hustle (2013),Crime|Drama
10371,106918,"Secret Life of Walter Mitty, The (2013)",Adventure|Comedy|Drama
10372,106920,Her (2013),Drama|Romance|Sci-Fi
10373,107069,Lone Survivor (2013),Action|Drama|Thriller|War
10374,107141,Saving Mr. Banks (2013),Comedy|Drama
10375,107314,Oldboy (2013),Action|Drama|Mystery
10376,107348,Anchorman 2: The Legend Continues (2013),Comedy
10377,107406,Snowpiercer (2013),Action|Drama|Sci-Fi
10378,107771,Only Lovers Left Alive (2013),Drama|Horror|Romance
10379,107883,The Lunchbox (2013),Drama|Romance
10380,107978,"Like Father, Like Son (Soshite chichi ni naru) (2013)",Drama
10381,107980,"Railway Man, The (2013)",Drama
10382,108156,Ride Along (2014),Action|Comedy
10383,108188,Jack Ryan: Shadow Recruit (2014),Action|Drama|Thriller|IMAX
10384,108190,Divergent (2014),Adventure|Romance|Sci-Fi|IMAX
10385,108192,Hotel Chevalier (Part 1 of 'The Darjeeling Limited') (2007),Drama
10386,108501,Justice League: War (2014),Action|Adventure|Animation|Fantasy|Sci-Fi
10387,108548,"Big Bang Theory, The (2007-)",Comedy
10388,108583,Fawlty Towers (1975-1979),Comedy
10389,108689,"I, Frankenstein (2014)",Action|Fantasy|Sci-Fi|IMAX
10390,108709,Generation Kill (2008),Drama|War
10391,108727,Nymphomaniac: Volume I (2013),Drama
10392,108729,Enemy (2013),Mystery|Thriller
10393,108780,Labor Day (2013),Drama|Romance
10394,108928,"Monuments Men, The (2014)",Action|Drama|War
10395,108932,The Lego Movie (2014),Action|Adventure|Animation|Children|Comedy|Fantasy
10396,108945,RoboCop (2014),Action|Crime|Sci-Fi|IMAX
10397,108979,Cowboy Bebop (1998),Action|Adventure|Animation|Crime|Sci-Fi
10398,108981,Nymphomaniac: Volume II (2013),Drama|Mystery
10399,108983,La Luna (2011),Animation
10400,109187,"Zero Theorem, The (2013)",Drama|Fantasy|Sci-Fi
10401,109191,Winter's Tale (2014),Drama|Fantasy|Mystery
10402,109243,Joe (2013),Drama
10403,109374,"Grand Budapest Hotel, The (2014)",Comedy|Drama
10404,109483,That Awkward Moment (2014),Comedy|Romance
10405,109487,Interstellar (2014),Sci-Fi|IMAX
10406,109569,3 Days to Kill (2014),Action|Crime|Drama
10407,109578,Non-Stop (2014),Action|Mystery|Thriller
10408,109673,300: Rise of an Empire (2014),Action|Drama|War|IMAX
10409,109740,Obvious Child (2014),Comedy|Romance
10410,109846,Mr. Peabody & Sherman (2014),Adventure|Animation|Comedy
10411,109848,Under the Skin (2013),Horror|Sci-Fi|Thriller
10412,109850,Need for Speed (2014),Action|Crime|Drama|IMAX
10413,109864,Veronica Mars (2014),Comedy|Crime|Drama
10414,109895,Bad Words (2013),Comedy
10415,110102,Captain America: The Winter Soldier (2014),Action|Adventure|Sci-Fi|IMAX
10416,110127,Noah (2014),Adventure|Drama|IMAX
10417,110297,Muppets Most Wanted (2014),Adventure|Comedy|Crime
10418,110407,"Machine, The (2013)",Sci-Fi|Thriller
10419,110453,Draft Day (2014),Drama
10420,110501,The Raid 2: Berandal (2014),Action|Crime|Thriller
10421,110553,The Amazing Spider-Man 2 (2014),Action|Sci-Fi|IMAX
10422,110586,Calvary (2014),Comedy|Drama
10423,110591,Oculus (2013),Horror
10424,110655,Rio 2 (2014),Adventure|Animation|Children|Comedy
10425,110730,Transcendence (2014),Drama|Sci-Fi|IMAX
10426,110771,"Other Woman, The (2014)",Comedy|Romance
10427,110882,Locke (2013),Drama
10428,110968,Pompeii (2014),Action|Adventure|Drama
10429,111113,Neighbors (2014),Comedy
10430,111235,Jodorowsky's Dune (2013),Documentary|Sci-Fi
10431,111249,Belle (2013),Drama
10432,111360,Lucy (2014),Action|Sci-Fi
10433,111362,X-Men: Days of Future Past (2014),Action|Adventure|Sci-Fi
10434,111364,Godzilla (2014),Action|Adventure|Sci-Fi|IMAX
10435,111384,Blue Ruin (2013),Thriller
10436,111443,Chef (2014),Comedy
10437,111617,Blended (2014),Comedy
10438,111622,Begin Again (2013),Comedy|Romance
10439,111659,Maleficent (2014),Action|Adventure|Children|IMAX
10440,111743,"Million Ways to Die in the West, A (2014)",Comedy|Western
10441,111759,Edge of Tomorrow (2014),Action|Sci-Fi|IMAX
10442,111921,The Fault in Our Stars (2014),Drama|Romance
10443,112006,Tangled Ever After (2012),Action|Animation|Children
10444,112138,22 Jump Street (2014),Action|Comedy|Crime
10445,112171,"Equalizer, The (2014)",Action|Crime|Thriller
10446,112175,How to Train Your Dragon 2 (2014),Action|Adventure|Animation
10447,112183,Birdman (2014),Comedy|Drama
10448,112290,Boyhood (2014),Drama
10449,112316,Jersey Boys (2014),Drama|Musical
10450,112370,Transformers: Age of Extinction (2014),Action|Adventure|Sci-Fi
10451,112421,Frank (2014),Comedy|Drama|Mystery
10452,112515,"Babadook, The (2014)",Drama|Horror|Thriller
10453,112552,Whiplash (2014),Drama
10454,112556,Gone Girl (2014),Drama|Thriller
10455,112582,Life Itself (2014),Documentary
10456,112623,Dawn of the Planet of the Apes (2014),Sci-Fi
10457,112788,Sex Tape (2014),Comedy
10458,112804,I Origins (2014),Drama|Sci-Fi
10459,112818,"Purge: Anarchy, The (2014)",Action|Horror|Thriller
10460,112852,Guardians of the Galaxy (2014),Action|Adventure|Sci-Fi
10461,112868,"Signal, The (2014)",Sci-Fi|Thriller
10462,112897,"Expendables 3, The (2014)",Action|Adventure
10463,112911,Hercules (2014),Action|Adventure
10464,112940,"Most Wanted Man, A (2014)",Thriller
10465,113225,Magic in the Moonlight (2014),Comedy|Drama|Romance
10466,113275,"Hundred-Foot Journey, The (2014)",Drama
10467,113345,Jupiter Ascending (2015),Action|Adventure|Sci-Fi
10468,113348,Teenage Mutant Ninja Turtles (2014),Action|Adventure|Comedy
10469,113378,"Giver, The (2014)",Drama|Sci-Fi
10470,113453,Let's Be Cops (2014),Comedy|Crime
10471,113573,Sin City: A Dame to Kill For (2014),Action|Crime|Thriller
10472,113604,If I Stay (2014),Drama
10473,113705,"Two Days, One Night (Deux jours, une nuit) (2014)",Drama
10474,113741,Coherence (2013),Drama|Mystery|Sci-Fi|Thriller
10475,113829,"One I Love, The (2014)",Comedy|Drama|Romance
10476,113862,"Guest, The (2014)",Thriller
10477,114007,Before I Go to Sleep (2014),Mystery|Thriller
10478,114028,Pride (2014),Comedy|Drama
10479,114060,"Drop, The (2014)",Crime|Drama|Thriller
10480,114074,"Skeleton Twins, The (2014)",Drama
10481,114180,"Maze Runner, The (2014)",Action|Mystery|Sci-Fi
10482,114246,"Walk Among the Tombstones, A (2014)",Action|Crime|Mystery|Thriller
10483,114342,Force Majeure (Turist) (2014),Drama
10484,114552,"Boxtrolls, The (2014)",Adventure|Animation|Children|Comedy|Fantasy
10485,114601,This Is Where I Leave You (2014),Comedy|Drama
10486,114662,American Sniper (2014),Action|War
10487,114707,Horns (2014),Horror|Mystery
10488,114713,Annabelle (2014),Horror
10489,114795,Dracula Untold (2014),Action|Drama|Fantasy
10490,114847,Autómata (Automata) (2014),Sci-Fi|Thriller
10491,114935,Predestination (2014),Sci-Fi|Thriller
10492,115122,What We Do in the Shadows (2014),Comedy|Horror
10493,115149,John Wick (2014),Action|Thriller
10494,115170,"Judge, The (2014)",Drama
10495,115210,Fury (2014),Action|Drama|War
10496,115231,St. Vincent (2014),Comedy
10497,115569,Nightcrawler (2014),Crime|Drama|Thriller
10498,115617,Big Hero 6 (2014),Action|Animation|Comedy
10499,115664,"Book of Life, The (2014)",Adventure|Animation|Romance
10500,116138,Leviathan (2014),Drama
10501,116161,Foxcatcher (2014),Drama
10502,116797,The Imitation Game (2014),Drama|Thriller
10503,116799,Inherent Vice (2014),Comedy|Crime|Drama|Mystery|Romance
10504,116823,The Hunger Games: Mockingjay - Part 1 (2014),Adventure|Sci-Fi|Thriller
10505,116887,Exodus: Gods and Kings (2014),Action|Adventure|Drama
10506,116977,Dumb and Dumber To (2014),Comedy
10507,117176,"Theory of Everything, The (2014)",Drama|Romance
10508,117533,Citizenfour (2014),Documentary
10509,117590,Horrible Bosses 2 (2014),Comedy|Crime
10510,117851,Penguins of Madagascar (2014),Adventure|Animation|Children|Comedy
10511,117881,Still Alice (2014),Drama
10512,117887,Paddington (2014),Children|Comedy
10513,118696,The Hobbit: The Battle of the Five Armies (2014),Adventure|Fantasy
10514,118700,Selma (2014),Drama
10515,118702,Unbroken (2014),Drama|War
10516,118900,Wild (2014),Drama
10517,118985,Big Eyes (2014),Drama
10518,118997,Into the Woods (2014),Children|Comedy|Fantasy|Musical
10519,119141,The Interview (2014),Action|Comedy
10520,119145,Kingsman: The Secret Service (2015),Action|Adventure|Comedy|Crime
10521,119155,Night at the Museum: Secret of the Tomb (2014),Adventure|Children|Comedy|Fantasy
10522,120635,Taken 3 (2015),Action|Crime|Thriller
10523,125916,Fifty Shades of Grey (2015),Drama
